fly,generation,born_block,price,care,stud,egg_ask,claimed,orchard,season,feed,price_usdc,care_usdc,stud_usdc,egg_ask_usdc,claimed_usdc,orchard_usdc,season_usdc,feed_usdc
1,0,22821848,200000.0,8500.0,0.0,4800.0,354224.483487,0.0,0.0,0.0,40.486013,1.805326,0.0,0.378343,76.904105,0.0,0.0,0.0
2,0,22823512,200000.0,8000.0,0.0,0.0,307365.413424,0.0,0.0,0.0,41.554244,1.356473,0.0,0.0,84.162512,0.0,0.0,0.0
3,0,22824758,200000.0,16000.0,0.0,0.0,281770.070597,0.0,0.0,0.0,46.58594,3.572382,0.0,0.0,80.624902,0.0,0.0,0.0
4,0,22824964,200000.0,74000.0,0.0,0.0,370563.807757,1119.919963,0.0,100.0,46.58594,13.442761,0.0,0.0,93.711473,0.088218,0.0,0.013256
5,0,22825012,200000.0,12000.0,0.0,0.0,249043.364286,0.0,0.0,0.0,46.58594,2.328416,0.0,0.0,70.642203,0.0,0.0,0.0
6,0,22825065,200000.0,24500.0,0.0,1800.0,258874.222747,1119.919963,0.0,0.0,46.58594,4.061472,0.0,0.21519,72.827173,0.088218,0.0,0.0
7,0,22825141,200000.0,1000.0,0.0,0.0,228993.225456,0.0,0.0,0.0,46.58594,0.249382,0.0,0.0,48.565724,0.0,0.0,0.0
8,0,22825164,200000.0,12000.0,0.0,0.0,221639.669703,0.0,0.0,0.0,45.637164,2.310029,0.0,0.0,62.160714,0.0,0.0,0.0
9,0,22825216,200000.0,19000.0,0.0,0.0,221509.123189,739.906112,0.0,0.0,45.666604,2.861497,0.0,0.0,61.706908,0.041172,0.0,0.0
10,0,22825267,200000.0,2500.0,0.0,0.0,208260.987297,0.0,0.0,0.0,45.666604,0.497199,0.0,0.0,44.401763,0.0,0.0,0.0
11,0,22825372,200000.0,500.0,7200.0,4800.0,364285.802096,979.449596,0.0,0.0,45.493921,0.074685,0.978403,0.717336,24.768531,0.066595,0.0,0.0
12,0,22825381,200000.0,19000.0,0.0,0.0,207400.384,609.058586,0.0,100.0,45.493921,3.117988,0.0,0.0,43.109103,0.054915,0.0,0.007197
13,0,22825409,200000.0,6500.0,0.0,0.0,191251.133038,0.0,0.0,0.0,45.493921,1.45761,0.0,0.0,32.731779,0.0,0.0,0.0
14,0,22825463,200000.0,15000.0,0.0,0.0,203701.11825,0.0,0.0,0.0,45.493921,2.621732,0.0,0.0,51.147589,0.0,0.0,0.0
15,0,22825588,200000.0,27000.0,5400.0,1800.0,213560.09053,1308.963487,0.0,0.0,45.493921,5.403121,0.513018,0.203542,52.251133,0.242204,0.0,0.0
16,0,22825683,200000.0,8000.0,0.0,0.0,182737.307707,0.0,0.0,0.0,45.493921,1.435267,0.0,0.0,45.884739,0.0,0.0,0.0
17,0,22825711,200000.0,1000.0,0.0,0.0,178997.805631,0.0,0.0,0.0,45.493921,0.231365,0.0,0.0,30.264158,0.0,0.0,0.0
18,0,22825819,200000.0,8000.0,0.0,0.0,175715.751596,0.0,0.0,0.0,45.499257,1.435374,0.0,0.0,43.766734,0.0,0.0,0.0
19,0,22825913,200000.0,2500.0,0.0,0.0,172323.144531,0.0,0.0,0.0,45.499257,0.685148,0.0,0.0,28.982845,0.0,0.0,0.0
20,0,22826018,200000.0,32500.0,0.0,0.0,195087.818162,0.0,0.0,0.0,45.499257,5.352584,0.0,0.0,52.202893,0.0,0.0,0.0
21,0,22826018,200000.0,1500.0,0.0,0.0,167868.321649,0.0,0.0,0.0,45.499257,0.375026,0.0,0.0,27.958378,0.0,0.0,0.0
22,0,22826382,200000.0,11500.0,0.0,0.0,177198.602991,0.0,0.0,0.0,45.639219,3.089031,0.0,0.0,49.289663,0.0,0.0,0.0
23,0,22826735,200000.0,41500.0,0.0,0.0,246803.102329,1308.963487,0.0,0.0,45.626095,8.495503,0.0,0.0,61.440145,0.130207,0.0,0.0
24,0,22828551,200000.0,21000.0,0.0,0.0,168039.003888,0.0,0.0,135.0,59.048107,5.80634,0.0,0.0,45.535537,0.0,0.0,0.04601
25,0,22829062,200000.0,9500.0,0.0,0.0,167314.116927,0.0,0.0,0.0,64.446325,2.786604,0.0,0.0,46.432547,0.0,0.0,0.0
26,0,22829612,200000.0,49000.0,0.0,0.0,217192.351177,1588.508183,0.0,0.0,62.351903,9.049629,0.0,0.0,53.389593,0.156796,0.0,0.0
27,0,22830098,200000.0,212000.0,6300.0,0.0,465079.739092,2378.82606,0.0,385.0,67.852868,35.838611,0.693589,0.0,68.535332,0.310176,0.0,0.046115
28,0,22830217,200000.0,9500.0,0.0,0.0,151312.010851,805.013316,0.0,0.0,67.075338,1.413265,0.0,0.0,43.488191,0.058629,0.0,0.0
29,0,22830343,200000.0,8000.0,0.0,0.0,148959.231742,0.0,0.0,0.0,68.497836,2.561314,0.0,0.0,43.609799,0.0,0.0,0.0
30,0,22830421,200000.0,29500.0,0.0,0.0,163975.346106,805.013316,0.0,0.0,68.497836,5.724894,0.0,0.0,43.461109,0.063221,0.0,0.0
31,0,22830576,200000.0,39500.0,0.0,0.0,190099.195385,1308.963487,0.0,2025.0,64.944939,6.077853,0.0,0.0,50.538542,0.125824,0.0,0.187826
32,0,22830590,200000.0,0.0,0.0,0.0,0.0,0.0,0.0,0.0,64.944939,0.0,0.0,0.0,0.0,0.0,0.0,0.0
33,0,22830738,200000.0,5500.0,0.0,0.0,141067.520052,0.0,0.0,0.0,65.054247,1.582899,0.0,0.0,38.175885,0.0,0.0,0.0
34,0,22831256,200000.0,4500.0,0.0,0.0,132711.910897,0.0,0.0,0.0,56.596566,1.240075,0.0,0.0,36.948443,0.0,0.0,0.0
35,0,22831816,200000.0,8000.0,0.0,0.0,133198.785048,0.0,0.0,0.0,59.834268,1.922293,0.0,0.0,23.02051,0.0,0.0,0.0
36,0,22832000,200000.0,25500.0,0.0,0.0,139773.947097,0.0,0.0,0.0,61.989488,6.043591,0.0,0.0,42.801694,0.0,0.0,0.0
37,0,22832055,200000.0,21500.0,0.0,0.0,134258.243957,0.0,0.0,0.0,62.024225,5.917755,0.0,0.0,36.866271,0.0,0.0,0.0
38,0,22832148,200000.0,15500.0,0.0,0.0,134623.952597,1308.963487,0.0,10.0,62.081538,4.208245,0.0,0.0,35.960431,0.460992,0.0,0.000827
39,0,22832349,200000.0,4000.0,0.0,0.0,110622.288871,0.0,0.0,0.0,59.591639,1.279209,0.0,0.0,33.593469,0.0,0.0,0.0
40,0,22832566,200000.0,6500.0,0.0,0.0,126068.083811,0.0,0.0,0.0,61.619034,1.99133,0.0,0.0,36.208593,0.0,0.0,0.0
41,0,22832625,200000.0,17000.0,0.0,0.0,127735.839059,0.0,0.0,45.0,63.328296,5.389378,0.0,0.0,35.041055,0.0,0.0,0.019649
42,0,22833209,200000.0,30500.0,8100.0,0.0,140452.508395,3771.370048,0.0,270.0,63.259727,5.30434,1.045966,0.0,37.255088,0.593657,0.0,0.033983
43,0,22833253,200000.0,15500.0,0.0,0.0,133914.421235,1018.23968,0.0,25.0,63.064486,3.352587,0.0,0.0,35.990372,0.080413,0.0,0.003735
44,0,22833328,200000.0,102000.0,0.0,0.0,202679.568343,1119.919963,0.0,10.0,63.064486,23.513367,0.0,0.0,41.986702,0.119349,0.0,0.001161
45,0,22833392,200000.0,9000.0,0.0,0.0,117619.121644,0.0,0.0,0.0,63.007959,2.690749,0.0,0.0,31.046795,0.0,0.0,0.0
46,0,22833588,200000.0,0.0,0.0,0.0,0.0,0.0,0.0,0.0,66.478434,0.0,0.0,0.0,0.0,0.0,0.0,0.0
47,0,22834648,200000.0,10000.0,0.0,60000.0,118868.112528,1308.963487,0.0,0.0,58.095533,2.523298,0.0,4.971282,31.403743,0.460992,0.0,0.0
48,0,22834775,200000.0,20000.0,0.0,0.0,9177.404822,0.0,0.0,0.0,58.116845,5.966808,0.0,0.0,1.384016,0.0,0.0,0.0
49,0,22835056,200000.0,0.0,0.0,0.0,109962.034275,0.0,0.0,0.0,59.057448,0.0,0.0,0.0,29.626742,0.0,0.0,0.0
50,0,22835203,200000.0,24500.0,0.0,0.0,120008.564033,0.0,0.0,0.0,59.003321,6.457318,0.0,0.0,29.883397,0.0,0.0,0.0
51,0,22835229,200000.0,8500.0,0.0,0.0,111017.703842,0.0,0.0,0.0,59.003321,2.467524,0.0,0.0,27.541715,0.0,0.0,0.0
52,0,22835382,200000.0,18500.0,0.0,0.0,112875.690691,0.0,0.0,0.0,59.668083,4.164224,0.0,0.0,25.481471,0.0,0.0,0.0
53,0,22835386,200000.0,55500.0,0.0,0.0,147481.142624,1588.508183,0.0,0.0,59.668083,12.018689,0.0,0.0,37.116316,0.143027,0.0,0.0
54,0,22835414,200000.0,5500.0,0.0,0.0,109312.735813,0.0,0.0,0.0,59.668083,1.491614,0.0,0.0,29.158278,0.0,0.0,0.0
55,0,22835561,200000.0,82500.0,0.0,8400.0,161724.013375,3994.862163,0.0,5170.0,56.592392,15.121468,0.0,0.994479,37.676274,0.405462,0.0,0.569857
56,0,22835596,200000.0,5500.0,0.0,0.0,106898.118651,0.0,0.0,0.0,57.34252,1.475865,0.0,0.0,28.52341,0.0,0.0,0.0
57,0,22835626,200000.0,22500.0,0.0,0.0,107762.076658,0.0,0.0,0.0,57.34252,4.279564,0.0,0.0,24.497311,0.0,0.0,0.0
58,0,22835642,200000.0,0.0,0.0,0.0,98849.754686,0.0,0.0,0.0,57.34252,0.0,0.0,0.0,26.146354,0.0,0.0,0.0
59,0,22835867,200000.0,31500.0,0.0,0.0,118697.531852,1119.919963,0.0,0.0,58.049953,8.458697,0.0,0.0,29.127559,0.119349,0.0,0.0
60,0,22836074,200000.0,21000.0,0.0,0.0,109998.376436,3994.862163,0.0,0.0,59.192623,5.098035,0.0,0.0,29.747568,0.359693,0.0,0.0
61,0,22836193,200000.0,47000.0,0.0,0.0,122727.812659,1588.508183,0.0,0.0,59.868302,12.709624,0.0,0.0,33.240552,0.143027,0.0,0.0
62,0,22836367,200000.0,48500.0,0.0,0.0,159208.721571,2390.626176,0.0,25.0,59.675506,8.552938,0.0,0.0,36.544522,0.231038,0.0,0.003147
63,0,22836493,200000.0,65000.0,0.0,0.0,121631.679235,488.533476,0.0,0.0,59.675506,15.549384,0.0,0.0,31.98966,0.04027,0.0,0.0
64,0,22836571,200000.0,2500.0,0.0,0.0,98879.14802,0.0,0.0,0.0,59.90642,0.552149,0.0,0.0,27.994299,0.0,0.0,0.0
65,0,22836626,200000.0,6000.0,0.0,0.0,94312.184148,0.0,0.0,0.0,59.90642,1.553478,0.0,0.0,25.527694,0.0,0.0,0.0
66,0,22836660,200000.0,2000.0,0.0,0.0,94621.496435,0.0,0.0,0.0,59.90642,0.48059,0.0,0.0,27.103254,0.0,0.0,0.0
67,0,22836764,200000.0,2000.0,0.0,0.0,93616.136635,0.0,0.0,0.0,60.558553,0.480603,0.0,0.0,26.798303,0.0,0.0,0.0
68,0,22836785,200000.0,40000.0,0.0,0.0,104751.632217,0.0,0.0,0.0,60.558553,9.970663,0.0,0.0,28.084278,0.0,0.0,0.0
69,0,22836813,200000.0,37500.0,0.0,0.0,110278.769738,1119.919963,0.0,0.0,60.576083,10.599071,0.0,0.0,26.965091,0.119349,0.0,0.0
70,0,22837041,200000.0,62500.0,0.0,0.0,111558.640315,488.533476,0.0,0.0,60.917323,15.735124,0.0,0.0,29.365629,0.04027,0.0,0.0
71,0,22837280,200000.0,5500.0,0.0,0.0,89709.371739,0.0,0.0,0.0,61.572103,1.560605,0.0,0.0,23.617549,0.0,0.0,0.0
72,0,22837353,200000.0,5500.0,0.0,0.0,88766.808916,0.0,0.0,0.0,62.087671,1.570916,0.0,0.0,23.381841,0.0,0.0,0.0
73,0,22837416,200000.0,5500.0,0.0,0.0,87838.657042,0.0,0.0,0.0,62.087671,1.570916,0.0,0.0,23.159831,0.0,0.0,0.0
74,0,22837549,200000.0,32000.0,0.0,0.0,94483.573871,981.936625,0.0,135.0,63.134849,8.237719,0.0,0.0,22.071325,0.291429,0.0,0.009056
75,0,22837973,200000.0,2500.0,0.0,0.0,81655.885955,1588.508183,0.0,10.0,69.500305,0.834429,0.0,0.0,22.69672,0.529362,0.0,0.00334
76,0,22837996,200000.0,95000.0,0.0,0.0,175894.074614,1633.580218,0.0,0.0,69.500305,15.600092,0.0,0.0,35.772008,0.220294,0.0,0.0
77,0,22838173,200000.0,140500.0,9000.0,0.0,283540.988403,4291.826885,0.0,325.0,69.188827,21.672996,0.562799,0.0,49.358066,0.600737,0.0,0.023196
78,0,22838219,200000.0,35500.0,0.0,0.0,130352.65024,2390.626176,0.0,0.0,69.188827,6.551304,0.0,0.0,29.539903,0.231038,0.0,0.0
79,0,22838515,200000.0,94000.0,0.0,0.0,137509.932546,1633.580218,0.0,0.0,66.408129,16.28561,0.0,0.0,30.132724,0.220294,0.0,0.0
80,0,22838617,200000.0,8500.0,0.0,0.0,90205.546848,0.0,0.0,0.0,66.949816,2.363587,0.0,0.0,23.489713,0.0,0.0,0.0
81,0,22838676,200000.0,43500.0,0.0,0.0,143148.851088,1308.963487,0.0,0.0,66.949816,7.927135,0.0,0.0,31.115598,0.121988,0.0,0.0
82,0,22838838,200000.0,6000.0,0.0,0.0,79099.816187,0.0,0.0,0.0,66.949816,1.818619,0.0,0.0,22.431784,0.0,0.0,0.0
83,0,22838990,200000.0,18500.0,0.0,0.0,86617.578239,0.0,0.0,0.0,66.582438,5.546878,0.0,0.0,22.734513,0.0,0.0,0.0
84,0,22839020,200000.0,2000.0,0.0,0.0,79682.649191,0.0,0.0,0.0,66.582438,0.58129,0.0,0.0,13.299146,0.0,0.0,0.0
85,0,22839084,200000.0,5500.0,0.0,0.0,77574.537686,0.0,0.0,0.0,66.582438,1.660811,0.0,0.0,20.493069,0.0,0.0,0.0
86,0,22839111,200000.0,42000.0,0.0,0.0,126079.081242,2390.626176,0.0,0.0,66.582438,7.925798,0.0,0.0,27.789665,0.23597,0.0,0.0
87,0,22839141,200000.0,5500.0,0.0,0.0,75999.799073,0.0,0.0,0.0,66.582438,1.660811,0.0,0.0,20.101654,0.0,0.0,0.0
88,0,22839156,200000.0,4500.0,0.0,0.0,72417.602164,0.0,0.0,0.0,66.582438,0.876579,0.0,0.0,23.418322,0.0,0.0,0.0
89,0,22839202,200000.0,5500.0,0.0,0.0,74460.442256,0.0,0.0,0.0,66.582438,1.6515,0.0,0.0,19.718176,0.0,0.0,0.0
90,0,22839237,200000.0,51500.0,0.0,0.0,138201.797636,1588.508183,0.0,0.0,66.116877,9.448259,0.0,0.0,29.228861,0.156796,0.0,0.0
91,0,22839539,200000.0,5500.0,0.0,0.0,72954.336813,0.0,0.0,0.0,66.589904,1.649282,0.0,0.0,19.495412,0.0,0.0,0.0
92,0,22839566,200000.0,20000.0,540.0,180.0,74109.147689,981.936625,0.0,10.0,65.861163,4.550807,0.129949,0.068442,17.439624,0.291429,0.0,0.000671
93,0,22839620,200000.0,11500.0,0.0,0.0,75573.408642,0.0,0.0,0.0,65.861163,3.651068,0.0,0.0,20.236642,0.0,0.0,0.0
94,0,22839681,200000.0,27500.0,0.0,0.0,83373.710973,0.0,0.0,0.0,66.382602,7.720484,0.0,0.0,20.511379,0.0,0.0,0.0
95,0,22839776,200000.0,13000.0,0.0,0.0,75418.019255,0.0,0.0,0.0,66.382602,3.696548,0.0,0.0,18.498361,0.0,0.0,0.0
96,0,22839950,200000.0,3500.0,0.0,0.0,69323.143002,0.0,0.0,0.0,66.370524,0.995764,0.0,0.0,18.586025,0.0,0.0,0.0
97,0,22840040,200000.0,6000.0,0.0,0.0,67717.780772,0.0,0.0,0.0,66.304106,1.846007,0.0,0.0,19.000867,0.0,0.0,0.0
98,0,22840066,200000.0,4500.0,9000.0,0.0,65110.233626,2024.488934,0.0,0.0,66.304106,0.88149,0.991877,0.0,20.927671,0.147442,0.0,0.0
99,0,22840086,200000.0,5500.0,0.0,0.0,68809.695568,0.0,0.0,0.0,66.304106,1.388226,0.0,0.0,18.33961,0.0,0.0,0.0
100,0,22840179,200000.0,6000.0,0.0,0.0,70173.763499,0.0,0.0,0.0,66.304106,1.831162,0.0,0.0,18.753845,0.0,0.0,0.0
101,0,22840338,200000.0,4000.0,0.0,0.0,67452.208336,0.0,0.0,0.0,66.304106,1.168121,0.0,0.0,18.026435,0.0,0.0,0.0
102,0,22840705,200000.0,3500.0,0.0,0.0,65227.216572,0.0,0.0,0.0,66.482498,0.987327,0.0,0.0,17.24593,0.0,0.0,0.0
103,0,22840778,200000.0,3500.0,0.0,0.0,64568.887995,0.0,0.0,0.0,66.667323,0.980281,0.0,0.0,17.080485,0.0,0.0,0.0
104,0,22840781,200000.0,52500.0,0.0,0.0,87696.870389,0.0,0.0,0.0,66.667323,15.023217,0.0,0.0,23.427264,0.0,0.0,0.0
105,0,22840861,200000.0,3500.0,0.0,0.0,63271.507937,0.0,0.0,0.0,65.779612,0.978403,0.0,0.0,16.753534,0.0,0.0,0.0
106,0,22841124,200000.0,3500.0,0.0,0.0,62633.753623,0.0,0.0,0.0,63.041464,0.9529,0.0,0.0,16.610373,0.0,0.0,0.0
107,0,22841192,200000.0,3500.0,0.0,0.0,62001.445317,0.0,0.0,0.0,63.041464,0.9529,0.0,0.0,16.450778,0.0,0.0,0.0
108,0,22841262,200000.0,3500.0,0.0,0.0,61375.523051,0.0,0.0,0.0,62.289516,0.94538,0.0,0.0,16.292637,0.0,0.0,0.0
109,0,22841391,200000.0,3500.0,0.0,0.0,60752.493952,0.0,0.0,0.0,62.289516,0.94538,0.0,0.0,16.135204,0.0,0.0,0.0
110,0,22841447,200000.0,3500.0,0.0,0.0,60138.903456,0.0,0.0,0.0,62.289516,0.94538,0.0,0.0,15.980056,0.0,0.0,0.0
111,0,22841500,200000.0,5500.0,0.0,0.0,61575.445293,0.0,0.0,0.0,62.289516,1.566826,0.0,0.0,16.385922,0.0,0.0,0.0
112,0,22841957,200000.0,5000.0,0.0,0.0,58926.142173,0.0,0.0,0.0,61.828474,1.165348,0.0,0.0,16.285063,0.0,0.0,0.0
113,0,22842010,200000.0,3500.0,0.0,0.0,58329.788739,0.0,0.0,0.0,61.828474,0.94077,0.0,0.0,16.131602,0.0,0.0,0.0
114,0,22842084,200000.0,3500.0,0.0,0.0,57738.82273,0.0,0.0,0.0,61.828474,0.94077,0.0,0.0,15.979443,0.0,0.0,0.0
115,0,22843559,200000.0,28500.0,0.0,0.0,63719.744397,1308.963487,0.0,0.0,62.108786,4.995244,0.0,0.0,16.931746,0.121879,0.0,0.0
116,0,22843706,200000.0,24500.0,0.0,0.0,69390.878458,2024.488934,0.0,0.0,62.346578,5.216241,0.0,0.0,16.180228,0.158991,0.0,0.0
117,0,22844179,200000.0,2500.0,7200.0,9600.0,51563.948994,4811.225031,0.0,10.0,62.361503,0.373612,0.899032,1.069192,14.341703,1.603315,0.0,0.003328
118,0,22844272,200000.0,2000.0,0.0,0.0,55406.701824,0.0,0.0,0.0,62.361503,0.477759,0.0,0.0,15.392618,0.0,0.0,0.0
119,0,22844467,200000.0,2000.0,0.0,0.0,54841.1966,0.0,0.0,0.0,62.251653,0.477759,0.0,0.0,15.235335,0.0,0.0,0.0
120,0,22844507,200000.0,2500.0,0.0,0.0,56329.792487,0.0,0.0,0.0,62.251653,0.633388,0.0,0.0,15.640125,0.0,0.0,0.0
121,0,22845411,200000.0,1500.0,0.0,0.0,53722.081639,0.0,0.0,0.0,60.422597,0.400143,0.0,0.0,15.444035,0.0,0.0,0.0
122,0,22845558,200000.0,1500.0,0.0,0.0,53175.183307,0.0,0.0,0.0,60.401622,0.400091,0.0,0.0,15.217274,0.0,0.0,0.0
123,0,22845637,200000.0,1500.0,0.0,0.0,52633.306896,0.0,0.0,0.0,58.824309,0.39623,0.0,0.0,15.083556,0.0,0.0,0.0
124,0,22845764,200000.0,2000.0,0.0,0.0,52097.661799,0.0,0.0,0.0,58.746503,0.468966,0.0,0.0,14.849094,0.0,0.0,0.0
125,0,22845815,200000.0,2000.0,0.0,0.0,51565.633011,0.0,0.0,0.0,58.746503,0.470655,0.0,0.0,14.694822,0.0,0.0,0.0
126,0,22845891,200000.0,2000.0,0.0,0.0,51038.438741,0.0,0.0,0.0,59.4103,0.473695,0.0,0.0,14.541943,0.0,0.0,0.0
127,0,22846017,200000.0,2000.0,0.0,0.0,50514.40936,0.0,0.0,0.0,59.4103,0.471423,0.0,0.0,14.33674,0.0,0.0,0.0
128,0,22846091,200000.0,2000.0,0.0,0.0,49996.714235,0.0,0.0,0.0,59.4103,0.471592,0.0,0.0,14.216903,0.0,0.0,0.0
129,0,22846145,200000.0,2000.0,0.0,0.0,49483.678901,0.0,0.0,0.0,59.477949,0.471846,0.0,0.0,14.002247,0.0,0.0,0.0
130,0,22846523,200000.0,2000.0,0.0,0.0,48998.302045,0.0,0.0,0.0,59.35433,0.463321,0.0,0.0,13.823501,0.0,0.0,0.0
131,0,22846637,200000.0,2000.0,0.0,0.0,48492.317825,0.0,0.0,0.0,59.35433,0.463321,0.0,0.0,13.683876,0.0,0.0,0.0
132,0,22846706,200000.0,2000.0,0.0,0.0,47990.860775,0.0,0.0,0.0,59.35433,0.462645,0.0,0.0,13.550706,0.0,0.0,0.0
133,0,22846822,200000.0,1500.0,0.0,0.0,47496.288002,0.0,0.0,0.0,57.042919,0.391029,0.0,0.0,14.149519,0.0,0.0,0.0
134,0,22846885,200000.0,1500.0,0.0,0.0,47005.64909,0.0,0.0,0.0,57.049187,0.391045,0.0,0.0,13.979174,0.0,0.0,0.0
135,0,22846950,200000.0,1500.0,0.0,0.0,46519.354186,0.0,0.0,0.0,57.079179,0.38944,0.0,0.0,13.82959,0.0,0.0,0.0
136,0,22847042,200000.0,2500.0,0.0,0.0,37603.8986,0.0,0.0,0.0,54.56558,0.720824,0.0,0.0,9.855479,0.0,0.0,0.0
137,0,22847352,200000.0,1500.0,0.0,0.0,45559.602729,0.0,0.0,0.0,51.907657,0.379316,0.0,0.0,14.009234,0.0,0.0,0.0
138,0,22847427,200000.0,1500.0,0.0,0.0,45086.051918,0.0,0.0,0.0,51.907657,0.379316,0.0,0.0,13.85621,0.0,0.0,0.0
139,0,22847523,200000.0,1500.0,0.0,0.0,44616.656542,0.0,0.0,0.0,51.907657,0.379316,0.0,0.0,13.74378,0.0,0.0,0.0
140,0,22848608,200000.0,43000.0,0.0,0.0,61948.557612,0.0,0.0,135.0,50.409457,11.478072,0.0,0.0,15.215628,0.0,0.0,0.044998
141,0,22849460,200000.0,50500.0,0.0,3000.0,53254.265629,2756.018521,0.0,450.0,44.281191,6.874146,0.0,0.335527,12.076321,0.361213,0.0,0.090797
142,0,22849935,200000.0,7000.0,0.0,0.0,48036.277964,1308.963487,0.0,0.0,45.73389,1.542224,0.0,0.0,12.370416,0.33805,0.0,0.0
143,0,22850553,200000.0,15500.0,0.0,0.0,68701.350523,0.0,0.0,0.0,46.570537,3.980039,0.0,0.0,16.354331,0.0,0.0,0.0
144,0,22851297,200000.0,6000.0,0.0,0.0,41442.65432,0.0,0.0,0.0,49.016586,1.273511,0.0,0.0,6.432345,0.0,0.0,0.0
145,0,22851765,200000.0,8000.0,0.0,0.0,40995.704075,0.0,0.0,0.0,48.472772,1.766281,0.0,0.0,6.362974,0.0,0.0,0.0
146,0,22852181,200000.0,8000.0,0.0,0.0,40552.348388,0.0,0.0,0.0,52.016824,1.838634,0.0,0.0,6.29416,0.0,0.0,0.0
147,0,22852657,200000.0,12000.0,0.0,0.0,44181.952465,0.0,0.0,0.0,52.973781,3.205717,0.0,0.0,12.409655,0.0,0.0,0.0
148,0,22853369,200000.0,9000.0,0.0,0.0,43160.912895,0.0,0.0,0.0,53.142096,2.108839,0.0,0.0,9.877679,0.0,0.0,0.0
149,0,22853517,200000.0,6000.0,0.0,0.0,39047.373488,0.0,0.0,0.0,53.33532,1.54577,0.0,0.0,6.043524,0.0,0.0,0.0
150,0,22853600,200000.0,16500.0,0.0,0.0,47729.999172,0.0,0.0,0.0,53.33532,4.691538,0.0,0.0,13.164902,0.0,0.0,0.0
151,0,22853631,200000.0,6000.0,0.0,0.0,38196.864296,0.0,0.0,0.0,53.33532,1.558598,0.0,0.0,5.911887,0.0,0.0,0.0
152,0,22853779,200000.0,6000.0,0.0,0.0,37774.11971,0.0,0.0,0.0,53.976731,1.566874,0.0,0.0,5.891392,0.0,0.0,0.0
153,0,22853937,200000.0,20000.0,0.0,0.0,38376.588045,0.0,0.0,0.0,54.455778,4.95918,0.0,0.0,11.370514,0.0,0.0,0.0
154,0,22854483,200000.0,0.0,0.0,0.0,33035.72866,0.0,0.0,0.0,55.275308,0.0,0.0,0.0,8.997464,0.0,0.0,0.0
155,0,22854572,200000.0,0.0,0.0,0.0,32629.426589,0.0,0.0,0.0,55.438763,0.0,0.0,0.0,8.877013,0.0,0.0,0.0
156,0,22855192,200000.0,79000.0,0.0,0.0,53773.381359,950.205405,0.0,385.0,55.771838,13.321997,0.0,0.0,10.823552,0.066762,0.0,0.048073
157,0,22855779,200000.0,8000.0,0.0,0.0,37248.760186,0.0,0.0,0.0,53.638804,1.817367,0.0,0.0,9.312408,0.0,0.0,0.0
158,0,22855882,200000.0,125000.0,0.0,0.0,59826.482779,1612.848649,0.0,760.0,54.110938,18.44361,0.0,0.0,11.478556,0.113319,0.0,0.094653
159,0,22855936,200000.0,63000.0,0.0,0.0,49558.208422,631.386486,0.0,220.0,54.131888,10.394746,0.0,0.0,10.1696,0.044361,0.0,0.02747
160,0,22856978,200000.0,4000.0,0.0,0.0,47139.231177,0.0,0.0,0.0,50.089939,1.024511,0.0,0.0,12.617114,0.0,0.0,0.0
161,0,22858989,200000.0,35500.0,0.0,0.0,53658.989634,1860.753984,0.0,0.0,50.260728,8.452685,0.0,0.0,12.691405,0.096013,0.0,0.0
162,0,22859262,200000.0,0.0,0.0,0.0,30337.558628,0.0,0.0,0.0,50.260728,0.0,0.0,0.0,6.553791,0.0,0.0,0.0
163,0,22859352,200000.0,36500.0,0.0,0.0,46510.360971,0.0,0.0,0.0,50.260728,9.281395,0.0,0.0,11.97507,0.0,0.0,0.0
164,0,22859477,200000.0,10000.0,0.0,0.0,36805.220781,998.844638,0.0,10.0,50.260728,1.572864,0.0,0.0,9.222867,0.078882,0.0,0.001494
165,0,22859547,200000.0,22000.0,0.0,0.0,35662.969689,0.0,0.0,0.0,50.914474,5.021834,0.0,0.0,9.522153,0.0,0.0,0.0
166,0,22859650,200000.0,0.0,0.0,0.0,27533.932033,0.0,0.0,0.0,50.955561,0.0,0.0,0.0,7.628031,0.0,0.0,0.0
167,0,22859677,200000.0,21000.0,0.0,0.0,55267.277037,0.0,0.0,0.0,50.955561,4.929424,0.0,0.0,13.244472,0.0,0.0,0.0
168,0,22859726,200000.0,0.0,0.0,0.0,26807.99116,0.0,0.0,0.0,50.965584,0.0,0.0,0.0,7.439169,0.0,0.0,0.0
169,0,22859910,200000.0,39500.0,0.0,0.0,37609.289461,2247.457654,0.0,0.0,51.668893,6.578456,0.0,0.0,8.964979,0.436109,0.0,0.0
170,0,22860000,200000.0,33500.0,0.0,0.0,35545.567473,893.674107,0.0,0.0,51.668893,5.670055,0.0,0.0,8.695362,0.173414,0.0,0.0
171,0,22860029,200000.0,29500.0,0.0,0.0,34230.738725,893.674107,0.0,0.0,51.668893,4.79749,0.0,0.0,8.452099,0.173414,0.0,0.0
172,0,22860403,200000.0,29500.0,6299.1,0.0,39063.658896,3291.84877,0.0,100.0,52.068646,4.190939,0.715144,0.0,6.936268,0.425734,0.0,0.006983
173,0,22861522,200000.0,8000.0,62999.1,0.0,30397.997125,1588.508183,0.0,10.0,50.750434,1.358001,7.311738,0.0,6.119497,0.174015,0.0,0.001362
174,0,22861705,200000.0,9000.0,0.0,0.0,30051.478565,1588.508183,0.0,25.0,51.188873,1.577797,0.0,0.0,6.038216,0.174015,0.0,0.003406
175,0,22861797,200000.0,25000.0,7200.0,2332.8,33314.904716,1436.399803,0.0,100.0,51.188873,5.35845,0.929748,0.263425,9.694779,0.095558,0.0,0.00988
176,0,22862109,200000.0,18000.0,0.0,48000.0,30928.737277,6385.488339,0.0,0.0,51.53577,2.96415,0.0,6.274836,6.186201,0.699508,0.0,0.0
177,0,22862298,200000.0,21000.0,7559.1,4199.4,30588.614396,1436.399803,0.0,100.0,51.548502,4.32748,0.788996,0.502038,8.85604,0.095558,0.0,0.016727
178,0,22862768,200000.0,8000.0,0.0,0.0,30252.698185,1588.508183,0.0,0.0,50.947619,1.343067,0.0,0.0,6.32185,0.167137,0.0,0.0
179,0,22862814,200000.0,8500.0,0.0,0.0,31966.543003,1588.508183,0.0,0.0,50.947619,1.452074,0.0,0.0,6.665171,0.167137,0.0,0.0
180,0,22862860,200000.0,9500.0,9000.0,0.0,29107.792365,1588.508183,0.0,0.0,50.947619,1.645865,1.13117,0.0,6.015951,0.167137,0.0,0.0
181,0,22863091,200000.0,23500.0,0.0,9064.8,29264.828056,2161.710594,0.0,100.0,46.512123,4.425445,0.0,0.9077,8.494432,0.14381,0.0,0.016418
182,0,22863135,200000.0,9500.0,0.0,0.0,33140.23894,1588.508183,0.0,0.0,46.512123,1.778123,0.0,0.0,6.680517,0.185831,0.0,0.0
183,0,22863173,200000.0,8500.0,0.0,0.0,32819.896643,1588.508183,0.0,0.0,47.609367,1.551928,0.0,0.0,6.614695,0.185831,0.0,0.0
184,0,22863203,200000.0,8000.0,0.0,0.0,26256.97146,1588.508183,0.0,0.0,47.609367,1.45214,0.0,0.0,5.264128,0.185831,0.0,0.0
185,0,22863963,200000.0,34000.0,28800.0,0.0,34737.811587,5261.774018,0.0,135.0,48.341154,4.886935,4.622748,0.0,6.03536,0.680504,0.0,0.009426
186,0,22863975,200000.0,7500.0,9000.0,0.0,25626.759876,2390.626176,0.0,0.0,48.341154,1.378372,0.744391,0.0,5.089374,0.251533,0.0,0.0
187,0,22864101,200000.0,128000.0,4500.0,3000.0,184841.21184,1640.008272,0.0,10.0,48.366836,18.226613,0.492217,0.322641,29.317592,0.217638,0.0,0.001117
188,0,22864199,200000.0,9500.0,36000.0,24000.0,25009.901073,7799.822667,0.0,0.0,48.366836,1.788307,3.334877,2.688602,4.96532,0.864406,0.0,0.0
189,0,22864238,200000.0,6000.0,0.0,0.0,24706.114361,1588.508183,0.0,0.0,48.366836,1.044328,0.0,0.0,4.904226,0.167137,0.0,0.0
190,0,22864315,200000.0,2000.0,0.0,0.0,25267.091957,0.0,0.0,0.0,44.991786,0.430869,0.0,0.0,7.520157,0.0,0.0,0.0
191,0,22864449,200000.0,3500.0,0.0,0.0,24969.079051,0.0,0.0,0.0,46.414271,0.778976,0.0,0.0,7.44722,0.0,0.0,0.0
192,0,22864559,200000.0,5500.0,0.0,0.0,24673.318145,0.0,0.0,0.0,46.400238,1.242838,0.0,0.0,7.351777,0.0,0.0,0.0
193,0,22864574,200000.0,6000.0,0.0,0.0,23517.025489,2390.626176,0.0,0.0,46.400238,1.049196,0.0,0.0,4.637535,0.279666,0.0,0.0
194,0,22864622,200000.0,6000.0,0.0,0.0,23225.461957,1588.508183,0.0,0.0,46.400238,1.0491,0.0,0.0,4.580892,0.185831,0.0,0.0
195,0,22864690,200000.0,6500.0,0.0,0.0,23896.557697,1588.508183,0.0,0.0,46.400238,1.153423,0.0,0.0,4.671073,0.185831,0.0,0.0
196,0,22865921,200000.0,57500.0,0.0,6000.0,61027.168797,2390.626176,0.0,0.0,47.334466,14.060448,0.0,0.671055,15.666706,0.241453,0.0,0.0
197,0,22871381,200000.0,24500.0,0.0,0.0,31987.08282,1211.505189,0.0,0.0,43.483906,5.129628,0.0,0.0,7.355141,0.095144,0.0,0.0
198,0,22871799,200000.0,72000.0,0.0,0.0,110263.782941,0.0,0.0,10.0,43.702463,11.552815,0.0,0.0,19.53033,0.0,0.0,0.001494
199,0,22872394,200000.0,19000.0,0.0,6000.0,27450.286741,1308.963487,0.0,0.0,44.055937,3.692256,0.0,0.638765,5.336615,0.196584,0.0,0.0
200,0,22872703,200000.0,2000.0,0.0,0.0,19518.805936,0.0,0.0,0.0,43.642326,0.43236,0.0,0.0,5.647131,0.0,0.0,0.0
201,0,22872908,200000.0,12000.0,0.0,0.0,23496.209959,0.0,0.0,0.0,43.37574,2.245552,0.0,0.0,6.617009,0.0,0.0,0.0
202,0,22873375,200000.0,66000.0,0.0,0.0,64593.502735,0.0,0.0,10.0,43.494444,9.788766,0.0,0.0,11.753737,0.0,0.0,0.001212
203,0,22873674,200000.0,4000.0,0.0,0.0,20679.596929,0.0,0.0,0.0,43.405493,0.912533,0.0,0.0,1.067494,0.0,0.0,0.0
204,0,22874015,200000.0,4000.0,0.0,0.0,19928.998267,0.0,0.0,0.0,43.346977,0.910859,0.0,0.0,1.028748,0.0,0.0,0.0
205,0,22874162,200000.0,6500.0,0.0,0.0,19665.14211,0.0,0.0,0.0,43.179553,1.241925,0.0,0.0,1.015127,0.0,0.0,0.0
206,0,22875964,200000.0,500.0,0.0,0.0,16056.126828,0.0,0.0,0.0,40.306764,0.091538,0.0,0.0,4.320501,0.0,0.0,0.0
207,0,22876687,200000.0,22000.0,0.0,0.0,24719.039049,0.0,0.0,0.0,40.447272,5.084697,0.0,0.0,6.347907,0.0,0.0,0.0
208,0,22876878,200000.0,24500.0,2700.0,0.0,22493.262619,2264.966705,0.0,25.0,40.562671,4.174032,0.407012,0.0,5.844947,0.357395,0.0,0.006557
209,0,22879699,200000.0,2000.0,0.0,0.0,17764.897861,0.0,0.0,0.0,39.789775,0.354301,0.0,0.0,5.139949,0.0,0.0,0.0
210,0,22879704,200000.0,34500.0,0.0,0.0,17799.675861,0.0,0.0,0.0,39.789775,4.368501,0.0,0.0,4.413994,0.0,0.0,0.0
211,0,22879748,200000.0,51000.0,8100.0,0.0,26946.081717,1808.176942,0.0,325.0,39.789775,6.074231,0.663182,0.0,5.327939,0.467447,0.0,0.037123
212,0,22880384,200000.0,35000.0,0.0,0.0,44955.338807,1742.857138,0.0,1495.0,39.769795,4.630036,0.0,0.0,7.60798,0.457718,0.0,0.177852
213,0,22881002,200000.0,22000.0,0.0,0.0,22194.774309,2468.099439,0.0,10.0,40.003237,3.161365,0.0,0.0,4.672112,0.458157,0.0,0.000756
214,0,22881288,200000.0,7000.0,0.0,0.0,19433.828136,0.0,0.0,0.0,40.245526,1.218194,0.0,0.0,3.882816,0.0,0.0,0.0
215,0,22881442,200000.0,64500.0,1798.2,199.8,19195.540507,1649.650354,0.0,270.0,40.18625,6.669199,0.164926,0.016274,3.737095,0.223618,0.0,0.037811
216,0,22882184,200000.0,23500.0,0.0,12000.0,17398.222522,3442.150809,0.0,70.0,40.605101,2.932606,0.0,1.49366,4.54669,0.429704,0.0,0.004918
217,0,22883192,200000.0,8500.0,0.0,0.0,20500.897364,0.0,0.0,0.0,42.423299,1.505429,0.0,0.0,3.906531,0.0,0.0,0.0
218,0,22883204,200000.0,41000.0,0.0,0.0,24536.227666,0.0,0.0,0.0,42.423299,7.792021,0.0,0.0,5.732372,0.0,0.0,0.0
219,0,22883646,200000.0,26500.0,0.0,0.0,18263.886433,2298.454751,0.0,70.0,41.991662,3.901316,0.0,0.0,4.628276,0.288159,0.0,0.005681
220,0,22885150,200000.0,17500.0,6300.0,6600.0,22721.01288,0.0,0.0,135.0,42.230418,2.309239,0.634605,0.710982,4.561794,0.0,0.0,0.015533
221,0,22885768,200000.0,28500.0,0.0,0.0,13302.14901,0.0,0.0,0.0,43.338287,3.519238,0.0,0.0,2.930494,0.0,0.0,0.0
222,0,22885818,200000.0,28500.0,0.0,0.0,13081.621971,0.0,0.0,0.0,43.627419,3.528757,0.0,0.0,2.874279,0.0,0.0,0.0
223,0,22885898,200000.0,1000.0,0.0,0.0,12919.419034,0.0,0.0,0.0,43.725115,0.136072,0.0,0.0,1.87011,0.0,0.0,0.0
224,0,22886581,200000.0,1000.0,0.0,0.0,12710.337689,0.0,0.0,0.0,49.566431,0.169509,0.0,0.0,3.166723,0.0,0.0,0.0
225,0,22886582,200000.0,2500.0,0.0,0.0,15151.451281,0.0,0.0,0.0,49.566431,0.426072,0.0,0.0,3.54179,0.0,0.0,0.0
226,0,22887076,200000.0,2500.0,0.0,0.0,12284.243826,0.0,0.0,0.0,50.609736,0.486473,0.0,0.0,3.057716,0.0,0.0,0.0
227,0,22887184,200000.0,16000.0,0.0,0.0,13847.733441,1440.420771,0.0,0.0,50.660478,2.565731,0.0,0.0,3.326204,0.192157,0.0,0.0
228,0,22887445,200000.0,1500.0,0.0,0.0,13427.153681,0.0,0.0,0.0,52.123679,0.291454,0.0,0.0,3.275467,0.0,0.0,0.0
229,0,22887448,200000.0,1500.0,0.0,0.0,13336.803341,0.0,0.0,0.0,52.123679,0.291454,0.0,0.0,3.2414,0.0,0.0,0.0
230,0,22887465,200000.0,2500.0,0.0,0.0,11570.500185,0.0,0.0,0.0,52.123679,0.486361,0.0,0.0,2.86437,0.0,0.0,0.0
231,0,22889600,200000.0,1500.0,0.0,0.0,12962.180449,0.0,0.0,0.0,58.184946,0.296565,0.0,0.0,3.571548,0.0,0.0,0.0
232,0,22889662,200000.0,1500.0,0.0,0.0,12762.311506,0.0,0.0,0.0,58.183857,0.296565,0.0,0.0,3.507602,0.0,0.0,0.0
233,0,22889730,200000.0,1500.0,0.0,0.0,12564.585729,0.0,0.0,0.0,58.183857,0.315334,0.0,0.0,3.44436,0.0,0.0,0.0
234,0,22889832,200000.0,1000.0,0.0,0.0,10654.725478,0.0,0.0,0.0,58.386436,0.136072,0.0,0.0,1.542133,0.0,0.0,0.0
235,0,22889917,200000.0,2000.0,0.0,0.0,12706.298386,0.0,0.0,0.0,58.385398,0.378301,0.0,0.0,3.465022,0.0,0.0,0.0
236,0,22890080,200000.0,1000.0,0.0,0.0,10271.559288,0.0,0.0,0.0,57.67506,0.136072,0.0,0.0,1.486642,0.0,0.0,0.0
237,0,22890118,200000.0,1000.0,0.0,0.0,10089.853183,0.0,0.0,0.0,57.67506,0.13742,0.0,0.0,2.544924,0.0,0.0,0.0
238,0,22890426,200000.0,1000.0,0.0,0.0,9896.819418,0.0,0.0,0.0,56.358775,0.136072,0.0,0.0,1.432371,0.0,0.0,0.0
239,0,22890572,200000.0,1000.0,0.0,0.0,9712.588513,0.0,0.0,0.0,56.504503,0.136072,0.0,0.0,1.40569,0.0,0.0,0.0
240,0,22890726,200000.0,1000.0,0.0,0.0,9530.439437,0.0,0.0,0.0,60.047553,0.136072,0.0,0.0,1.379311,0.0,0.0,0.0
241,0,22890998,200000.0,1500.0,0.0,0.0,11059.759459,0.0,0.0,0.0,62.182147,0.305672,0.0,0.0,1.455192,0.0,0.0,0.0
242,0,22891057,200000.0,1500.0,0.0,0.0,10880.928557,0.0,0.0,0.0,62.182147,0.305728,0.0,0.0,1.431663,0.0,0.0,0.0
243,0,22891123,200000.0,1500.0,0.0,0.0,10704.732703,0.0,0.0,0.0,62.182147,0.305728,0.0,0.0,1.40848,0.0,0.0,0.0
244,0,22891871,200000.0,6000.0,0.0,0.0,4604.731639,0.0,0.0,0.0,63.819064,1.829987,0.0,0.0,1.316262,0.0,0.0,0.0
245,0,22892916,200000.0,6000.0,0.0,0.0,4465.298256,0.0,0.0,0.0,59.154139,1.464743,0.0,0.0,1.276405,0.0,0.0,0.0
246,0,22893053,200000.0,13500.0,2700.0,1800.0,25820.305163,739.906112,0.0,0.0,59.154139,2.711636,0.275614,0.586622,4.574656,0.038178,0.0,0.0
247,0,22893194,200000.0,41500.0,7200.0,0.0,18972.737012,3509.126901,0.0,270.0,56.589866,7.849701,1.054099,0.0,4.330634,0.427257,0.0,0.068561
248,0,22893698,200000.0,1000.0,0.0,0.0,8142.8141,0.0,0.0,0.0,58.806154,0.136072,0.0,0.0,1.178352,0.0,0.0,0.0
249,0,22893896,200000.0,4000.0,0.0,0.0,10298.756171,0.0,0.0,0.0,59.055172,1.162251,0.0,0.0,1.997907,0.0,0.0,0.0
250,0,22893982,200000.0,4000.0,0.0,0.0,10135.80167,0.0,0.0,0.0,59.25926,1.150737,0.0,0.0,1.963072,0.0,0.0,0.0
251,0,22894033,200000.0,1000.0,0.0,0.0,7657.060798,0.0,0.0,0.0,57.903764,0.137419,0.0,0.0,1.108005,0.0,0.0,0.0
252,0,22894052,200000.0,4000.0,0.0,0.0,6493.686414,0.0,0.0,0.0,57.903764,1.150737,0.0,0.0,1.393892,0.0,0.0,0.0
253,0,22894253,200000.0,1000.0,0.0,0.0,7343.627766,0.0,0.0,0.0,58.102484,0.137419,0.0,0.0,1.062612,0.0,0.0,0.0
254,0,22894592,200000.0,1000.0,0.0,0.0,7189.89508,0.0,0.0,0.0,56.236339,0.137419,0.0,0.0,1.040349,0.0,0.0,0.0
255,0,22894800,200000.0,1000.0,0.0,0.0,7038.136725,0.0,0.0,0.0,55.985729,0.137419,0.0,0.0,1.018371,0.0,0.0,0.0
256,0,22894817,200000.0,1000.0,0.0,0.0,6888.346413,0.0,0.0,0.0,56.110284,0.137419,0.0,0.0,0.996678,0.0,0.0,0.0
257,0,22895035,200000.0,1000.0,0.0,0.0,6740.255457,0.0,0.0,0.0,55.519688,0.137419,0.0,0.0,0.975231,0.0,0.0,0.0
258,0,22895308,200000.0,1000.0,0.0,0.0,6594.385898,0.0,0.0,0.0,55.707675,0.137419,0.0,0.0,0.954106,0.0,0.0,0.0
259,0,22895396,200000.0,1000.0,0.0,0.0,6450.466124,0.0,0.0,0.0,55.89598,0.137419,0.0,0.0,0.933263,0.0,0.0,0.0
260,0,22895618,200000.0,1000.0,0.0,0.0,6308.490249,0.0,0.0,0.0,56.316122,0.137419,0.0,0.0,0.912702,0.0,0.0,0.0
261,0,22895995,200000.0,4000.0,0.0,0.0,6752.082254,0.0,0.0,0.0,56.316122,1.120136,0.0,0.0,1.3321,0.0,0.0,0.0
262,0,22896823,200000.0,1000.0,0.0,0.0,6034.104979,0.0,0.0,0.0,55.853618,0.13742,0.0,0.0,1.456273,0.0,0.0,0.0
263,0,22897379,200000.0,10500.0,0.0,0.0,10706.538352,0.0,0.0,0.0,55.853618,2.378054,0.0,0.0,2.285707,0.0,0.0,0.0
264,0,22898305,200000.0,24000.0,0.0,0.0,11715.673159,1913.124914,0.0,0.0,55.68649,4.273815,0.0,0.0,2.551348,0.228827,0.0,0.0
265,0,22900525,200000.0,28500.0,0.0,0.0,5525.608458,0.0,0.0,0.0,56.31903,3.506895,0.0,0.0,1.174922,0.0,0.0,0.0
266,0,22900559,200000.0,28500.0,0.0,0.0,5396.519333,0.0,0.0,0.0,56.31903,3.516361,0.0,0.0,1.145777,0.0,0.0,0.0
267,0,22900936,200000.0,31000.0,0.0,0.0,5330.93887,0.0,0.0,0.0,56.698868,3.84835,0.0,0.0,1.126959,0.0,0.0,0.0
268,0,22900976,200000.0,26000.0,0.0,0.0,5204.822851,0.0,0.0,0.0,56.698868,3.206992,0.0,0.0,1.098541,0.0,0.0,0.0
269,0,22901444,200000.0,26000.0,0.0,0.0,5011.841524,0.0,0.0,0.0,57.085812,3.182393,0.0,0.0,1.058913,0.0,0.0,0.0
270,0,22901515,200000.0,26000.0,0.0,0.0,4890.517982,0.0,0.0,0.0,57.085812,3.189235,0.0,0.0,1.031522,0.0,0.0,0.0
271,0,22901770,200000.0,46500.0,0.0,0.0,17563.854751,957.121696,0.0,135.0,57.085812,6.525387,0.0,0.0,3.837975,0.090289,0.0,0.017018
272,0,22901954,200000.0,28500.0,0.0,0.0,4717.582519,0.0,0.0,0.0,57.468498,3.519248,0.0,0.0,0.988925,0.0,0.0,0.0
273,0,22902708,200000.0,33500.0,0.0,0.0,4537.706615,0.0,0.0,0.0,57.858157,4.150362,0.0,0.0,0.951867,0.0,0.0,0.0
274,0,22902853,200000.0,41000.0,0.0,0.0,4423.483019,0.0,0.0,0.0,59.871762,5.100915,0.0,0.0,0.926079,0.0,0.0,0.0
275,0,22903187,200000.0,28500.0,0.0,0.0,4371.73781,0.0,0.0,0.0,59.870697,3.528928,0.0,0.0,0.910916,0.0,0.0,0.0
276,0,22903438,200000.0,5500.0,0.0,0.0,3358.841692,0.0,0.0,0.0,60.735443,1.090216,0.0,0.0,0.47217,0.0,0.0,0.0
277,0,22903911,200000.0,28500.0,0.0,0.0,4090.730232,0.0,0.0,0.0,61.135901,3.501477,0.0,0.0,0.850953,0.0,0.0,0.0
278,0,22904014,200000.0,26000.0,0.0,0.0,3984.395497,0.0,0.0,0.0,61.135901,3.187204,0.0,0.0,0.826946,0.0,0.0,0.0
279,0,22904386,200000.0,28500.0,0.0,0.0,3880.954672,0.0,0.0,0.0,61.135901,3.501505,0.0,0.0,0.803592,0.0,0.0,0.0
280,0,22904417,200000.0,28500.0,0.0,0.0,3778.250102,0.0,0.0,0.0,61.32731,3.511238,0.0,0.0,0.780405,0.0,0.0,0.0
281,0,22904624,200000.0,24000.0,0.0,0.0,12074.007341,0.0,0.0,0.0,61.428485,5.832315,0.0,0.0,2.284307,0.0,0.0,0.0
282,0,22905198,200000.0,6500.0,0.0,0.0,4413.575726,0.0,0.0,0.0,61.020721,2.005133,0.0,0.0,1.341948,0.0,0.0,0.0
283,0,22911034,200000.0,4500.0,0.0,0.0,4311.233953,0.0,0.0,0.0,53.453907,1.306525,0.0,0.0,1.331285,0.0,0.0,0.0
284,0,22921471,200000.0,44000.0,299.7,2399.4,19544.340713,995.027506,0.0,270.0,52.877816,6.903716,0.021118,0.328285,3.165444,0.080871,0.0,0.020925
285,0,22933993,200000.0,84000.0,6930.0,3540.0,37953.139703,3810.519312,0.0,1620.0,58.858717,9.881469,1.030363,0.489892,6.327763,0.542421,0.0,0.187403
286,0,22934129,200000.0,70000.0,0.0,6000.0,56768.334776,1633.580218,0.0,0.0,59.129781,9.403038,0.0,0.632247,9.916578,0.215495,0.0,0.0
287,0,22934167,200000.0,70000.0,0.0,6000.0,56675.870464,1633.580218,0.0,0.0,59.129781,9.289684,0.0,0.651651,9.891673,0.215495,0.0,0.0
288,0,22934329,200000.0,16500.0,0.0,0.0,4793.166028,1308.963487,0.0,25.0,59.129781,2.832621,0.0,0.0,0.853348,0.358377,0.0,0.005547
289,0,22934433,200000.0,7500.0,0.0,0.0,5805.25029,0.0,0.0,0.0,59.507638,1.576024,0.0,0.0,1.09916,0.0,0.0,0.0
290,0,22934589,200000.0,40000.0,0.0,0.0,14922.608073,0.0,0.0,0.0,60.316884,10.293818,0.0,0.0,2.44644,0.0,0.0,0.0
291,0,22934642,200000.0,28000.0,0.0,0.0,11358.507752,0.0,0.0,0.0,60.316884,7.893057,0.0,0.0,1.934321,0.0,0.0,0.0
292,0,22934700,200000.0,26000.0,0.0,0.0,9713.995648,0.0,0.0,0.0,60.316884,6.939643,0.0,0.0,1.678241,0.0,0.0,0.0
293,0,22935025,200000.0,12000.0,0.0,0.0,7987.54205,739.906112,0.0,0.0,61.186033,2.127651,0.0,0.0,1.417577,0.041172,0.0,0.0
294,0,22936521,200000.0,19500.0,1800.0,3600.0,8965.200101,1934.639609,0.0,100.0,63.368005,4.299477,0.548795,0.286177,1.631245,0.295635,0.0,0.016081
295,0,22937728,200000.0,7500.0,0.0,0.0,9396.002277,0.0,0.0,0.0,62.975497,1.763991,0.0,0.0,1.566632,0.0,0.0,0.0
296,0,22938915,200000.0,24000.0,0.0,4800.0,6788.447386,2298.454751,0.0,70.0,61.082924,3.12105,0.0,1.825111,1.16736,0.288159,0.0,0.005187
297,0,22947856,200000.0,7000.0,0.0,0.0,5147.490383,0.0,0.0,0.0,58.092045,1.004295,0.0,0.0,1.008525,0.0,0.0,0.0
298,0,22948280,200000.0,12500.0,0.0,0.0,8554.128515,391.843002,0.0,0.0,58.328235,2.558913,0.0,0.0,1.392294,0.024853,0.0,0.0
299,0,22948938,200000.0,19500.0,0.0,0.0,5962.60178,2458.457358,0.0,0.0,58.367026,2.491828,0.0,0.0,1.092892,0.454958,0.0,0.0
300,0,22950225,200000.0,8500.0,0.0,0.0,10232.664412,0.0,0.0,0.0,58.690645,1.021863,0.0,0.0,1.14358,0.0,0.0,0.0
301,0,22950330,200000.0,7000.0,0.0,0.0,2807.108009,0.0,0.0,0.0,59.097914,2.228797,0.0,0.0,0.933671,0.0,0.0,0.0
302,0,22950594,200000.0,7000.0,0.0,0.0,2741.694561,0.0,0.0,0.0,59.097914,2.326192,0.0,0.0,0.911198,0.0,0.0,0.0
303,0,22950936,200000.0,13000.0,0.0,0.0,7258.455571,0.0,0.0,0.0,59.097914,2.274905,0.0,0.0,1.102221,0.0,0.0,0.0
304,0,22952247,200000.0,7000.0,0.0,0.0,2615.189875,0.0,0.0,0.0,60.142515,2.311506,0.0,0.0,0.787819,0.0,0.0,0.0
305,0,22952682,200000.0,90500.0,16200.0,10800.0,29572.262495,3291.84877,0.0,0.0,61.260248,13.440726,1.597268,1.188255,4.210262,0.30451,0.0,0.0
306,0,22953324,200000.0,38500.0,0.0,0.0,11760.705919,1308.963487,0.0,0.0,61.783316,6.085279,0.0,0.0,1.939817,0.121085,0.0,0.0
307,0,22953656,200000.0,13000.0,0.0,0.0,7019.893979,0.0,0.0,0.0,62.571843,2.299201,0.0,0.0,1.05032,0.0,0.0,0.0
308,0,22953708,200000.0,4500.0,0.0,0.0,0.0,0.0,0.0,0.0,62.571843,1.383095,0.0,0.0,0.0,0.0,0.0,0.0
309,0,22953837,200000.0,2000.0,0.0,0.0,0.0,0.0,0.0,0.0,63.434383,0.696524,0.0,0.0,0.0,0.0,0.0,0.0
310,0,22953985,200000.0,4000.0,0.0,0.0,0.0,0.0,0.0,0.0,64.961583,1.299232,0.0,0.0,0.0,0.0,0.0,0.0
311,0,22954103,200000.0,0.0,0.0,0.0,0.0,0.0,0.0,0.0,64.961583,0.0,0.0,0.0,0.0,0.0,0.0,0.0
312,0,22954163,200000.0,2000.0,0.0,0.0,0.0,0.0,0.0,0.0,64.961583,0.630539,0.0,0.0,0.0,0.0,0.0,0.0
313,0,22954268,200000.0,0.0,0.0,0.0,0.0,0.0,0.0,0.0,64.961583,0.0,0.0,0.0,0.0,0.0,0.0,0.0
314,0,22954579,200000.0,9000.0,0.0,0.0,2093.726558,0.0,0.0,0.0,68.258115,3.07524,0.0,0.0,0.664914,0.0,0.0,0.0
315,0,22955295,200000.0,7000.0,0.0,4800.0,6681.605305,0.0,0.0,0.0,67.371985,1.629709,0.0,1.564326,0.99068,0.0,0.0,0.0
316,0,22956033,200000.0,20000.0,0.0,0.0,0.0,0.0,0.0,0.0,65.96152,6.454246,0.0,0.0,0.0,0.0,0.0,0.0
317,0,22956110,200000.0,0.0,0.0,0.0,0.0,0.0,0.0,0.0,65.96152,0.0,0.0,0.0,0.0,0.0,0.0,0.0
318,0,22956198,200000.0,0.0,0.0,0.0,0.0,0.0,0.0,0.0,66.83059,0.0,0.0,0.0,0.0,0.0,0.0,0.0
319,0,22956379,200000.0,6500.0,0.0,0.0,3459.979837,0.0,0.0,0.0,67.076661,2.207876,0.0,0.0,0.743643,0.0,0.0,0.0
320,0,22956391,200000.0,28500.0,0.0,0.0,11129.381207,1308.963487,0.0,0.0,67.076661,5.247163,0.0,0.0,1.785216,0.121085,0.0,0.0
321,0,22956458,200000.0,10000.0,18000.0,0.0,6476.713774,0.0,0.0,0.0,67.076661,2.200129,1.736487,0.0,0.930208,0.0,0.0,0.0
322,0,22956542,200000.0,85000.0,0.0,0.0,152524.21358,0.0,0.0,0.0,67.080283,14.003921,0.0,0.0,17.739317,0.0,0.0,0.0
323,0,22957152,200000.0,14000.0,3600.0,4800.0,13098.595847,1436.399803,0.0,0.0,67.067794,3.684366,0.471448,0.458215,2.427119,0.139715,0.0,0.0
324,0,22960521,200000.0,40000.0,0.0,0.0,10051.602989,1940.349974,0.0,0.0,65.484897,5.450412,0.0,0.0,1.610294,0.254553,0.0,0.0
325,0,22960686,200000.0,6500.0,0.0,0.0,2220.159251,0.0,0.0,0.0,65.691591,0.862317,0.0,0.0,0.292266,0.0,0.0,0.0
326,0,22960853,200000.0,6500.0,0.0,0.0,2197.134545,0.0,0.0,0.0,65.691591,0.859065,0.0,0.0,0.306391,0.0,0.0,0.0
327,0,22961411,200000.0,40000.0,0.0,0.0,17010.275986,0.0,0.0,0.0,65.942739,9.443887,0.0,0.0,3.423627,0.0,0.0,0.0
328,0,22961991,200000.0,17000.0,4500.0,3000.0,18278.738717,2008.805352,0.0,10.0,64.037557,3.20104,0.581092,0.336304,2.437778,0.301689,0.0,0.00126
329,0,22962255,200000.0,6500.0,0.0,0.0,2138.226875,0.0,0.0,0.0,64.08164,0.855797,0.0,0.0,0.273952,0.0,0.0,0.0
330,0,22962822,200000.0,4000.0,0.0,0.0,1606.878965,0.0,0.0,0.0,63.638624,0.979421,0.0,0.0,0.275282,0.0,0.0,0.0
331,0,22962950,200000.0,30000.0,0.0,0.0,13819.722394,0.0,0.0,0.0,63.882286,6.410132,0.0,0.0,2.931774,0.0,0.0,0.0
332,0,22964103,200000.0,4500.0,0.0,0.0,4116.708216,950.205405,0.0,0.0,63.977271,0.746486,0.0,0.0,0.857101,0.124803,0.0,0.0
333,0,22964932,200000.0,2500.0,0.0,4200.0,24.105485,0.0,0.0,0.0,63.58821,0.835053,0.0,0.474274,0.008002,0.0,0.0,0.0
334,1,23400763,15000.0,500.0,0.0,0.0,0.0,5659.62006,190.703572,0.0,2.244753,0.052687,0.0,0.0,0.0,0.476013,0.053751,0.0
335,1,23401865,15000.0,7500.0,0.0,0.0,0.0,33416.388393,190.703572,10.0,2.242095,0.813773,0.0,0.0,0.0,2.510913,0.021651,0.003587
336,1,23407512,40000.0,50000.0,0.0,0.0,0.0,66523.001662,858.675975,45.0,5.924635,5.693523,0.0,0.0,0.0,7.766208,0.109485,0.009307
337,1,23436181,15000.0,5000.0,0.0,0.0,0.0,38438.778962,0.0,0.0,1.740915,0.604733,0.0,0.0,0.0,4.831199,0.0,0.0
338,1,23440233,15000.0,5500.0,0.0,0.0,0.0,32971.930399,196.822403,0.0,1.872984,0.717364,0.0,0.0,0.0,4.144095,0.026816,0.0
339,1,23443868,200000.0,75000.0,0.0,0.0,0.0,45784.856719,0.0,0.0,26.145149,8.321436,0.0,0.0,0.0,3.216849,0.0,0.0
340,1,23453910,15000.0,10000.0,0.0,0.0,0.0,6306.794529,955.557468,0.0,1.965801,0.874924,0.0,0.0,0.0,0.468597,0.145569,0.0
341,1,23457488,15000.0,12500.0,0.0,0.0,0.0,10200.051454,420.159741,0.0,1.887953,1.081823,0.0,0.0,0.0,1.048415,0.139436,0.0
342,1,23465500,15000.0,47500.0,0.0,0.0,0.0,20529.445362,1271.697079,100.0,1.936974,5.026766,0.0,0.0,0.0,3.099072,0.128175,0.030048
343,1,23466201,15000.0,5000.0,0.0,0.0,0.0,5659.62006,0.0,0.0,1.936974,0.541131,0.0,0.0,0.0,0.494201,0.0,0.0
344,1,23471828,15000.0,12500.0,0.0,0.0,0.0,5659.62006,190.703572,0.0,1.640723,1.406367,0.0,0.0,0.0,0.38416,0.023842,0.0
345,1,23472093,15000.0,32500.0,0.0,0.0,0.0,8873.930891,511.942208,0.0,1.641251,2.749479,0.0,0.0,0.0,0.67533,0.064003,0.0
346,1,23474865,15000.0,2500.0,0.0,0.0,0.0,0.0,0.0,0.0,1.640221,0.27337,0.0,0.0,0.0,0.0,0.0,0.0
347,1,23475339,15000.0,12500.0,0.0,0.0,0.0,7246.68535,196.822403,0.0,1.657694,1.850586,0.0,0.0,0.0,0.934493,0.067291,0.0
348,1,23475916,15000.0,10000.0,0.0,0.0,0.0,7246.68535,196.822403,0.0,1.649667,1.032304,0.0,0.0,0.0,0.934493,0.067291,0.0
349,1,23477744,40000.0,57500.0,0.0,0.0,0.0,21653.275577,3617.249029,0.0,4.301885,6.220423,0.0,0.0,0.0,3.087191,0.444397,0.0
350,1,23478217,40000.0,60000.0,0.0,0.0,0.0,28383.380352,4710.480199,0.0,4.305967,6.539165,0.0,0.0,0.0,4.029864,0.578705,0.0
351,1,23481915,100000.0,39000.0,0.0,0.0,0.0,30478.777864,7127.418513,45.0,12.447166,3.583714,0.0,0.0,0.0,2.958198,1.045262,0.002424
352,1,23499323,40000.0,10000.0,0.0,0.0,0.0,0.0,0.0,0.0,4.7838,1.19609,0.0,0.0,0.0,0.0,0.0,0.0
353,1,23507326,40000.0,47500.0,0.0,0.0,0.0,22513.738045,2957.435068,0.0,4.403741,4.239344,0.0,0.0,0.0,3.342174,0.363335,0.0
354,1,23507451,40000.0,52500.0,0.0,0.0,0.0,21461.20618,3528.525977,0.0,4.403741,5.820894,0.0,0.0,0.0,3.114583,0.433497,0.0
355,1,23507555,40000.0,53000.0,0.0,0.0,0.0,25964.840681,4243.40942,0.0,4.403741,5.874973,0.0,0.0,0.0,3.756996,0.521323,0.0
356,1,23509722,15000.0,50000.0,0.0,0.0,0.0,21986.194404,3628.466886,0.0,1.651402,5.506422,0.0,0.0,0.0,3.11266,0.445775,0.0
357,1,23510382,40000.0,55000.0,0.0,0.0,0.0,22167.786492,3634.585718,0.0,4.516894,5.539147,0.0,0.0,0.0,3.126552,0.446527,0.0
358,1,23510812,40000.0,55000.0,0.0,0.0,0.0,24572.009966,4004.775004,0.0,4.516894,5.4612,0.0,0.0,0.0,3.450648,0.492006,0.0
359,1,23514748,40000.0,52500.0,0.0,0.0,0.0,23966.318655,3892.596432,0.0,4.539077,5.825045,0.0,0.0,0.0,3.457353,0.478224,0.0
360,1,23525827,40000.0,26500.0,0.0,0.0,0.0,26567.298078,6211.633447,45.0,4.34865,2.276339,0.0,0.0,0.0,2.535766,0.910959,0.002424
361,1,23540202,15000.0,0.0,0.0,0.0,0.0,0.0,0.0,0.0,1.472789,0.0,0.0,0.0,0.0,0.0,0.0,0.0
362,1,23543636,15000.0,500.0,0.0,0.0,0.0,6234.661671,210.07987,0.0,1.510965,0.050604,0.0,0.0,0.0,0.523883,0.067513,0.0
363,1,23565527,15000.0,10000.0,0.0,0.0,0.0,5659.62006,0.0,0.0,1.228115,0.818743,0.0,0.0,0.0,0.454938,0.0,0.0
364,1,23589039,15000.0,47500.0,0.0,0.0,0.0,23567.147882,5193.867862,100.0,0.895322,4.336485,0.0,0.0,0.0,2.284177,0.662244,0.01031
365,1,23647600,15000.0,63000.0,0.0,0.0,0.0,23871.049403,762.814286,220.0,1.148173,7.27199,0.0,0.0,0.0,3.128046,0.093681,0.04964
366,1,23702211,15000.0,22500.0,0.0,0.0,0.0,25072.260079,3743.704874,10.0,1.232224,1.853556,0.0,0.0,0.0,2.654658,0.549028,0.0005
367,1,23720196,15000.0,7500.0,0.0,0.0,0.0,15014.878024,0.0,0.0,1.165116,0.722117,0.0,0.0,0.0,1.29847,0.0,0.0
368,1,23780989,100000.0,5000.0,0.0,0.0,0.0,0.0,0.0,0.0,7.848736,0.36478,0.0,0.0,0.0,0.0,0.0,0.0
369,1,23797355,15000.0,12500.0,0.0,0.0,0.0,6257.048684,955.557468,0.0,1.17311,1.855453,0.0,0.0,0.0,0.962993,0.139959,0.0
370,1,23817518,15000.0,22500.0,0.0,0.0,0.0,27014.089254,802.586689,0.0,1.278359,2.938461,0.0,0.0,0.0,2.787834,0.080893,0.0
371,1,23863864,40000.0,52500.0,0.0,0.0,0.0,18797.115467,190.703572,0.0,3.311005,4.261236,0.0,0.0,0.0,1.182642,0.065199,0.0
372,1,23904623,15000.0,7500.0,0.0,0.0,0.0,21755.308249,0.0,10.0,1.297184,0.739205,0.0,0.0,0.0,1.204795,0.0,0.00072
373,1,23972010,40000.0,10500.0,0.0,0.0,0.0,8580.962322,1373.677599,0.0,2.40839,1.107854,0.0,0.0,0.0,1.262862,0.201455,0.0
374,1,24036072,15000.0,30000.0,0.0,0.0,0.0,7209.213954,810.745131,0.0,1.005131,3.380349,0.0,0.0,0.0,1.319038,0.081716,0.0
375,1,24456032,200000.0,7500.0,0.0,0.0,0.0,3317.590099,273.307792,10.0,15.391605,0.707192,0.0,0.0,0.0,0.355659,0.034664,0.000791
376,1,24459983,200000.0,12500.0,0.0,0.0,0.0,5312.051009,281.466234,45.0,15.226518,1.219925,0.0,0.0,0.0,0.606676,0.035699,0.004514
377,1,24481450,15000.0,2500.0,0.0,0.0,0.0,0.0,0.0,0.0,1.183969,0.838891,0.0,0.0,0.0,0.0,0.0,0.0
378,1,24496417,100000.0,10000.0,0.0,0.0,0.0,6109.131475,0.0,0.0,7.882151,2.038415,0.0,0.0,0.0,1.564117,0.0,0.0
379,1,24496519,15000.0,10000.0,0.0,0.0,0.0,4671.194481,0.0,0.0,1.182323,2.038415,0.0,0.0,0.0,1.189885,0.0,0.0
380,1,24498448,15000.0,7500.0,0.0,0.0,0.0,3738.31717,0.0,0.0,1.182323,1.389407,0.0,0.0,0.0,0.908266,0.0,0.0
381,1,24508091,15000.0,2500.0,0.0,0.0,0.0,0.0,0.0,0.0,1.68977,0.317079,0.0,0.0,0.0,0.0,0.0,0.0
382,1,24553390,15000.0,0.0,0.0,0.0,0.0,0.0,0.0,0.0,1.622494,0.0,0.0,0.0,0.0,0.0,0.0,0.0
383,1,24553448,15000.0,2500.0,0.0,0.0,0.0,0.0,0.0,0.0,1.622494,0.270416,0.0,0.0,0.0,0.0,0.0,0.0
384,1,24609249,15000.0,5000.0,0.0,0.0,0.0,1405.473203,0.0,0.0,2.08775,1.263005,0.0,0.0,0.0,0.517161,0.0,0.0
385,1,24664491,15000.0,2500.0,0.0,0.0,0.0,1508.941552,0.0,0.0,1.702966,0.283828,0.0,0.0,0.0,0.526946,0.0,0.0
386,1,24670585,200000.0,15000.0,0.0,0.0,0.0,5488.405058,0.0,45.0,29.730187,3.636949,0.0,0.0,0.0,1.796998,0.0,0.015758
387,1,24717361,15000.0,2500.0,0.0,0.0,0.0,1553.322186,0.0,0.0,1.902474,0.317079,0.0,0.0,0.0,0.542445,0.0,0.0
388,1,24777007,15000.0,5000.0,0.0,0.0,0.0,1799.881263,0.0,0.0,4.573295,1.591452,0.0,0.0,0.0,0.587698,0.0,0.0
389,1,24815246,40000.0,7500.0,0.0,0.0,0.0,0.0,0.0,25.0,13.036051,2.44426,0.0,0.0,0.0,0.0,0.0,0.008643
390,1,24862171,40000.0,2500.0,0.0,0.0,0.0,0.0,0.0,0.0,15.111761,0.944485,0.0,0.0,0.0,0.0,0.0,0.0
