fly,route,egg_or_pupa,block,timestamp,owner,mother,father,seed,tier,pick,candidate_scores,maternal_loci,mutated_loci,eyes,body,wings,size,boldness,sociability,curiosity,fidelity,aggression,genome
334,egg,1,23400763,1790701186,0x1df89c0350e94575d0e20fd86c12e2a38e4c0ce1,247,324,0xd16fc25e9a2e6d3de10e93304dd3357085906c0b7424a144cedca66ee9b88c29,,,,32,0 52 61,white,tan,curly,small,65,41,44,48,22,fc756d3b 08a7e602 00000000 1a0b1804 6bd2306a 00000000 d0c88bc5 c6bc4064 00000000 00000000 690c716d 00000000 00000000 81c04b87 00000000 4f377589 00000000 00000000 00000000 7410b13f 00000000 00000000 d1090809 00000000 00000000 00000000 d55561d5 00000000 00000000 00000000 00000000 00000000 00000000 9218ac91 84dfa8fc a1a830b4 e25ae437 00000000 00000000 00000000 00000000 00000000 a8918d4a a2aad8b5 00000000 550922cc 00000000 00000000 2d283f0a 450cc4d5 00000000 2dc09e9f 6528f56b 00000000 dcd42ba0 00000000 00000000 00000000 00000000 00000000 00000000 fc03917e 40d22349 a70e23ab
335,egg,2,23401865,1790701744,0xc7f1dce49db860c865ce34e4eb65dbef625919ef,285,264,0x5aee9461a39081e6646eae65ee0579ba09f8260b95661dbacbad975fd7d6230f,,,,39,27,white,yellow,vestigial,large,64,50,68,25,61,00000000 62cd0729 19195e2e 2421f61b 00000000 fc54f4e6 00000000 00000000 00000000 00000000 1d4971ba cb7a00b8 00000000 00000000 00000000 00000000 00000000 00000000 00000000 0f83a618 00000000 00000000 00000000 6e50cb7a 00000000 00000000 00000000 29538088 00000000 00000000 00000000 fe1eec65 b4fd53f9 707c9cfd 00000000 af1a8fcc 60637dbc 00000000 00000000 00000000 00000000 00000000 eb3fb6db 9f37c34c 5fbc81fb a9538919 00000000 00000000 fe913512 3c284320 bd6f5159 00000000 00000000 6e7f9f00 00000000 00000000 00a327a4 00000000 00000000 764c18ed 00000000 13026a22 f26bef9e 47227c01
336,pupa,1,23407512,1790704606,0x27f48de5e0605da8b2a52ddfd06f6d273b804336,11,285,0x8b1726f75438b7351974e20f6ede1103f8a7c281ccb0341c90742547ebc5b1a5,1,0,270 294 274 287,31,35,vermilion,tan,normal,large,87,64,55,0,64,00000000 62cd0729 1dd08660 2421f61b 641b95f9 00000000 81313473 00000000 72f9767b 00000000 0e14c018 4727a490 a3a89731 00000000 38f624a1 8131e8bb 00000000 00000000 00000000 00000000 00000000 00000000 00000000 00000000 ebd5b200 00000000 00000000 00000000 00000000 08cd2013 00000000 ab842b57 c851658c 3c84d541 e6cdf28c fbeb1b4d 60637dbc 00000000 698bbdd3 85832ba0 00000000 00000000 b04e5ce8 5fce37d2 5fbc81fb 00000000 386ffef2 00000000 fe913512 00000000 00000000 00000000 00000000 00000000 00000000 00000000 00a327a4 00000000 00000000 764c18ed 4f6a1ae3 00000000 f26bef9e a8043922
337,egg,4,23436181,1790719154,0xac0e67aaaa15dc791153b64df4a9d121dce797e5,188,55,0x17a0e148460e8cab4e24ce44e9659f2ce2157d5f607e1fbebe5e11b4bbea1065,,,,33,,brown,tan,vestigial,large,95,54,68,48,59,e3aada33 00000000 00000000 00000000 f560ef33 4ed49646 00000000 00000000 fb199c8d b3fe760e e84caadd ea3ddf23 234fb48a 15315f0a b9e3e63e 90545a9b 18cc3ec8 823817d7 354f4639 00000000 00000000 00000000 00000000 00000000 00000000 00000000 b08bf923 00000000 d45e2115 00000000 af0c40dc b97aa5d0 76da27e7 4f0f6940 c415c6ab ed1bdaab 0d221e34 927931c4 00000000 463a37e1 ffb0b0f3 5c81ef87 f3bda145 00000000 9569407d 00000000 9fd6fd13 00000000 ef87da12 0818ec68 b655bcf6 83df2022 09e3e3a9 00000000 8ee49221 00000000 152b790c 00000000 00000000 1594850a 37573f21 00000000 00000000 00000000
338,egg,6,23440233,1790721209,0xac0e67aaaa15dc791153b64df4a9d121dce797e5,117,196,0x230edcf24fdf3efa02325db7bae81191553198fe3013a9ba5644f56374347d3c,,,,33,35,sepia,ebony,curly,small,56,55,51,32,35,dbb21f3e 00000000 00000000 00000000 ffbef3e0 2bb05203 e2aee32b 00000000 00000000 dd9bb852 ae4c111c e71b0fc9 f771e7e1 ecfa3dfd 39d01142 c7bbd90d cab55870 00000000 00000000 00000000 9e950beb 00000000 33d1c6ec f1164f46 9ea15478 938212de 00000000 00000000 6eb2f16f 282e56e6 cb305394 00000000 24c514f7 2ba0ca7c 195df2ca 7666ccb8 00000000 00000000 00000000 00000000 bf5076c5 6d814df9 00000000 b393f4de 10341937 206b0973 27371672 00000000 00000000 dfee310f 00000000 00000000 00000000 0c494b7a 5c4e14c8 00000000 00000000 00000000 00000000 00000000 54b76276 1aa00e4b 54fc66b9 00000000
339,pupa,2,23443868,1790723054,0x574b60bc1a42becb1de3972751e9238c26c9cccf,188,176,0x3f3f6613c0189f02d4fff85618b1d788b503a232878935367917a27488ce526e,3,1,265 373 271 318,30,49,sepia,yellow,vestigial,large,64,85,83,75,66,d14dc5a4 00000000 00000000 a2d74da9 00000000 4ed49646 00000000 4008ab3a 2d3698ad c29ae7ec 00000000 88bbba77 234fb48a 00000000 b635f548 daa43a09 00000000 823817d7 73ee8707 00000000 00000000 00000000 00000000 00000000 dd62fa1d 10641abc f628f520 00000000 0052e531 00000000 00000000 b97aa5d0 c8a33aec 3c26ced5 c415c6ab 00000000 0d221e34 927931c4 df3e090c 28cf6118 e87c192f a9e739ef e17ac633 9f21cbf8 6aa187a7 00000000 8887a9c8 b0ffe40a 26340f75 8c8225c3 b655bcf6 00000000 09e3e3a9 00000000 9632c3f7 8680437c 05c9e426 1052df1c b2f6ef32 1594850a 37573f21 00000000 00000000 00000000
340,egg,7,23453910,1790728148,0x46f440d3d4e6466034b2a5034fc501ac0a31bf29,323,115,0xb8f3288619998d5f11194fed62cbb8cb551b1724d5d8c21a78b11dd0d3ec0ac5,,,,31,50,vermilion,ebony,vestigial,small,16,46,92,34,44,00000000 00000000 00000000 27ff3d4e 00000000 00000000 00000000 00000000 00000000 00000000 00000000 00000000 00000000 7135a3de 2937f93b 00000000 00000000 83ed2f4f 95c4a9e0 13cd9dc9 00000000 8aeb75a3 00000000 00000000 6dc6c77e 00000000 00000000 56958187 a9a0e723 ada90430 00000000 00000000 00000000 00000000 00000000 2e03ce74 00000000 00000000 00000000 fa83ef72 00000000 78954753 97d54707 00000000 78893121 7190ace1 f5055743 8408b686 05c53d6f f4a5052b 5046172d 00000000 e2e9fc56 00000000 00000000 00000000 00000000 43acd96e 00000000 00000000 00000000 e3e10d1e 3628d282 00000000
341,egg,8,23457488,1790729962,0xccde496b83c644f779e5b6fcc0cc4a5c276fa5d4,321,213,0xaf5ca81c153a8a0b5e9fd5241e7d5d07cd793f21e135015bddbb5aa454b06b82,,,,31,58,brown,ebony,vestigial,small,44,50,84,54,51,cd68dfef 00000000 00000000 00000000 00000000 534d6fbb 00000000 00000000 c7af55b9 4acd1f17 00000000 bb780dcf 00000000 00000000 00000000 00000000 828f5699 00000000 00000000 00000000 1f6602d3 00000000 00000000 00000000 00000000 00000000 00000000 d537322a 8501e357 2b3bea5b c08eb5fc 00000000 6dd113a2 10d351b3 00000000 00000000 7403499e 00000000 48206982 00000000 00000000 00000000 0e9185e7 dda92f5e f24aea0d 8a3185f1 37c68fc5 00000000 2b828d32 8805c370 00000000 00000000 3867d628 b70b5805 ce30d76d dc5236b5 351d3532 00000000 810111dd bc69fe20 00000000 791a3635 00000000 89ddc7a3
342,egg,10,23465500,1790734026,0x88c58b42f2783131d51a58af7f1a9b491089afeb,328,141,0x431d81201a9e2263c440dd132a7f4f5f59388722e179d7b028c1e2631ccd403e,,,,26,6 45,white,yellow,dumpy,large,76,55,81,69,58,70428311 fc666efa 00000000 2c80db64 00000000 ea255dfc e823a3ec 00000000 4add35e3 00000000 00000000 95fe58fe 2a756bf7 00000000 78530364 00000000 00000000 f55a11a9 00000000 00000000 8855f6a8 36ab1afb 00000000 12da4d5f 22484659 eae01172 86131a59 7d46a538 00000000 00000000 91efded8 4def3687 00000000 b21ba7cc 8090873b 00000000 1bb057bf 1a6a3d2d d46a7981 00000000 00000000 a2df7e5f 9fba2700 5700a002 b71cbf63 94e3696b ab8e85cb 2c9edac7 00000000 01d1c8d7 dc8effb8 4ef49326 00000000 92578d17 0b34bef4 52987be5 6287c670 f708dd26 00000000 00000000 e0823821 00000000 2d266212 00000000
343,egg,11,23466201,1790734382,0xb39e79d3540fc34f516af70574b94d4ef8f885d2,42,30,0x94ca3220971852c8f2a36beba84f1c07fcbb57ecd7a9df0203a7228ba2eb6b06,,,,29,34,sepia,ebony,curly,large,48,36,48,39,36,a05f42b6 c4b2c125 00000000 387b121c 4e735ee0 00000000 00000000 00000000 00000000 6f5b1773 00000000 359578a1 424b474b 251203eb 00000000 4005e5ac fe9e1c5e 4bfb02a3 2391f757 00000000 e5f46fdb 8c6a6bb8 24e89967 00000000 00000000 0065ff48 00000000 41b0eb4d e702ed97 00000000 00000000 478906ff 00000000 00000000 a3f3918c 00000000 7feb9298 4d3aa890 00000000 00000000 6bea3144 00000000 43e66f9d bfcd114c 00000000 55df78f5 15321070 00000000 00000000 a7371478 00000000 00000000 846974dd f49c1585 00000000 9e55f934 cd78deb9 6c5a5173 00000000 00000000 00000000 00000000 ff7d7c0c df66b938
344,egg,12,23471828,1790737236,0xa754afb7549fce6e666bfcd6d4a4064c7d732d0e,187,320,0xfe9a31222565136415cd46fcd68970f9b4f446a88c3afda8938f8dad5405d8de,,,,32,32 62,white,yellow,dumpy,small,55,49,56,44,40,00000000 6bd5c722 00000000 92942d18 96951314 00000000 6391cf79 00000000 ac671140 7da351d4 00000000 00000000 00000000 00000000 f12215ca 00000000 fe483cd6 d818f59d 00000000 008a4c92 00000000 06c8fa64 c91f2dca 00000000 00000000 00000000 a7f63c14 00000000 00000000 e2c57937 00000000 99b361f4 546faa64 00000000 ae763b4d 07d1fe88 10b1f194 00000000 08cba4cb 0f537dd0 068c3d64 00000000 00647a79 00000000 00000000 00000000 b7e8b4d1 42b2267f 00000000 464286ef 00000000 00000000 0f55806b 26b727cf b1409e28 00000000 00000000 00000000 52e1fad1 870646a0 00000000 00000000 2c3a2b20 00000000
345,egg,13,23472093,1790737371,0xa754afb7549fce6e666bfcd6d4a4064c7d732d0e,305,306,0x88ec6957b249d3d41a2010e25beba93acb6cff7663a31731bb317f2b52764ad1,,,,33,6 28,sepia,ebony,curly,large,68,52,83,68,74,00000000 339540a8 00000000 00000000 b8007d06 00000000 353f3b49 a77b296e 953749b3 7512ef30 00000000 e2dbb512 ea8fb3dc 5d072863 00000000 00000000 00000000 00000000 579fe1eb 00000000 00000000 0d6a0cfb ab666070 ec65f538 04623b0c 44920a13 548efda8 00000000 cedb9b75 00000000 e97ef525 55be7d5d 6957de4c 00000000 87f41e0d 00000000 431d1c27 ffacf366 00000000 00000000 7f6eac78 62af1b77 00000000 1f89fd31 19518b03 e4146527 583ae6bd 3fac7d5c 00000000 4ad389f9 00000000 300caf2f df66e21c 8f887d5d 00000000 62c8d54c 00000000 016d7caf e56d5bf0 6291b551 00000000 cbf289e5 00000000 d6701710
346,egg,9,23474865,1790738777,0xec0408f9fb4c25a98e60b6e5715cd059b1fa172f,175,295,0xc3b3d4cb93ec0d824e4348f6e9744a2a4dcc0810998cc151f37450edca4a4d3f,,,,35,,sepia,ebony,dumpy,large,48,32,40,36,52,00000000 c0fb1133 00000000 1cb35868 f766b3b5 00000000 04ece96d 00000000 00000000 22c60e2e 00000000 00000000 00000000 00000000 891da1ab 1e4eda0f 1751edf2 00000000 1cee0cc5 00000000 108f86e6 caa04675 95a78165 05721097 00000000 a738ff9b 3f7f0893 00000000 00000000 00000000 91a64c35 00000000 00000000 a8f49e58 00000000 56fc2ebb 00000000 00000000 2f6505d1 00000000 00000000 00000000 00000000 900745bf 00000000 9a551a4f 00000000 c9866c93 00000000 39d27c03 4f78708d 00000000 00000000 a75bd425 00000000 e0a86db3 00000000 7a4d5a0c 00000000 7c36310f 06a2cb48 00000000 f242eada 00000000
347,egg,14,23475339,1790739017,0x1a3a0e6f222e823cc8d0f39d87042f88ab763872,177,6,0x39696937f25b8ab39299166cd49e3990738227d5af5d6e22abcffb7feb807976,,,,41,29,vermilion,tan,dumpy,small,48,50,44,44,63,d7763cfd 00000000 00000000 574f9fe7 be43b7a1 00000000 00000000 00000000 251078dd 00000000 00000000 00000000 7c09c3f0 00000000 a364da08 00000000 c1e3dbe9 00000000 00000000 00000000 907be325 6c407ada e4143188 a9732cf2 00000000 00000000 00000000 00000000 978bfa69 8230981b 00000000 00000000 00000000 00000000 20b47460 da280fed 5a3fae82 6341f0d0 00000000 00000000 c5fdae70 76da3101 180514bd dbab4b1a a1481ec1 00000000 00000000 b88771c6 ad2939e2 00000000 00000000 dadd5ea9 245b554c 00000000 5c508037 00000000 84161b65 00000000 00000000 00000000 c5640200 2821ab13 0e7cf928 37b55730
348,egg,15,23475916,1790739310,0x1a3a0e6f222e823cc8d0f39d87042f88ab763872,98,4,0x2c92e46b57dea947029f1c94bbfd86297bba381ed055f6188e90fff0e2d3e902,,,,32,4 30 34,sepia,ebony,dumpy,large,68,50,39,58,50,b0b14b31 9ab9fb11 fd3f8ff4 6c071beb eec2756d 947a4088 133b7de3 e8884f02 00000000 00000000 e2ec7fd1 3e559288 429abdc7 00000000 9490ec19 00000000 00000000 00000000 00000000 3c422bd7 0ea5b264 3d6200cb 00000000 e728d63e 00000000 632603f7 00000000 44d35086 00000000 00000000 9616211d 5344f992 365ade66 d7348255 9936f8db 00000000 0af23358 50c61494 00000000 00000000 00000000 90135e81 f1f65c2d 00000000 3778a836 c94d91f1 00000000 00000000 00000000 00000000 126f7152 4a629f2f 46f804f8 00000000 00000000 b4033850 00000000 00000000 6683a2e9 4bfe5da3 00000000 00000000 5688a1d9 e36ff1b1
349,pupa,9,23477744,1790740237,0x3f62ae0c7ed24dcd2b52c1c224296519b02df00d,187,199,0xdd6b556be335bf9226fe342ade099651f660bdef41f2adee4670bc7231770453,1,0,236 225 244 248,28,4 27 49,sepia,yellow,curly,small,59,34,83,60,0,d681bd4c 6bd5c722 e6c48459 add5873b 624dfbb4 f4dd37b1 6391cf79 00000000 3666dc9b 3646a4af 3d58c3e3 00000000 00000000 08cb21af 1544c570 4302be4f fe483cd6 00000000 00000000 00000000 03831518 f2957248 00000000 00000000 5f76b883 41165085 4cfab60b d38eb174 00000000 c469ca8a 00000000 2cd76272 9203a336 00000000 fd40c8cf b38f9da2 00000000 00000000 b621c67b 00000000 00000000 00000000 00647a79 00000000 d38e43ea 25eedc88 ff8b9d88 42b2267f 00000000 c75c957d 65c3936d 00000000 00000000 00000000 70543fce 4899d37d 00000000 00000000 00000000 00000000 00000000 00000000 d562a468 00000000
350,pupa,10,23478217,1790740477,0x3f62ae0c7ed24dcd2b52c1c224296519b02df00d,55,305,0x67fad2a395164186ba8841ed3289cbfac623f0e47e7dde3af7dd14d8bae9c0e7,1,0,368 290 296 309,36,25,brown,ebony,dumpy,small,60,88,83,51,86,38379121 00000000 00000000 00000000 b8007d06 0d2a9434 00000000 00000000 00000000 7512ef30 00000000 e2dbb512 00000000 00000000 b9e3e63e 90545a9b 18cc3ec8 00000000 579fe1eb 00000000 00000000 00000000 96d47763 e209462b 4a281cf9 9c252b34 00000000 abcdaaa6 640b61ce b5ecd79c e97ef525 8d4742b9 6957de4c 00000000 699135a4 ed1bdaab 6d8b22e8 ffacf366 00000000 1539562b 7f6eac78 62af1b77 f3bda145 1f89fd31 891fe4f3 e4146527 583ae6bd a3c2aa79 ef87da12 e0a67272 8ce0d47f d65e6ada 00000000 8f887d5d 3049f8b6 00000000 152b790c ddc0e93d 61903318 6291b551 6b964e3b 535e70e3 00000000 00000000
351,pupa,3,23481915,1790742353,0x81b4bf458a73ea46fadd46ee8236e5f94c4eb8e0,55,188,0xe5aea58d40c88505175acb0a20ba0a216a35bde5b016ed4f8ea0127b63edcf88,2,1,327 337 318 269,32,61,vermilion,ebony,vestigial,small,72,71,59,48,87,e3aada33 00000000 00000000 00000000 00000000 4ed49646 00000000 00000000 fb199c8d b3fe760e e84caadd ea3ddf23 234fb48a cd2692d1 b9e3e63e 90545a9b 18cc3ec8 823817d7 354f4639 00000000 28087165 00000000 96d47763 e209462b 00000000 00000000 d38c0c17 00000000 d45e2115 b5ecd79c af0c40dc b97aa5d0 76da27e7 4f0f6940 c415c6ab ed1bdaab 6d8b22e8 00000000 00000000 463a37e1 ffb0b0f3 5c81ef87 025d9883 06916daa 891fe4f3 00000000 00000000 b0ffe40a 26340f75 0818ec68 b655bcf6 83df2022 09e3e3a9 00000000 8ee49221 00000000 05c9e426 ddc0e93d 61903318 00000000 37573f21 b5b7f6fc 00000000 00000000
352,pupa,12,23499323,1790751184,0x1a838bc693fb8eb08861505564e2ceeb229702a4,6,177,0x6df310c03b346149548e6c05686e8f99738fb6ded7867208c1707a23c72c89a4,1,0,261 311 264 270,28,0 57,white,ebony,curly,small,52,48,64,36,61,ef7038e0 00000000 3ea3fbba 00000000 be43b7a1 7ed3427a 00000000 00000000 00000000 00000000 00000000 00000000 7c09c3f0 00000000 a364da08 00000000 18062d28 00000000 00000000 00000000 00000000 6c407ada 00000000 a9732cf2 00000000 19f6da91 00000000 00000000 00000000 f89cc8a8 00000000 935385a9 00000000 00000000 20b47460 da280fed 5a3fae82 00000000 00000000 6260edf1 c5fdae70 82a21cae a3994495 00000000 68c6bef6 c77cea17 00000000 b88771c6 ad2939e2 00000000 00000000 dadd5ea9 245b554c 00000000 e550655f 00000000 00000000 32bd871e 00000000 00000000 eb3a87b3 2821ab13 0e7cf928 c6b25053
353,pupa,6,23507326,1790755254,0x65d3f783f7a9f2a30cf70a8b3f6789fe98779086,196,287,0x01b343e2c3836c7f03bba3b23f88e5da6e2155ccb1846d1e1bf37a5d6330bf31,1,0,288 257 231 289,34,3 48 57,sepia,tan,dumpy,small,42,64,50,61,71,dbb21f3e 00000000 00000000 38c3e839 15b1ffeb 00000000 c64aee46 00000000 00000000 dd9bb852 00000000 00000000 d89070b3 00000000 00000000 c7bbd90d c8ac2f08 33465c12 112b2cce fb2f0078 71b2c2c2 00000000 00000000 00000000 9ea15478 938212de 28e866c3 64089a11 00000000 00000000 00000000 8d311141 00000000 00000000 195df2ca 604a0fa9 00000000 93e5ec3d d7125cc8 00000000 00000000 6d814df9 6222ee19 b393f4de 71ac8dfa 00000000 00000000 00000000 76f514c8 dfee310f 65959e09 ddd751cf 00000000 0c494b7a 00000000 00000000 00000000 1f1449d7 a7e05576 00000000 5d9bf3c3 b95bb02a 00000000 00000000
354,pupa,5,23507451,1790755317,0x65d3f783f7a9f2a30cf70a8b3f6789fe98779086,196,141,0xfd20a8065c254afe0953dd14de39dca61aa6d5a6974e248a5bf3e41ec17c13b9,1,0,247 293 244 275,34,31,sepia,ebony,dumpy,small,68,72,37,43,27,dbb21f3e 75799cac 00000000 5eab41ff 15b1ffeb 00000000 00000000 00000000 00000000 dd9bb852 00000000 95fe58fe d89070b3 00000000 ce1e535e 00000000 6c2cb2e7 f55a11a9 e6acc291 00000000 71b2c2c2 00000000 33d1c6ec 00000000 9ea15478 eae01172 c34c314e 0b99a299 5d8d5f67 00000000 00000000 04dd0443 00000000 ccd7c879 195df2ca 604a0fa9 00000000 0a78ebc4 2412ae73 00000000 00000000 2b6e5bcc 4e265b14 5700a002 b71cbf63 00000000 00000000 00000000 00000000 dfee310f dc8effb8 4ef49326 00000000 0c494b7a 00000000 00000000 00000000 69b0bd23 00000000 00000000 5d9bf3c3 00000000 b043c619 00000000
355,pupa,4,23507555,1790755370,0x65d3f783f7a9f2a30cf70a8b3f6789fe98779086,328,323,0x51e335ce3eda9d266040eb45653cadf47db72528350f2fa5d7dece7df7a6ef7e,1,0,320 262 268 230,46,38 53,sepia,tan,vestigial,large,55,70,81,60,54,00000000 fc666efa 00000000 2c80db64 00000000 ea255dfc 00000000 00000000 00000000 d7c9e730 00000000 331d53d0 be6cf721 41d140b4 78530364 16583df1 00000000 24d6d7bb 00000000 13cd9dc9 00000000 4c8d4dc2 00000000 12da4d5f d0414eeb 8ca58645 86131a59 00000000 00000000 14a6ca13 00000000 00000000 00000000 06f297e3 00000000 00000000 43b55f62 1a6a3d2d 949a84b1 fa83ef72 00000000 a2df7e5f 46391c58 104b3368 78893121 9a186a2c ab8e85cb 2c9edac7 05c53d6f 00000000 00000000 00000000 5274082d d5dca0d5 0b34bef4 52987be5 00000000 7dacab19 1edb13e7 00000000 6d6a1c64 e3e10d1e 00000000 440ee994
356,egg,17,23509722,1790756470,0x3f62ae0c7ed24dcd2b52c1c224296519b02df00d,27,76,0x2b4e2469cb4a8d55d449bdcd2b819f04075d660ff59ae258469efa92bb107e56,,,,33,29,brown,tan,vestigial,small,72,50,70,0,52,871aa17a 00000000 00000000 1d55998e fd18c942 9adde1ca 00000000 f257540f 31993a56 38b1e826 00000000 6a06f88e 00000000 d974b0c2 3fd9c314 00000000 00000000 9323e15e 507436a6 00000000 00000000 00000000 00000000 00000000 bcf9906e 00000000 00000000 00000000 00000000 b3474b28 4e8c5530 728bbbbf f4fc4b0b 5918761e 76fa5164 00000000 00000000 a384f6c3 00000000 98fabd1d 00000000 00000000 4e973f5e 39934161 d364ef65 9e9cbd83 06b0ffd2 35d8a7b5 00000000 702487e0 00000000 00000000 00000000 00000000 00000000 00000000 00000000 00000000 00000000 3f1f6644 fd1ea76c 00000000 00000000 f3167a46
357,pupa,8,23510382,1790756804,0x3f62ae0c7ed24dcd2b52c1c224296519b02df00d,286,199,0x9c667b259be321931af11cf4935861bf95ea0bf03b28c333d0079bcba27a456b,1,0,213 249 266 284,32,,sepia,ebony,vestigial,small,68,42,39,44,20,00000000 691fafa0 e6c48459 510fe4e9 e009b18c 4d906bb8 9e47f2af 00000000 0e88e5aa 3646a4af 00000000 00000000 00000000 08cb21af 977dbf85 4302be4f 00000000 c57d740c 4597f19c 00000000 0e6583e4 00000000 713c1285 00000000 00000000 13f88e45 4cfab60b 00000000 a3ed3c12 b879e5c4 00000000 10a1e671 95a623ad 3ade9d3f fd40c8cf 00000000 00000000 a5e6911f 00000000 b391b646 f34611e7 411e6732 00000000 00000000 155356c0 00000000 ff8b9d88 00000000 f612e7f9 00000000 00000000 00000000 00000000 50ab79a1 00000000 4899d37d 00000000 00000000 298c96ae 00000000 00000000 00000000 00000000 00000000
358,pupa,7,23510812,1790757023,0x3f62ae0c7ed24dcd2b52c1c224296519b02df00d,287,286,0xf02c800be7b50501602f49cfad3489044470d00b3962c6ed51eca997e05b990a,1,0,274 268 249 276,31,25,vermilion,ebony,curly,small,53,50,62,74,35,00000000 00000000 00000000 00000000 00000000 4d906bb8 9e47f2af 00000000 d235774f c758e3b5 00000000 00000000 00000000 4df467a4 977dbf85 00000000 c8ac2f08 33465c12 00000000 fb2f0078 faad7bb5 00000000 00000000 00000000 00000000 017eb3ae b862d3e2 00000000 00000000 a6376c12 00000000 8d311141 00000000 00000000 6ddd614c 00000000 12087f3c 4777d0bb 00000000 00000000 00000000 411e6732 76f22966 6e637162 155356c0 33cef482 87894568 00000000 f612e7f9 00000000 65959e09 ddd751cf 00000000 6654d8c0 00000000 ec25d622 00000000 b89fbf5d 00000000 00000000 00000000 5fdeec88 00000000 00000000
359,pupa,15,23514748,1790759021,0x65d3f783f7a9f2a30cf70a8b3f6789fe98779086,15,181,0x758b99dfebd43eb35aa09516953b13bb1d78f43b06fedffb890ff279c0dcee7e,1,0,292 266 283 289,36,42 53,brown,tan,curly,small,68,71,60,36,57,00000000 d91c5551 2eb8aa97 1eaa9dc5 053b7794 00000000 7e113263 f7427853 373b4208 b409a1bf 2b8e0038 00000000 00000000 cf796f73 00000000 00000000 4b04e5ed 288f2d6c 00000000 00000000 00000000 00000000 00000000 e6abc3d6 3f733ea2 c98dd9ab c3af612b 90a62ea1 00000000 00000000 00000000 8d20803e c5e654d5 cd160e44 4d3ffb90 00000000 9ff00764 cfb55ed6 a3760d15 2a40250a 6b4159ef 83a05991 9742a8ca 00000000 37263b8e 00000000 446dd15b 4f2e5c5d 00000000 00000000 00000000 00000000 1a8cb520 1b67e5ef 00000000 42f2b8c4 2be2d088 995d665b 00000000 00000000 00000000 a16b8a11 00000000 00000000
360,pupa,16,23525827,1790764642,0x81b4bf458a73ea46fadd46ee8236e5f94c4eb8e0,117,188,0x72599489261918c20b488f382c0b4346c3439bcee96de921a8ea5bd6914461f4,1,0,341 320 268 319,31,,vermilion,yellow,vestigial,small,81,67,84,69,40,e3aada33 00000000 00000000 a2d74da9 ffbef3e0 2bb05203 00000000 dbc318dc 00000000 c29ae7ec 00000000 00000000 234fb48a ecfa3dfd 39d01142 186413b5 00000000 823817d7 00000000 00000000 28087165 00000000 af8036db 00000000 7829c068 00000000 d38c0c17 00000000 6eb2f16f 00000000 00000000 a788877c 00000000 2ba0ca7c ae1e0fae 3b8568c9 bcb0637f 927931c4 00000000 15b6e89c bf5076c5 efafb501 025d9883 00000000 10341937 00000000 27371672 b0ffe40a 26340f75 95db650c b655bcf6 22fb20ab 09e3e3a9 4630ebb8 5c4e14c8 00000000 05c9e426 00000000 00000000 00000000 37573f21 f0407f25 00000000 00000000
361,egg,19,23540202,1790771936,0xe79ca7d5c265c93be2b23e4e04ba9d8357622db7,246,161,0xa1a6ca27c5fbb4f66239ecef2d92d0038f74dc978f0b4ff64d61e908b54a094b,,,,27,,sepia,tan,curly,small,42,34,72,29,75,c8e8ae9c aacd2e8f 00000000 00000000 b436b640 00000000 00000000 31d29117 00000000 00000000 00000000 00000000 00000000 40e60a94 00000000 00000000 a640d85d f062b117 f1f1f6df 1c015805 00000000 00000000 f9e382a3 00000000 75f2f3cb aef7b1d9 00000000 f1e98280 5f216c9f c8194d0f 00000000 35d66e0d 00000000 41135bea 00000000 00000000 baf9199c 6237ffd5 00000000 246c4fd1 00000000 00000000 00000000 00000000 b316bab1 00000000 300cadee 00000000 3cf2e57a 0335f28d 00000000 98c87299 00000000 00000000 00000000 00000000 00000000 fb8c32af 47943ddf 0a478fa2 b8124fff 846b2612 1ad3d5db 00000000
362,egg,20,23543636,1790773679,0x22fdae531a69647a0ade9154093ac83769f9dc49,220,142,0x0c5c7d673649588dfd44ddb7da1af945cf0e10761d5589aecbee5d3607c786d4,,,,35,,sepia,yellow,curly,small,53,44,70,50,59,1bb28235 00000000 87db14eb 266513f4 36b6e676 00000000 00000000 248cfa2c 187734c5 00000000 8e719772 fefc5ed3 00000000 00000000 00000000 00000000 3e540b8c 00000000 04046608 00000000 33727544 00000000 7fd73505 00000000 d8a1b799 db490147 00000000 00000000 2346d74c 00000000 00000000 ec999af1 00000000 00000000 9a1bf1f9 bcac6145 06abd0d7 00000000 41be9129 be444f84 946582d2 00000000 00000000 00000000 88af6674 f80eb27a 2b3f9fa2 75063237 e58cb621 00000000 05d933d5 00000000 00000000 3937abdf 00000000 00000000 76f90810 00000000 26a275fc 00000000 00000000 986189ba 752ad14c 00000000
363,egg,21,23565527,1790784788,0xd00226b73bab097e97c6df416dc031df7c4b5af1,211,271,0xec6a1e905c2c88bdad6d4223b9e905c39923146a09c0b755448736b7fddc6d48,,,,32,26 36 45,vermilion,tan,dumpy,small,30,51,63,0,48,00000000 00000000 5d37cb5f 00000000 a31e3a6d 00000000 00000000 00000000 00000000 18be8447 6da21177 00000000 00000000 f78c79f1 cb2acacf 2d763897 d9a0c589 00000000 00000000 00000000 00000000 00000000 00b851f2 00000000 00000000 00000000 0ea4a8d2 00000000 00000000 00000000 54d6fe48 00000000 00000000 00000000 3fc51c6e 00000000 3ea3de70 00000000 00000000 500b6625 00000000 c4e77eb6 00000000 1f978817 cc0081bb 0f989cdc 37e3b1f2 00000000 00000000 00000000 00000000 00000000 00000000 00000000 00000000 00000000 5393c570 00000000 c17306ec 00000000 00000000 00000000 00000000 d9999a3e
364,egg,23,23589039,1790796728,0x27f48de5e0605da8b2a52ddfd06f6d273b804336,284,285,0xd6fd53e36df1a6228722d248430fb8797e960abe63c2b4d9e58c929022a63c01,,,,24,,brown,tan,curly,small,75,66,36,50,45,79de127a 62cd0729 19195e2e 2421f61b 641b95f9 00000000 81313473 8f038f45 00000000 00000000 85f92e64 07e58018 9fd5bee7 00000000 38f624a1 530a157d 00000000 451b8958 e160d144 00000000 00000000 00000000 00000000 23e0d50e 00000000 607038cc 00000000 f31a85ee 00000000 00000000 00000000 fe1eec65 b4fd53f9 707c9cfd 00000000 af1a8fcc 765ee455 00000000 00000000 9d23f32e 00000000 e17d6db7 eb3fb6db 5fce37d2 00000000 894d3b19 386ffef2 00000000 fe913512 00000000 bfcbf502 599a2e2a 00000000 6e7f9f00 20e81859 00000000 00000000 00000000 00000000 764c18ed d6c97d21 394a1183 00000000 00000000
365,egg,18,23647600,1790826454,0x979358182743d44831696146a36aecf1ebbe7325,15,215,0x5b86cf172978e14855046394e2788b299ddc928ef16c47498e52261890de323a,,,,25,52 57,vermilion,ebony,curly,large,39,75,24,48,64,3f917682 d91c5551 6de3622c 1eaa9dc5 053b7794 00000000 c0542f36 5251f6da bd39ff6d b409a1bf 00000000 598663e4 60c62627 cf796f73 8fda2a58 00000000 66b83312 00000000 00000000 00000000 00000000 00000000 00000000 e6abc3d6 00000000 00000000 950f1fd9 00000000 00000000 00000000 00000000 8d20803e 00000000 8c59c092 00000000 00000000 9ff00764 84b30b8e e1ed5492 00000000 3e5cbcde 83a05991 b12e1be7 00000000 00000000 00000000 00000000 c2c5ff27 00000000 00000000 00000000 00000000 ee8b1664 6235c642 00000000 00000000 46bea063 e661cc6a dc3294d0 00000000 00000000 00000000 00000000 00000000
366,egg,26,23702211,1790854163,0x81b4bf458a73ea46fadd46ee8236e5f94c4eb8e0,185,27,0x2027d2d67d4fe11903b9890877435a2d2908569e9ebc49952ff94fef264f9ed7,,,,38,1 16 19 46,vermilion,ebony,dumpy,large,67,74,64,69,55,00000000 52ac3860 00000000 00000000 00000000 00000000 7df6d643 dc31dfba 4e37ec48 4b3a0ca2 00000000 76c5567e 00000000 d974b0c2 3fd9c314 5c84a2c7 b8c08a9d f8d760ca 00000000 41923aad 00000000 4039e659 25fcdfc0 00000000 bcf9906e 00000000 00000000 00000000 00000000 c4b437be 46286202 728bbbbf 19c0b7f8 863f9e73 580a1571 9a970936 00000000 00aa1a1a 00000000 58490f1f 00000000 e03dd7f0 411a2549 15f0039b d364ef65 9e9cbd83 a2ce1d35 35d8a7b5 00000000 702487e0 00000000 703ab614 50f4baf3 00000000 4addf499 7d58958e b6b24efd 00000000 8bd139eb 00000000 ccef554c e1aeb5d0 00000000 00000000
367,egg,27,23720196,1790863287,0x1a3a0e6f222e823cc8d0f39d87042f88ab763872,188,6,0x7e891774f6e7071c356762dbbd88061e540fd67f250d0faf9aef4709d228ad68,,,,30,3 26 56,vermilion,tan,dumpy,large,31,45,79,75,55,d7763cfd 00000000 3ea3fbba 59dc09b8 00000000 4ed49646 00000000 00000000 00000000 00000000 00000000 00000000 00000000 cd2692d1 2fd676a6 186413b5 c1e3dbe9 00000000 00000000 00000000 907be325 00000000 e4143188 00000000 00000000 00000000 1fdd3be1 00000000 d45e2115 00000000 00000000 b97aa5d0 00000000 00000000 f0a677f6 3b8568c9 00000000 00000000 00000000 00000000 ffb0b0f3 a9e739ef 025d9883 00000000 68c6bef6 c77cea17 00000000 3d5e9301 26340f75 0818ec68 b655bcf6 83df2022 245b554c 00000000 8ee49221 00000000 06abbb85 00000000 00000000 1594850a 37573f21 8e643299 0e7cf928 00000000
368,pupa,19,23780989,1790894134,0x939571499a81766380edd7040bb16a785b800855,220,188,0x3c035dadd11571572fe61a85668dae615f16083d12b8cca789c0cbdd5178ed68,2,1,323 340 292 264,32,58,brown,yellow,vestigial,small,84,74,68,54,60,e3aada33 00000000 00000000 00000000 00000000 c236a4cf 00000000 00000000 40d6fee1 c29ae7ec 8e719772 00000000 234fb48a 00000000 38260657 00000000 00000000 823817d7 73ee8707 00000000 00000000 00000000 7fd73505 00000000 d8a1b799 00000000 d38c0c17 00000000 00000000 00000000 d90c5241 b97aa5d0 ab1fd6c0 30418422 9a1bf1f9 00000000 06abd0d7 927931c4 c24c9b27 27024560 946582d2 1adefeb0 025d9883 00000000 9569407d 00000000 2b3f9fa2 a95002a6 26340f75 0818ec68 b655bcf6 83df2022 09e3e3a9 00000000 00000000 00000000 76f90810 00000000 1f130e94 00000000 37573f21 00000000 00000000 00000000
369,egg,29,23797355,1790902438,0x08bf056c728966c8d6d3f2acb0ad4be521ed0631,305,219,0x66a8a87ebfb7198ee4973c245df32a0336f220642a219d28dd049efc12025b2f,,,,31,,white,ebony,curly,small,53,57,75,37,41,00000000 f35a159e 00000000 00000000 00000000 98a417d2 07ab4194 207d97df 00000000 7512ef30 00000000 e2dbb512 00000000 e97b9b21 00000000 00000000 00000000 00000000 a197a1a9 00000000 fa56a83a 00000000 c1467004 00000000 00000000 44920a13 00000000 72166dd2 3302612e 00000000 91c47fd6 88ded17f 00000000 4f9c864a 699135a4 00000000 3df4ac0e ffacf366 00000000 41d0c8c8 c9f396fc 62af1b77 00000000 1f89fd31 19518b03 40b742f7 6e4f0cc3 a3c2aa79 00000000 302f4731 00000000 8cbffe74 00000000 00000000 00000000 961e8546 00000000 3ca39569 00000000 6291b551 00000000 00000000 00000000 d6701710
370,egg,28,23817518,1790912669,0x88c58b42f2783131d51a58af7f1a9b491089afeb,15,141,0xa95eca8b92b7fb73ada586d1d47152287d2b0adeb3591e84aa7a532faaf14947,,,,34,28 58,sepia,ebony,curly,large,56,65,36,49,60,80e7dda3 d91c5551 2eb8aa97 7e275b90 bf044b22 63f7e8c7 7e113263 00000000 00000000 00000000 00000000 00000000 2a756bf7 00000000 00000000 00000000 f0cc6f98 f55a11a9 00000000 f5d168f6 00000000 273c1c68 00000000 e6abc3d6 22484659 00000000 c34c314e 77709678 ae174322 00000000 91efded8 8d20803e c5e654d5 00000000 00000000 00000000 1bb057bf cfb55ed6 2412ae73 00000000 00000000 83a05991 9fba2700 5700a002 37263b8e 00000000 446dd15b 00000000 52e87baa 00000000 dc8effb8 00000000 417c5fba 373974eb 00000000 00000000 6287c670 00000000 a7ceae6c 00000000 e0823821 9ef5a657 2d266212 00000000
371,pupa,20,23863864,1790936185,0x648468901b406e4fbb453e167ab0058195b2f8f9,294,47,0x70987fcd2d77972c56195e63d33cabaecd7b46ecb8f500f474bcae1502b63ca1,1,0,264 327 286 198,30,16 38,vermilion,yellow,dumpy,small,51,73,29,49,62,00000000 d6ebd488 00000000 9ccb3e32 00000000 00000000 00000000 00000000 92a18306 884cd3c9 00000000 00000000 00000000 00000000 00000000 00000000 039b5b56 5302bf47 3ff0b526 1afc7098 5449d6af 00000000 00000000 00000000 00000000 00000000 4cfd8ef2 daa69685 4b293fa0 00000000 00000000 62763960 00000000 127e864e bbcc4da4 0b4c1c44 00000000 be0e5df1 93723461 00000000 0b0baf32 2275a7c7 e7f855a0 d38ebd1b 00000000 00000000 ebf11efa 00000000 00000000 00000000 11bfa119 1d7cfe20 00000000 00000000 00000000 00000000 00000000 c7bd811e 00000000 b0f4a59d 9bfe3e67 7d6f8d10 00000000 00000000
372,egg,31,23904623,1790956865,0xc0e1ff5b6ec47f15aebfe859b8ab4a566fe61752,188,12,0xc314cf5c12ecdfd1fd0bcde55e6b7c8f9f58b368b379be3f28fe01a2f6d3ea4e,,,,31,3 9,sepia,yellow,dumpy,large,62,83,43,48,39,00000000 00000000 00000000 c454ad3f 00000000 00000000 00000000 3335cfd5 00000000 d406e104 d599b4ea 00000000 00000000 cd2692d1 b635f548 186413b5 00000000 823817d7 00000000 65fd28ba 28087165 750f962a 00000000 00000000 6c2c3781 00000000 d38c0c17 a627a80e d45e2115 00000000 00000000 b97aa5d0 00000000 30418422 00000000 96e665d3 00000000 927931c4 15a8270a 463a37e1 ffb0b0f3 d476aa38 00000000 4fc2df4e 00000000 00000000 00000000 f0ea3135 65726dca 0818ec68 b655bcf6 83df2022 09e3e3a9 00000000 8ee49221 00000000 00000000 00000000 00000000 1594850a 00000000 00000000 5f35d59a 00000000
373,pupa,17,23972010,1790991055,0x81b4bf458a73ea46fadd46ee8236e5f94c4eb8e0,284,305,0x27dce430598b2e508311062eed6a32a5147f0d83182f7654b5ce9ad4429b7e60,1,0,296 251 293 262,33,24 27,sepia,tan,curly,small,54,62,46,77,57,00000000 f35a159e 00000000 00000000 b8007d06 5293c062 00000000 a77b296e 00000000 3c394fb1 85f92e64 07e58018 9fd5bee7 00000000 00000000 4d7d14a0 00000000 451b8958 579fe1eb 00000000 00000000 0d6a0cfb ab666070 23e0d50e c7d2a145 607038cc 00000000 72ea312c 3302612e 4b0ed9c2 00000000 95a58a96 6957de4c 00000000 00000000 00000000 765ee455 ffacf366 00000000 9d23f32e 7f6eac78 e17d6db7 00000000 00000000 00000000 e4146527 583ae6bd 00000000 00000000 00000000 bfcbf502 599a2e2a df66e21c 8f887d5d 2d0d8d1e 00000000 00000000 016d7caf 00000000 6291b551 00000000 394a1183 00000000 00000000
374,egg,34,24036072,1791023556,0x88c58b42f2783131d51a58af7f1a9b491089afeb,321,141,0x047486282f81599928442fcf59f8fe74860c8b6f8a364237c9a044d423fad3fa,,,,32,11,white,yellow,curly,large,31,39,61,50,58,70428311 00000000 00000000 76d8d25f 00000000 00000000 95f3cc15 00000000 c7af55b9 4acd1f17 00000000 0509de50 02f8bab6 00000000 00000000 87772bdb 6c2cb2e7 00000000 00000000 00000000 1f6602d3 00000000 00000000 00000000 884b1fa3 8c365919 c34c314e 0b99a299 5d8d5f67 00000000 91efded8 4def3687 00000000 00000000 00000000 00000000 bfc83046 0a78ebc4 00000000 00000000 00000000 2b6e5bcc a267dda5 5700a002 b71cbf63 00000000 37c68fc5 00000000 52e87baa 01d1c8d7 dc8effb8 4ef49326 00000000 b70b5805 00000000 dc5236b5 351d3532 f708dd26 00000000 bc69fe20 e0823821 00000000 00000000 89ddc7a3
375,pupa,21,24456032,1791236893,0xd8c92b3d755675727c38f102a4be7b939f0ab82d,285,181,0x12e92a16d0f4a4d661b5f4a1351581e2b8472a7d7b318e069a6828dd0cfd6151,3,1,219 341 298 327,30,,brown,ebony,dumpy,small,84,65,68,70,54,00000000 5854a9cb 00000000 00000000 641b95f9 490d554b 81313473 f7427853 00000000 00000000 00000000 d11afe8b 00000000 00000000 38f624a1 00000000 00000000 288f2d6c 00000000 00000000 00000000 00000000 00000000 6e50cb7a 3f733ea2 c98dd9ab 00000000 f31a85ee 00000000 00000000 c730e833 00000000 b4fd53f9 cd160e44 00000000 af1a8fcc 60637dbc 094ed7fe 00000000 85832ba0 6b4159ef a9dda301 00000000 5fce37d2 7f7c3ed0 894d3b19 00000000 891fdcfc ca77748c 9044cdd9 48643411 00000000 1a8cb520 6e7f9f00 20e81859 42f2b8c4 00000000 00000000 00000000 764c18ed d6c97d21 a16b8a11 00000000 47227c01
376,pupa,22,24459983,1791238897,0xd8c92b3d755675727c38f102a4be7b939f0ab82d,294,181,0xabb4998dbcf025d70fc77904aa87d1e0373ce4403ef51e4cbb98d6f1eb6f911a,3,3,221 235 247 338,36,47,vermilion,yellow,curly,large,62,74,69,58,75,00000000 00000000 00000000 00000000 00000000 490d554b 00000000 f7427853 00000000 00000000 00000000 d11afe8b 00000000 00000000 8df4c5d3 00000000 00000000 5302bf47 3ff0b526 f0c06bd8 07bef62c 00000000 03043ed9 de0a41f5 00000000 00000000 c3af612b 00000000 00000000 00000000 e8866aff 00000000 00000000 cd160e44 4d3ffb90 00000000 00000000 a19752ef 2039f4b4 00000000 6b4159ef 2275a7c7 e7f855a0 00000000 00000000 33af7983 f14b8621 164e93b7 ca77748c 9044cdd9 48643411 1d7cfe20 00000000 3c76ef20 00000000 00000000 42b48f1b 00000000 00000000 97e8897d 9bfe3e67 7d6f8d10 00000000 00000000
377,egg,33,24481450,1791249789,0xcd5504897ee44f57fc5d9f06a9cf1ca1d1eac578,208,294,0x5400bfa0699bc76500d8968de1ebeffc6b4879e6b5fce31cd0f46818d8845a04,,,,24,,vermilion,yellow,dumpy,large,57,76,37,53,56,00000000 00000000 7bc2583f 00000000 00000000 00000000 f63cf3b5 00000000 00000000 d2b57a09 00000000 00000000 00000000 00000000 bfe45955 00000000 00000000 5302bf47 09ad14da f0c06bd8 5449d6af 00000000 03043ed9 00000000 00000000 00000000 67598df5 e1857971 00000000 00000000 00000000 00000000 00000000 00000000 bbcc4da4 00000000 5c409c2f a19752ef 2039f4b4 00000000 9b918851 2275a7c7 e7f855a0 00000000 00000000 2319d682 0b9fb2aa 00000000 00000000 00000000 4b87da64 1d7cfe20 01f383fd 00000000 00000000 00000000 42b48f1b 00000000 00000000 97e8897d 9922f216 7d6f8d10 00000000 00000000
378,pupa,23,24496417,1791257384,0x88c58b42f2783131d51a58af7f1a9b491089afeb,323,1,0xa1bb48990e5b1a3cacca29c6cf48a9c7d512f33d0da587aaef19f4acca74d036,2,1,281 309 249 257,33,1,sepia,ebony,vestigial,large,24,84,83,76,42,4ccaead4 5b919de5 00000000 00000000 00000000 00000000 13087921 00000000 00000000 fba487a1 00000000 00000000 be6cf721 bacfaea5 97bd4e02 904e120a 00000000 8ca63b64 95c4a9e0 00000000 00000000 8aeb75a3 00000000 00000000 00000000 00000000 9683098f 00000000 00000000 00000000 00000000 00000000 00000000 00000000 27a91326 00000000 00000000 00000000 db77c9b9 fa83ef72 00000000 3e3dfe57 97d54707 483cdcc4 78893121 9a186a2c b61d8f5e f63cce21 05c53d6f 00000000 1caa4a7c edbade8a e2e9fc56 00000000 b06923bc 00000000 00000000 00000000 54415701 00000000 df11e84d e3e10d1e 3628d282 e24dd890
379,egg,40,24496519,1791257436,0x88c58b42f2783131d51a58af7f1a9b491089afeb,177,141,0xb19808143c0769ecd4c44e026c9e41187f4873106c985b0dc01755f5eb80d1d0,,,,30,,sepia,tan,dumpy,small,45,69,29,50,58,70428311 75799cac 00000000 7e275b90 be43b7a1 63f7e8c7 00000000 00000000 251078dd 00000000 00000000 95fe58fe 7c09c3f0 00000000 a364da08 00000000 6c2cb2e7 f55a11a9 00000000 f5d168f6 8855f6a8 36ab1afb 00000000 a9732cf2 00000000 00000000 c34c314e 00000000 5d8d5f67 f89cc8a8 00000000 00000000 00000000 00000000 20b47460 00000000 5a3fae82 6341f0d0 00000000 6260edf1 c5fdae70 2b6e5bcc a3994495 5700a002 a1481ec1 00000000 00000000 00000000 ad2939e2 00000000 00000000 4ef49326 00000000 92578d17 00000000 00000000 6287c670 f708dd26 00000000 00000000 e0823821 00000000 8fd819c1 37b55730
380,egg,36,24498448,1791258414,0xccde496b83c644f779e5b6fcc0cc4a5c276fa5d4,185,213,0x3523d837bb8ad27d70150da7255e61ad8ff69365ed190eabfd368e083fc2a72b,,,,34,45,brown,ebony,curly,large,87,63,60,56,68,00000000 00000000 00000000 6df10a4a 00000000 c79477ae 00000000 00000000 ab003e99 4b3a0ca2 00000000 dccdc5ff 00000000 f7647fe1 00000000 5c84a2c7 828f5699 f8d760ca 00000000 00000000 f97fd8c6 1bb4f001 25fcdfc0 00000000 c5b9f93d 00000000 00000000 00000000 21750941 c4b437be 00000000 00000000 6dd113a2 10d351b3 ccdb4c3b 9a970936 7403499e 48612c14 48206982 2522a123 00000000 e03dd7f0 411a2549 15f0039b 7fc122ba a42970f3 804fe596 00000000 1f426c11 00000000 00000000 3ab9b299 50f4baf3 00000000 ce30d76d 0a75e6ae b6b24efd 00000000 8bd139eb 00000000 b1383aa5 e1aeb5d0 00000000 00000000
381,egg,41,24508091,1791263307,0xd8c92b3d755675727c38f102a4be7b939f0ab82d,188,31,0x655db9d0842ce2b79981920729324cec54ebad2ea4def99a9fea80e4454505af,,,,29,46 52 54 62,brown,ebony,dumpy,large,61,40,81,63,62,e3aada33 00000000 00000000 a2d74da9 ed643b2d 4ed49646 c8646c0c 00000000 00000000 5050db4e 00000000 00000000 00000000 4067c5eb 00000000 00000000 00000000 00000000 73ee8707 fe0d9299 00000000 0c9beeb8 00000000 00000000 00000000 00000000 d38c0c17 00000000 6dacf288 00000000 00000000 94d243cd 5b5175c6 d7a6ec32 c415c6ab 00000000 a1939bb1 927931c4 df3e090c 463a37e1 00000000 00000000 04b5c12b 00000000 ebdb1d57 00000000 f1856ca5 b0ffe40a 2917c155 0818ec68 00000000 83df2022 9d0cb9e7 00000000 dcd97139 00000000 05c9e426 00000000 00000000 1594850a 37573f21 00000000 9860475c 00000000
382,egg,30,24553390,1791286290,0xd00226b73bab097e97c6df416dc031df7c4b5af1,215,271,0xf823a3330ca9bbe88256ec8078d4f45d17e2f671dc667dbb12201bd3148020d2,,,,19,9 43,sepia,yellow,vestigial,large,40,58,38,44,50,00000000 00000000 5d37cb5f 8dfd537d 00000000 00000000 c0542f36 5251f6da 3958c2d6 19132ff1 00000000 00000000 00000000 00000000 84153480 2d763897 d9a0c589 00000000 d2d809b3 4aaf5562 00000000 00000000 3cde71c4 00000000 32cb80bc 00000000 950f1fd9 e93f8acf 7abe9a32 00000000 b500e602 00000000 00000000 8c59c092 00000000 00000000 00000000 00000000 e1ed5492 00000000 3e5cbcde 00000000 00000000 1aa60801 00000000 00000000 37e3b1f2 00000000 b2435b86 e80f06a5 2ca56c96 00000000 00000000 6235c642 00000000 0d16dd16 5393c570 12decc95 a85bf22a 00000000 00000000 00000000 506ee3fb d9999a3e
383,egg,43,24553448,1791286320,0xd00226b73bab097e97c6df416dc031df7c4b5af1,305,271,0xf67bfd6326f81402fafe7627e01b3cf1a5866c191d21e62dd5f9ef1660843b13,,,,32,29,vermilion,ebony,curly,small,29,52,65,71,0,00000000 f35a159e 5d37cb5f 8dfd537d b8007d06 00000000 c5ce9aaa 00000000 00000000 7512ef30 00000000 e2dbb512 00000000 00000000 84153480 2d763897 d9a0c589 00000000 579fe1eb 4aaf5562 00000000 00000000 3cde71c4 00000000 32cb80bc 00000000 00000000 e93f8acf 00000000 62d293b0 e97ef525 00000000 00000000 00000000 699135a4 00000000 3df4ac0e 00000000 00000000 00000000 7f6eac78 62af1b77 00000000 1f89fd31 00000000 e4146527 583ae6bd a3c2aa79 00000000 e80f06a5 2ca56c96 00000000 df66e21c 8f887d5d b25d1054 00000000 00000000 00000000 00000000 00000000 00000000 00000000 00000000 d6701710
384,egg,45,24609249,1791314632,0x74107b9b65801d477d5a7980905beecd72b57a29,92,74,0x70532917c01a8f5817805f7d9fc9f5d9c18c529c0a14834b80010c98762940f2,,,,20,28 47 61,white,tan,dumpy,large,43,54,47,54,64,00000000 00000000 914fe6cc 00000000 f28450b5 836c2487 00000000 83aa3d7e 00000000 a30329a9 94a49665 00000000 1ff5c85a 00000000 00000000 7fb6d250 00000000 084314df 0ac8fcfb 5a65d101 9e0325da 69ce7bf1 00000000 00000000 87a10c0a 00000000 21ef8f38 d2e5fb52 68d02d21 00000000 552611ce 00000000 00000000 00000000 55ccd555 253a245b 00000000 00000000 2c11ef85 7d2ff96a 00000000 94c08eb0 27c26ba0 00000000 00000000 b1cff65d 00000000 47bd2103 00000000 1a1d81fa 9738319d 00000000 9de7bb9d 1d29f9eb 00000000 1ceaeba9 00000000 00000000 dc446698 7f923ecd 3476993b 54c179eb 0bfc810f 52e10d25
385,egg,24,24664491,1791342660,0xc7f1dce49db860c865ce34e4eb65dbef625919ef,77,247,0xec295ae115d21e3ea229165dfaad245ab55bfa5509d32c4678e245a4d8ad3343,,,,29,12,sepia,ebony,curly,small,84,41,61,45,14,00000000 a7d7377f 00000000 1a0b1804 00000000 00000000 f7c6ca25 3428a665 00000000 00000000 690c716d 00000000 25d1d676 79c75b9c 7b1c880a 4f377589 00000000 00000000 45a2b513 a90b4626 00000000 b8dac19b 47aeb2e1 d2d74cb5 00000000 fedaa693 004c5f76 00000000 00000000 00000000 00000000 00000000 e83a8901 9218ac91 7cabab95 a1a830b4 59d39716 00000000 00000000 00000000 20ddab19 00000000 3acbace5 00000000 00000000 550922cc 30db9d10 00000000 0149a6f4 fc26f4a6 00000000 2dc09e9f 00000000 2d9f912f 2b0d8ddd 00000000 00000000 00000000 00000000 6325bcf5 00000000 00000000 00000000 a70e23ab
386,pupa,24,24670585,1791345753,0xc27b2850725c4df379bba8e0d2498c40c37c12e1,305,284,0x8d5156cad8e5ff1117d65333b8085ae6d10536fc691ba1cd251371ac1749366a,3,0,314 288 301 205,28,56,brown,ebony,vestigial,small,72,39,58,84,61,79de127a f35a159e f8d7d49e 00000000 ad982b18 98a417d2 7db1ff17 00000000 00000000 7512ef30 00000000 07e58018 00000000 00000000 00000000 89f61d66 00000000 451b8958 e160d144 65aab12e 00000000 00000000 ab666070 23e0d50e 4a281cf9 44920a13 00000000 00000000 3302612e 00000000 00000000 00000000 00000000 5e8167aa 699135a4 00000000 765ee455 ffacf366 00000000 41d0c8c8 7f6eac78 e17d6db7 00000000 00000000 19518b03 e4146527 583ae6bd 00000000 00000000 e0a67272 bfcbf502 599a2e2a df66e21c 045230cf 2d0d8d1e 00000000 0bd7a88a 31b108b6 00000000 00000000 00000000 cbf289e5 00000000 00000000
387,egg,46,24717361,1791369487,0xc7f1dce49db860c865ce34e4eb65dbef625919ef,172,247,0xdb65c137eadb13967042d9faabe1643ea50c0f8a03140d89d276e1abb9d3fd54,,,,38,58,sepia,tan,curly,large,54,62,48,29,65,00000000 00000000 3556bc12 1a0b1804 00000000 00000000 00000000 3428a665 5f4943dc 00000000 ed758bd3 84f71028 60bff609 00000000 17044606 00000000 f9affff6 00000000 00000000 7410b13f 00000000 00000000 00000000 aca97331 db2a72dc fedaa693 004c5f76 47943028 00000000 7cf7fb3b 00000000 00000000 2149d33d 00000000 84dfa8fc 00000000 59d39716 9b8ed918 00000000 f8583fa4 e83a97d4 00000000 a8918d4a 00000000 00000000 5195e483 4b495037 00000000 0149a6f4 00000000 00000000 2dc09e9f f4913b07 00000000 00000000 00000000 00000000 f67f875f a6632c98 00000000 e0b94052 bb251aef 5f278bf1 8aa7ae69
388,egg,50,24777007,1791399748,0x88c58b42f2783131d51a58af7f1a9b491089afeb,294,141,0x6268d74cc72d974fc81f404a49f174bbd2264495184952ccefc32fcdf958faf9,,,,41,43,sepia,ebony,dumpy,large,74,80,16,71,50,00000000 75799cac 00000000 00000000 00000000 00000000 f63cf3b5 00000000 4add35e3 00000000 00000000 00000000 00000000 00000000 f691c40a 00000000 6c2cb2e7 f55a11a9 00000000 f0c06bd8 5449d6af 36ab1afb 03043ed9 00000000 00000000 eae01172 c34c314e 00000000 00000000 00000000 e8866aff 00000000 00000000 00000000 bbcc4da4 c5ee8a7e 1bb057bf 0a78ebc4 2039f4b4 00000000 9b918851 2275a7c7 e7f855a0 e175779f b71cbf63 00000000 00000000 00000000 00000000 00000000 dc8effb8 4ef49326 00000000 92578d17 4cd2577c 00000000 42b48f1b 00000000 00000000 97e8897d e0823821 7d6f8d10 00000000 00000000
389,pupa,25,24815246,1791419150,0xc27b2850725c4df379bba8e0d2498c40c37c12e1,246,315,0xb460d746115ae12b8ab95097f2ef01e119288e8257f8958cb92d5268523c2211,1,0,244 208 243 212,26,3 32 57,brown,tan,curly,small,55,44,43,54,48,c8e8ae9c b71c82e9 b5e57389 1efa4ae7 00000000 00000000 00000000 00000000 00000000 b599d9e1 00000000 e0594a96 26f08289 eef86791 00000000 00000000 00000000 00000000 12a6311b 1c015805 17086c1a 00000000 00000000 00000000 00000000 00000000 00000000 79d193d1 5f216c9f 00000000 00000000 db5d169e bdb033e8 9479e8bd 00000000 00000000 a5c639af cd6c30ae 62ca890e 00000000 00000000 c7b78638 0c9fe5cf 00000000 00000000 00000000 300cadee 00000000 3cf2e57a 00000000 00000000 f95d17a0 00000000 00000000 67cf6c9a 2bcd8259 00000000 e148c107 6a9aeeae 0a478fa2 00000000 00000000 3e86bd8b 00000000
390,pupa,26,24862171,1791442960,0x379e8cfc45c0ba60966a3d013f85027d160235e4,92,296,0xe2009a477ad01f40ec1b66b3f1a9beb1513b067936c2729ed34537873d8a35a3,1,0,206 266 243 266,33,,vermilion,yellow,dumpy,small,48,51,60,0,47,6802cf64 00000000 00000000 00000000 00000000 836c2487 72d3f0a5 83aa3d7e 00000000 d2db3739 00000000 00000000 00000000 00000000 cdf609a9 ee3c92d3 00000000 4bd3073d 00000000 5a65d101 5b1e352d 798a60b8 7530fd3d 00000000 69590694 00000000 21ef8f38 00000000 cfa4cea4 00000000 5c35b998 00000000 00000000 00000000 ffc6239d 879c14a1 0ab10856 d2dde7d6 87558fc8 7d2ff96a 00000000 00000000 27c26ba0 00000000 f1bc3ac5 247e1581 9e5f2574 00000000 00000000 6464ec08 00000000 00000000 00000000 00000000 00000000 00000000 00000000 00000000 00000000 e5487539 2daed091 00000000 a2fe9066 52e10d25
