block,timestamp,tx,fly,from,to,via,usdc,founder_price_usdc
22990200,1790492821,0x567fa7effe2e342e6778ea51198b7b2dcf423daeb26119d423a25e41aad73074,12,0xb403f53ee827030a8963ce363477e4ea98b2f679,0xc0e1ff5b6ec47f15aebfe859b8ab4a566fe61752,0x0000000000000068f116a894984e2db1123eb395,54.0,53.216226
22999943,1790497764,0x500f2384e2f97f5dd3360ed9b3d3b80dd5e29ed50e5ac4624ffc4ca81dfdf47b,55,0x2d631f41f6023db409f15e1ccc337e69f62a8a58,0xac0e67aaaa15dc791153b64df4a9d121dce797e5,0x0000000000000068f116a894984e2db1123eb395,80.0,45.492406
23001351,1790498478,0x5852e0d16837a6511993c4ed9ab5ab987a343d55d1533fed03995a8f541cfdba,136,0x1a3a0e6f222e823cc8d0f39d87042f88ab763872,0x7fc2601003d9789f3c8b62c43c8cb6f4f72f59ce,0xb92fe925dc43a0ecde6c8b1a2709c170ec4fff4f,78.0,45.195552
23018552,1790507208,0xc6c9d8348e9f0afb9b4b08e24afd801dcee3c05c5a7a4ea1b5248c18224df597,293,0x9e366c1405f7951431dbdeb53dcd57db342f55c4,0x93341778615727106f23c8ab8dc9a13178bb011a,0x14b557957d378b56511785b408a21c93e79feb36,0.0,40.532232
23018653,1790507260,0x1239de0c95d6282f632ec42298d14c87d87da73dde57189c3bb3107af837ed62,246,0x4663f73533083a058510fb48c75ca64cd885b262,0xe79ca7d5c265c93be2b23e4e04ba9d8357622db7,0x0000000000000068f116a894984e2db1123eb395,79.0,40.532232
23025503,1790510734,0xcac3b56fd0ec137abbaa7657a7a4e002cc1858ad1b58f605bfd5c46c4d30f114,293,0x93341778615727106f23c8ab8dc9a13178bb011a,0x9e366c1405f7951431dbdeb53dcd57db342f55c4,0x14b557957d378b56511785b408a21c93e79feb36,0.0,44.943629
23226894,1790612942,0x048c01a6bd18b34690f122308562a22a4b33179075bc88425e7087748a258cdc,161,0x7d7337fcdefe5771e3280f25c3ba670700e8560c,0xe79ca7d5c265c93be2b23e4e04ba9d8357622db7,0x0000000000000068f116a894984e2db1123eb395,60.0,27.838988
23462277,1790732392,0xc6c9bc249dc33c1b507d4e6d7a6a32fdae8b0f30d8c46e4b51551e742f8a8a17,98,0xa2e8a61f22e3b61c65e9b2b068012b47081bed7c,0xd47b82d470587f09fb76525e7e929242756e6aec,0x14b557957d378b56511785b408a21c93e79feb36,0.0,25.220559
23462335,1790732421,0xdf1bc6d43e49dfd3756940ab9dec967d4fa0f62f392fd2f1cdcf5102352e1f94,88,0xa2e8a61f22e3b61c65e9b2b068012b47081bed7c,0xd47b82d470587f09fb76525e7e929242756e6aec,0x14b557957d378b56511785b408a21c93e79feb36,0.0,25.220559
23517220,1790760275,0x22d6d333be6ee04c3a846f69b4afa0d1339e060bb35ba29d7171f3114637043d,215,0x0824026863b82d18cc258f1299d96c17bbde6d86,0x979358182743d44831696146a36aecf1ebbe7325,0x0000000000000068f116a894984e2db1123eb395,15.0,22.103185
23562646,1790783326,0x5f5a624579ca2c63bd707ce27e032ed613f7178581de372d0dd67f1b165f0b22,214,0x0824026863b82d18cc258f1299d96c17bbde6d86,0x19d3d59152a80ed1a4e43e1021541225f1f99a56,0x0000000000000068f116a894984e2db1123eb395,15.0,17.336207
24246879,1791130513,0xd47ccc41cad6a1afbdc090d0713cbf3c090ee836361566cf9f54c14f11caa69c,205,0x5eee54755344c65af3e0a76d4e970cdc42984b67,0xe6a2d99f1150a8c95c0542360feafca509774bc8,0x0000000000000068f116a894984e2db1123eb395,8.38,11.335054
24502328,1791260383,0x0c4315e1332395d0166821fd47bb9c52725cdebf07a14bc6733a83728dbd2641,31,0xac79fd6008b971723d16974cdb23ad70ecc00bee,0xd8c92b3d755675727c38f102a4be7b939f0ab82d,0x0000000000000068f116a894984e2db1123eb395,8.9,17.781627
24541922,1791280472,0x9d47447a8fe6507e1cd25f158382fe963516fb4d92a9a5992402a1801c73a03e,55,0xac0e67aaaa15dc791153b64df4a9d121dce797e5,0x82b171ccadf43fc453b428b428693be638d62843,0x0000000000000068f116a894984e2db1123eb395,70.0,25.848811
24543294,1791281168,0x914e6955c0c201c89d0e5ecc95bcb663aa61ab63c071d8156956db98da8e8057,78,0xd6ed92a915f940db5d288b1724a4e45b20c4f027,0xf24b122bdceb5d37157417ae2ef7832f076e4729,0x0000000000000068f116a894984e2db1123eb395,10.0,28.518205
24742903,1791382446,0xbb70bc084a19526b5ceaacdbd8c35abdc8a0e2d7b4b5825b29a5aa9763e20527,26,0x0dd5ff179c68dd64fa712da08b550ec3a7d3bd73,0x4857faa2ae5bea08aa4ae3665966a0b92dd64af5,0x0000000000000068f116a894984e2db1123eb395,10.0,27.111634
24742903,1791382446,0xbb70bc084a19526b5ceaacdbd8c35abdc8a0e2d7b4b5825b29a5aa9763e20527,62,0xd6ed92a915f940db5d288b1724a4e45b20c4f027,0x4857faa2ae5bea08aa4ae3665966a0b92dd64af5,0x0000000000000068f116a894984e2db1123eb395,10.0,27.111634
24742903,1791382446,0xbb70bc084a19526b5ceaacdbd8c35abdc8a0e2d7b4b5825b29a5aa9763e20527,86,0x0dd5ff179c68dd64fa712da08b550ec3a7d3bd73,0x4857faa2ae5bea08aa4ae3665966a0b92dd64af5,0x0000000000000068f116a894984e2db1123eb395,10.0,27.111634
24745150,1791383586,0x330852445ac453390919454f3d68dcafc9bc467871ceaf9b24506eced3918dc2,81,0xd6ed92a915f940db5d288b1724a4e45b20c4f027,0x474e45f9d4ddf36287be43ae051c18a994a76b57,0x0000000000000068f116a894984e2db1123eb395,10.0,27.249281
24745150,1791383586,0x330852445ac453390919454f3d68dcafc9bc467871ceaf9b24506eced3918dc2,90,0x0dd5ff179c68dd64fa712da08b550ec3a7d3bd73,0x474e45f9d4ddf36287be43ae051c18a994a76b57,0x0000000000000068f116a894984e2db1123eb395,10.0,27.249281
24745150,1791383586,0x330852445ac453390919454f3d68dcafc9bc467871ceaf9b24506eced3918dc2,196,0xac0e67aaaa15dc791153b64df4a9d121dce797e5,0x474e45f9d4ddf36287be43ae051c18a994a76b57,0x0000000000000068f116a894984e2db1123eb395,10.0,27.249281
24745940,1791383987,0x8f5394f828dff8dcd8f048ab21dd5ac08099f78ab98fd9e6787964a5f369c494,205,0xe6a2d99f1150a8c95c0542360feafca509774bc8,0x1ffb740eabe3d5fde7052df1e82a1df6fac2633e,0x0000000000000068f116a894984e2db1123eb395,9.99,27.249281
24746056,1791384046,0x11e3d333d8c5f94012c4b5488eb161c01cd2af5f4e96c08d77cf1bd4d5181c6e,338,0xac0e67aaaa15dc791153b64df4a9d121dce797e5,0x1ffb740eabe3d5fde7052df1e82a1df6fac2633e,0x0000000000000068f116a894984e2db1123eb395,10.0,27.249281
24750903,1791386505,0xfa615fb40db0ef6f534f001051c9d6a0a31d100de6a8fa826b2e1e733c19f3e7,323,0xac0e67aaaa15dc791153b64df4a9d121dce797e5,0x1ffb740eabe3d5fde7052df1e82a1df6fac2633e,0x0000000000000068f116a894984e2db1123eb395,18.0,37.460461
24781673,1791402116,0x4687a8b0f54c34b9a99cf7e37f76e006b4c78bf8819a660566506d1595cfc316,347,0x1a3a0e6f222e823cc8d0f39d87042f88ab763872,0x8d97497483204a504670cdc5e1b3ff8868888888,0x0000000000000068f116a894984e2db1123eb395,19.666667,68.385543
24781673,1791402116,0x4687a8b0f54c34b9a99cf7e37f76e006b4c78bf8819a660566506d1595cfc316,348,0x1a3a0e6f222e823cc8d0f39d87042f88ab763872,0x8d97497483204a504670cdc5e1b3ff8868888888,0x0000000000000068f116a894984e2db1123eb395,19.666667,68.385543
24781673,1791402116,0x4687a8b0f54c34b9a99cf7e37f76e006b4c78bf8819a660566506d1595cfc316,371,0x648468901b406e4fbb453e167ab0058195b2f8f9,0x8d97497483204a504670cdc5e1b3ff8868888888,0x0000000000000068f116a894984e2db1123eb395,19.666667,68.385543
