tick,utc_time,block,tx_hash,feeder,channel,tier,obrain_burned,poke_word,poked_cells,spiked,synapses,capped,p0,p1,p2,p3,state_root,fired_ids
1,2026-09-16T15:54:40Z,21181651,0x479768c322071371d1e88e269eb4471608fdcd82cf2e5bb487136863d11c1690,0x96a78d1989ee8322263c38b9c7a2a3c00f35494c,0,1,1000,127,0,0,0,false,7965,941,63,0,0xb41f0ef684010085d223006d82daae965986dce3ed050b06ae8971bec6d54cf9,
2,2026-09-16T15:56:58Z,21181922,0xb1aba1468cb8330a038f6f89d688c354734704064dc8812a92dac734e6e3e1b2,0x96a78d1989ee8322263c38b9c7a2a3c00f35494c,26,0,100,9369175102013376103972864,4,4,8,false,7806,922,62,0,0x7e82ab8cd2040f23a4609046d40e775450ca4c745b4a2d168ad2fa0bcf6c19c7,25 85 145 205
3,2026-09-16T17:00:52Z,21189492,0x0c9d673fbb27c721bf7b1eea9bfcee3554dd8048f54c7acced2e619c8a57f8a5,0x96a78d1989ee8322263c38b9c7a2a3c00f35494c,19,0,100,4467570830351532032,4,4,7,false,7650,904,61,0,0xe70ea16635ba09876c8dee125b4a921f80296aa07e6904682ab8dc0fb7139c42,18 78 138 198
4,2026-09-16T17:36:53Z,21193759,0x8fa05531f4e12a1e00ef9c5b607fe757546d0efaec05ac34efcbd952d452b8cc,0x96a78d1989ee8322263c38b9c7a2a3c00f35494c,48,0,100,691323101154449317387607266452099206685392896,4,4,5,false,7497,886,60,0,0x0e8f183a19d8e7c843dc0aaed0972521701977387a70476b83006a1f7dceb432,47 107 167 227
5,2026-09-19T15:13:19Z,21687889,0x0cd97a330c9f30c96c27ad2d68b3dbeda89fda53512fe4624a0a3cd0e33d63f8,0x96a78d1989ee8322263c38b9c7a2a3c00f35494c,1,2,10000,2040,10,10,18,false,0,0,2003,188,0x0be8ed37ca8388dfd97f064f05f0c3c67bf71ba71187d26d605d7aa44a14dbd8,0 1 60 61 120 121 180 181 240 241
6,2026-09-20T03:28:30Z,21774850,0xca8ff75f90a616ac959db3c04791f0f209d1ee69ff630340d4763ae873c7d021,0xba0fba22cde8695858fb0649368eec39ec4cdb7e,21,0,100,285924533142498050048,8,8,11,false,0,0,1963,184,0x96d6a2eb25427ca6aa36e1e336b61db4e42059f07cc04a39346f0ae33f43af4b,19 20 79 80 139 140 199 200
7,2026-09-20T03:28:57Z,21774903,0x755d16b643d5dc5704754dcba65627029d0433a2ed1ccaf5d359cc5479c54fa3,0xba0fba22cde8695858fb0649368eec39ec4cdb7e,21,0,100,285924533142498050048,4,4,6,false,0,0,1924,180,0x669730bd2428a03c28e4fdbae9e9408a1e665c037e88749dcda5ae880c65c7cc,20 80 140 200
8,2026-09-20T03:30:06Z,21775040,0xa11feef715e8c4da7fd15ec8def34502aa4f5794d703c68ccec8080fa2c3ca71,0xba0fba22cde8695858fb0649368eec39ec4cdb7e,21,1,1000,1171368248680556527616,8,8,11,false,0,0,1886,176,0x9df3769b187bb4160ca3e135342dce77a9b7f4d1bca595fa8974eacceaa512b2,19 20 79 80 139 140 199 200
9,2026-09-20T03:30:26Z,21775079,0xa77991b993090df698857f87c698710963e2505968eafcedd1b76422588783ec,0xba0fba22cde8695858fb0649368eec39ec4cdb7e,21,1,1000,1171368248680556527616,8,8,14,false,0,0,1848,172,0x127f6fdf2c2cc62b66c19eb9b1afc3a705f180c3c33d7ce310533de0d4208689,20 21 80 81 140 141 200 201
10,2026-09-20T03:56:25Z,21778152,0x60802806e994df30474d8ac1df58388ef13f74c96c818e5c4ef0358abf66722b,0x81b4bf458a73ea46fadd46ee8236e5f94c4eb8e0,12,0,100,2130303778816,5,5,9,false,0,0,1811,169,0xe637f41e30920dbf9a06b4b0c5a9c3ec57a1a56eea2048546865f544f2cdb32e,11 71 131 191 251
11,2026-09-20T03:57:51Z,21778321,0x09005fcdb7770ab9b9013c11929a729e209f3bed5353a87988bc9c772a0859b9,0x81b4bf458a73ea46fadd46ee8236e5f94c4eb8e0,52,0,100,2831659422328624404019639363387798350583369302016,4,4,3,false,0,0,1775,166,0xc97b0d55b19b7b78ffad6664e12e2cdc6e67b17f60a810f3e1af3b602fea6010,51 111 171 231
12,2026-09-20T03:57:54Z,21778327,0x96913850ba19861f8e47a29a5e4113712ec57df46e2a7ec59a1392fbb8318ee3,0x81b4bf458a73ea46fadd46ee8236e5f94c4eb8e0,37,1,1000,329710850516961554411686516905476096,4,4,8,false,0,0,1739,163,0x051ddb056b63e177778140c7447e0beb61823d6ee2cd2567cf537dbf27324ab2,36 96 156 216
13,2026-09-20T10:27:42Z,21824433,0x366ec9760d52b59ab66bfdf0d5ec02871ae67e388515c734b4f9f68558774c93,0x81b4bf458a73ea46fadd46ee8236e5f94c4eb8e0,34,1,1000,643966504915940535960325228331008,4,4,8,false,0,0,1704,160,0x84b465c07377f7b646e71d86ed4a9291b03db7f98b153833ac27525833f58207,33 93 153 213
14,2026-09-20T10:27:50Z,21824449,0x9d7dab821d0441b32db073f70e99fd084fe72fd361fa1acb9086ea10187e46d6,0x81b4bf458a73ea46fadd46ee8236e5f94c4eb8e0,43,1,1000,86431721197918369719697150287669125709824,4,4,6,false,0,0,1670,157,0xfbb93a18e93f84e1c90c41cc8b44e1b4dbc76c06efca5cabf0a676ef2aeb0e11,42 102 162 222
15,2026-09-20T10:28:50Z,21824565,0xbee24ab3394647d137b05ccbf5ae20a1a03f615c2f4ee1f0610071adf60b0c31,0x81b4bf458a73ea46fadd46ee8236e5f94c4eb8e0,28,1,1000,2456537265456926483002949632,8,8,13,false,0,0,1637,154,0xb53c2e2e0215ee889a79efa1499690233a79612c719eede037939285fcc5d43c,26 27 86 87 146 147 206 207
16,2026-09-20T10:29:15Z,21824616,0x0254aee9bb864c659a73cc6d2d19a21ad3b47e85f46f6d28f4dc934e1ac60f66,0x81b4bf458a73ea46fadd46ee8236e5f94c4eb8e0,31,1,1000,1257747079913946359297510211584,8,8,8,false,0,0,1604,151,0xeb71264c3a41cb52f61894d93893dd976834996f5c13d7fde6e21f6ee0528271,29 30 89 90 149 150 209 210
17,2026-09-20T10:33:02Z,21825063,0x1bddbcd9fc28cf110fb291f0432d69e64e880c0ee0ff5de0081fca9a252ee277,0x81b4bf458a73ea46fadd46ee8236e5f94c4eb8e0,9,1,1000,17045651456,5,5,10,false,0,0,1572,148,0x7fb468bacc88ec7bfe6c6ec9b59c94b63fbf55d13acdda631eda59d817f8b69e,8 68 128 188 248
18,2026-09-20T10:34:31Z,21825238,0x0bb4aed33a2a69279230af615a7ca571a42708b91d7b10a40fdbabdc44479d65,0x81b4bf458a73ea46fadd46ee8236e5f94c4eb8e0,0,1,1000,127,0,0,0,false,7965,941,1603,145,0xa98932a43df3a0bbf4a6bc74f5d9b845d97138b1f959a48cd32dc13fa5f80591,
19,2026-09-20T10:34:36Z,21825248,0x60e57f9a540a8f9d67f95963c10b036b00bd74a40b372556ee136be0c7db1d91,0x81b4bf458a73ea46fadd46ee8236e5f94c4eb8e0,0,1,1000,127,5,5,10,false,0,1863,1634,142,0xa2211dc9a0c41a505b2c0446fb3288d4bd0f20d59a47cd143a03f161a858fdf3,0 60 120 180 240
20,2026-09-20T10:34:39Z,21825254,0xb106c2f72dfafa13e7f13951c24690c4b726f8a8b0a047d664041d0c0ae4fa26,0x81b4bf458a73ea46fadd46ee8236e5f94c4eb8e0,19,1,1000,18302628885633695744,12,12,17,false,0,1826,1601,139,0xef70b9aabc4bc1eb8fec5d4fe013c1a1e229b51d738a43d70057daaba83de91b,17 18 19 77 78 79 137 138 139 197 198 199
21,2026-09-20T10:34:44Z,21825265,0x604eeb1fd4bf85b6163629c46636d73cbb273918581b3e026a6b87f05a1960a1,0x81b4bf458a73ea46fadd46ee8236e5f94c4eb8e0,4,1,1000,520192,10,10,19,false,0,1789,0,0,0x98fc5ea4391f7c69e9e25f7aa6f6712977dfba4b84a024e578778bec21b674a3,2 3 62 63 122 123 182 183 242 243
22,2026-09-20T10:34:48Z,21825272,0x7741278aa4bf27295037004ef84adc46a80faf555b8de9cfb3165a499443443d,0x81b4bf458a73ea46fadd46ee8236e5f94c4eb8e0,4,1,1000,520192,10,10,19,false,0,1753,12042,0,0x96e75de197fba306fa749263bf4cbbf2685dd3bd6c2aaf7fd77bb4f8e6aafc33,3 4 63 64 123 124 183 184 243 244
23,2026-09-20T10:34:52Z,21825279,0x571349731e5243ea436cfefd4586e47c92808de598ca67bdec68290ee6d39200,0x81b4bf458a73ea46fadd46ee8236e5f94c4eb8e0,35,1,1000,5151732039327524287682601826648064,8,8,12,false,0,1718,11801,0,0x352c4de3530d6ea3435209a418458a1184cc21b388bd24038aee4c8dd41f154b,34 35 94 95 154 155 214 215
24,2026-09-20T10:34:59Z,21825293,0x359fd622d4f445e69403af13497b2f43f3f8165ec7ca08bc08d4a455e576df52,0x81b4bf458a73ea46fadd46ee8236e5f94c4eb8e0,16,1,1000,35747322042253312,5,5,8,false,0,1684,11565,0,0x8853ee3d7429420069ec184a92f3fca5e1d3981d1096dd824838a6042541fcff,15 75 135 195 255
25,2026-09-20T10:35:07Z,21825310,0x195c7a6be83e8daaf7cc090983a8c17cea25e831a1553f186917f9a3afbdfdc0,0x81b4bf458a73ea46fadd46ee8236e5f94c4eb8e0,7,1,1000,266338304,15,15,26,false,0,1650,11334,0,0xe75886b73ad199789918ac6157eb580ab239d27aa2f2abf882e2ee307b4af846,5 6 7 65 66 67 125 126 127 185 186 187 245 246 247
26,2026-09-20T10:35:10Z,21825316,0x853376e254bebd21d019564d899ff1ef1ac413b9de36502c5de206f0e8196997,0x81b4bf458a73ea46fadd46ee8236e5f94c4eb8e0,1,1,1000,1016,5,5,10,false,0,9582,12048,63,0x39bef6b41d0897b3401abb19202c7c4c9a1aa43e2953b6ebfacb1612b46942f4,0 60 120 180 240
27,2026-09-20T10:38:20Z,21825690,0x1e81361cdff0c13b10ac417264031daed86c668e9e64f89ca08fe1aede5f85b0,0x81b4bf458a73ea46fadd46ee8236e5f94c4eb8e0,32,2,10000,20203181441137406086353707335680,12,12,21,false,0,9390,11807,62,0xa39250a9fb4c688f4c51abe0108cfd5c2314c487d156096d004923f1e78f007a,31 32 33 91 92 93 151 152 153 211 212 213
28,2026-09-20T10:44:37Z,21826434,0xec27a8c1e32c7823082f09d03065e6363738646776172b3b3f9e4a9a63beeacb,0x81b4bf458a73ea46fadd46ee8236e5f94c4eb8e0,15,1,1000,4468415255281664,5,5,8,false,0,9202,11571,61,0x22b3a10f014b1a38f967f0613ca3c81f98254b60e649fd671315b015a1971d5f,14 74 134 194 254
29,2026-09-20T10:44:46Z,21826451,0x715a9b56a676c2d41cc6662a2908b96d45d3822a0fa530eba08831d9586a8916,0x81b4bf458a73ea46fadd46ee8236e5f94c4eb8e0,15,1,1000,4468415255281664,15,15,24,false,0,9018,11340,60,0xe4de891bb15c22b77fd5ea542f971e02dda3e773c4c804db9773e53c641c53b4,13 14 15 73 74 75 133 134 135 193 194 195 253 254 255
30,2026-09-20T10:49:10Z,21826971,0x7ca4b4f1152af8a761b3d1a4e09acb85cbbf7be8227f8a34849a2aa395d1f856,0x81b4bf458a73ea46fadd46ee8236e5f94c4eb8e0,16,1,1000,35747322042253312,9,9,14,false,0,8838,11113,59,0x9ea18e2f908a9a79bf2f5aac05d93f6a43d4613f4c101a387c389778a4ffc3ec,15 16 75 76 135 136 195 196 255
31,2026-09-20T14:54:55Z,21856040,0x551ee2c13ebcb6310464a1496c90f54934fa54de3a8dbf6b6db727e7e0780f3d,0x81b4bf458a73ea46fadd46ee8236e5f94c4eb8e0,3,1,1000,65024,10,10,17,false,0,0,0,8023,0xa1f6e490e156816e3f069d7d502953989873e60ffa1e1cf1e478108e9f45e837,1 2 61 62 121 122 181 182 241 242
32,2026-09-20T14:57:14Z,21856315,0x4da88a602ca8c6c200c483a4464ecd4e8785d6ab516ba37c29a4dde03276a374,0x3f67980a7a45b1f25f78c725426b027a9231f800,48,0,100,691323101154449317387607266452099206685392896,8,8,11,false,0,0,0,7863,0x4db8924cd03aa5c5304e2759b8d93d2409f5627743e4093804e6b3ac2c82b682,46 47 106 107 166 167 226 227
33,2026-09-20T14:57:40Z,21856366,0xd55075b49b1337622fd0f3392d0066180c9c50ed9cc71cc82564a94fd67322a4,0x3f67980a7a45b1f25f78c725426b027a9231f800,48,1,1000,2832194640213389138975036220626341911259512832,4,4,5,false,0,0,0,7706,0x6b19743691db386534e3dc0fe4b96c12413d95267b5135d477b469fe5d95c863,47 107 167 227
34,2026-09-20T14:58:18Z,21856440,0x03300afae55a5edf6d849958d0bf137ec5df75d747b379b7fb071fa678c2b962,0x3f67980a7a45b1f25f78c725426b027a9231f800,48,1,1000,2832194640213389138975036220626341911259512832,12,12,19,false,0,0,0,7552,0x2712c9db81887e127e34bcf595d3a70e8bcf4209408d4c5c5ebc56a33cf5a072,46 47 48 106 107 108 166 167 168 226 227 228
35,2026-09-20T15:00:24Z,21856689,0x7eec882790f31da2171670569e1dc7264200a0b8f849c08fbe9052ac3191352f,0x3f67980a7a45b1f25f78c725426b027a9231f800,20,1,1000,146421031085069565952,4,4,5,false,0,0,0,7401,0x6c53c24f3a2bc7e2fd284f010fa34c49c415739ac9ec9d605bba0b04ee33330a,19 79 139 199
36,2026-09-20T15:00:34Z,21856708,0xcf6b4f53d938ae03ad210811751fecb38d7e7a4e1fd33367bc49254309beb4ef,0x3f67980a7a45b1f25f78c725426b027a9231f800,20,1,1000,146421031085069565952,12,12,18,false,0,0,0,7253,0x184b3557968f78145e74648b74f3e93ae250bf76d095e0c9da818b5709ea115f,18 19 20 78 79 80 138 139 140 198 199 200
37,2026-09-20T15:00:38Z,21856717,0xbed1c8fe8fbd7db15f4f297be7c7671b0f3314c8ceb65f35c30f2b32b1e2dc59,0x3f67980a7a45b1f25f78c725426b027a9231f800,20,1,1000,146421031085069565952,4,4,5,false,0,0,0,7108,0x27c4de07e3977109efb794a3510b3ad7650925bfa998cc88f0cd3cb2efb945a6,19 79 139 199
38,2026-09-20T15:00:43Z,21856725,0x93b1e4a0f7d680ba3ccb7b178d9eea16aed4672146165b4f90120d5a19102fc7,0x3f67980a7a45b1f25f78c725426b027a9231f800,20,1,1000,146421031085069565952,12,12,18,false,0,0,0,6966,0x691e99018e5f72e3381cb3706ffe53c59b6ffc5ae544ae16017ef0b9d86f1ae0,18 19 20 78 79 80 138 139 140 198 199 200
39,2026-09-20T15:04:32Z,21857178,0x9997c9ec5dc5c7a67a48348f4fdaa6ca2be37f24df79fb24e5ee4ab228269056,0x3f67980a7a45b1f25f78c725426b027a9231f800,20,2,10000,293994983674745978880,8,8,11,false,0,0,0,6827,0x77a2d1e6fe35922f2979956c6ce3547b338b3523ade28bb8b40d9c58183bc438,19 20 79 80 139 140 199 200
40,2026-09-20T15:04:45Z,21857204,0xd8ea6f3b130b0d3553baa7536a66e91bf6261dc65a44e8db390e7df7cbf13c6e,0x3f67980a7a45b1f25f78c725426b027a9231f800,20,2,10000,293994983674745978880,12,12,18,false,0,0,0,6690,0x7ca23ab8685ac592bf97439179e809576ee7658f2d40de15c273831aede99c96,18 19 20 78 79 80 138 139 140 198 199 200
41,2026-09-21T07:40:52Z,21975015,0x3a7c98e5922b3c2cb37f9a5a4e30f37f870a7ab03d58a6c8b7b606ab7b3731d2,0x3f67980a7a45b1f25f78c725426b027a9231f800,10,1,1000,136365211648,10,10,19,false,0,0,0,6556,0x2bc1e56ea2a71175b92be2ef5c87442c4e4bae9c096957ad23ba843f640413bd,9 10 69 70 129 130 189 190 249 250
42,2026-09-21T07:40:56Z,21975024,0x1fed29c8644aab116f3e5d6a70bdb1ea5d566d88931700564ebba910df43a86a,0x3f67980a7a45b1f25f78c725426b027a9231f800,10,1,1000,136365211648,10,10,19,false,0,0,0,6425,0x050d87cfd46a1fcbb451fc63d5bd5a3e6cdd0cce7476a7e7564c177b030a67ba,8 9 68 69 128 129 188 189 248 249
43,2026-09-21T07:41:01Z,21975034,0x3f4b1253ae46f6d2b663212209f856c27cf3496ac2ac9825a32cbdde2e67de8c,0x3f67980a7a45b1f25f78c725426b027a9231f800,52,1,1000,11600669246314041913241748359685496468518964559872,8,8,10,false,0,0,0,6296,0x2d22ea4ef34547f3db6bf0f21862cd3bfe2e68c3eb88be4f9b1c4b62a16202bc,50 51 110 111 170 171 230 231
44,2026-09-21T07:41:09Z,21975049,0xc32cb52a4fdaa90f2d0226d9748401950dd70d523b6799f98941cd2aa8d53eb1,0x3f67980a7a45b1f25f78c725426b027a9231f800,2,1,1000,8128,5,5,8,false,12042,0,7965,7111,0xdc8090156496904f4fa508410b07a6f2a3a044ad6a515e6244e7352df20a4b83,1 61 121 181 241
45,2026-09-21T07:41:16Z,21975063,0x6ff6cba397424966fc07bcec08a1340685fb7fe6d47ac876f73d0283ed6cf3bc,0x3f67980a7a45b1f25f78c725426b027a9231f800,2,1,1000,8128,15,15,27,false,0,0,0,7910,0x6ce6051d8bfe0e216e35e7a23de72b61264d2828f1c0631d588cb0f7276f1642,0 1 2 60 61 62 120 121 122 180 181 182 240 241 242
46,2026-09-21T07:41:20Z,21975072,0x0e24767a5c2458fd409f0df3603fc6f941eaab6562e8bd328e82c3ccb38ac72c,0x3f67980a7a45b1f25f78c725426b027a9231f800,36,1,1000,41213856314620194301460814613184512,4,4,6,false,0,0,0,7752,0xcf5710dc5a3347d23a53ef7552637f369e6ecd5c5272f026fa4d6b80a456589f,35 95 155 215
47,2026-09-21T07:41:28Z,21975087,0x696e1f2db2438b2e6407b4cb67e6b91f582ff8c85437c1d162a4ebc66b94cf98,0x3f67980a7a45b1f25f78c725426b027a9231f800,31,1,1000,1257747079913946359297510211584,4,4,3,false,0,0,0,7597,0x80252909779580cbc2b14ad36bbf24db06e840d6f21856e15678ab01a4892205,30 90 150 210
48,2026-09-21T07:41:32Z,21975095,0xe6e24f16f4d15f5b40e27d32219438f0fcce0c1226c120cc8a03dcd7f3014e0d,0x3f67980a7a45b1f25f78c725426b027a9231f800,22,1,1000,9370945989444452220928,4,4,8,false,0,0,0,7445,0x00ceb412ef6323c5281fcd5616f0de915a5a5b9509f8a672ff95ada14514bcee,21 81 141 201
49,2026-09-21T07:41:35Z,21975102,0x71eb3defb437e83dfbb3807deaa79af24b1648ea540b95703907b5b8c5df8170,0x3f67980a7a45b1f25f78c725426b027a9231f800,13,1,1000,69818988363776,10,10,18,false,0,0,0,7296,0xede8e0c279fc91c94bae53b4ed0ff2afe494792113b728e0bf9e78d4bb259cea,11 12 71 72 131 132 191 192 251 252
50,2026-09-21T12:44:35Z,22010936,0x9f641c7c868736456b167002663c65d82500cf7d460a5560160ecef017c05753,0x6f473d0de3fb42554fd35625a333dbb6e0f04b98,41,0,100,329648542954659136480144150949525454848,4,4,8,false,0,0,0,7150,0x15baa5788a218bce29b973ed16fcc838ea58b4c63dca454ba730dc5d09f8b4dc,40 100 160 220
51,2026-09-21T12:44:53Z,22010972,0x171a1e28db45f5ab810ea615b7bebce3037172d489c8128e393a51f3e3b3220b,0x6f473d0de3fb42554fd35625a333dbb6e0f04b98,9,1,1000,17045651456,5,5,10,false,0,0,0,7007,0x51db2e9c90e6e8a7545a6f57b3088bcade6d4c8e29bcb356ee68ce7a635caae4,8 68 128 188 248
52,2026-09-21T12:45:25Z,22011034,0x32fad1514347d8adcc2a50f70c85b7eb490d254d989e5d822164cdf7a580ce5e,0x6f473d0de3fb42554fd35625a333dbb6e0f04b98,22,1,1000,9370945989444452220928,12,12,22,false,0,0,0,6867,0x8abb92b79c5830b411f0b6d4b546844e68e1aa0a5723f04c7e1c7ffce0306d0f,20 21 22 80 81 82 140 141 142 200 201 202
53,2026-09-21T12:46:30Z,22011163,0x865a4ee64b97a479d22c9f3f0bffc5b7caad821d48c2e58d39d6362c2fc33d7b,0x6f473d0de3fb42554fd35625a333dbb6e0f04b98,28,1,1000,2456537265456926483002949632,4,4,7,false,0,0,0,6730,0x16879f247fc4b0cea791fbc3d986e2fc063243a52cfc146ee27b8df154d5b061,27 87 147 207
54,2026-09-21T12:47:37Z,22011294,0x59b87debb34bf38e07678eaff4055e383196cb294bc91970a72bc53a5dda19cd,0x96a78d1989ee8322263c38b9c7a2a3c00f35494c,24,0,100,146393360968959001624576,4,4,8,false,0,0,0,6595,0x7618742b60eff729ac9fb484810eeec23df0a68a31f14fb8e38bd87c6346e6ac,23 83 143 203
55,2026-09-21T16:45:17Z,22037743,0xae20a56e06f9ce53bb2608cedd0928c1fe68e06936e96f4d4d8d00db2e4fac26,0x3f67980a7a45b1f25f78c725426b027a9231f800,29,2,10000,39459338752221496262409584640,8,8,10,false,0,0,0,6463,0xa732389b487679c664b707c748d7edee66b7b5afb425f4a8791472deaa7a1c49,28 29 88 89 148 149 208 209
56,2026-09-21T16:45:24Z,22037756,0xbcb329643085c2aad7365f65dc03dc406c0fcac6d2994db95e70d2ab6d274bfb,0x3f67980a7a45b1f25f78c725426b027a9231f800,29,2,10000,39459338752221496262409584640,12,12,17,false,0,0,0,6334,0x4c6ff862dff4362dcbd1b7e36652566598d1630135091f436d5847d2bf5e354c,27 28 29 87 88 89 147 148 149 207 208 209
57,2026-09-21T16:45:28Z,22037764,0xd401fb9986e9cebc1b7de60fe824fd620ad0a3a320cb84f5f0fe532998c4b1d7,0x3f67980a7a45b1f25f78c725426b027a9231f800,29,2,10000,39459338752221496262409584640,8,8,10,false,0,0,0,6207,0xebbb5fc7f8755a833f6a609325aa1196c98dff018a8dff336bf5e391952be8e6,28 29 88 89 148 149 208 209
58,2026-09-21T16:51:48Z,22038514,0xc0d5a53d8747982a94d571d9ca98425a386e95ac53e8c6d45086d6c66ccf68bc,0x3f67980a7a45b1f25f78c725426b027a9231f800,15,2,10000,8972014882652160,15,15,24,false,0,0,0,6083,0x235dfe0722aa457d473b65892f02e3ee57733f39b3ebdadc9cada4eec211c444,13 14 15 73 74 75 133 134 135 193 194 195 253 254 255
59,2026-09-21T16:51:53Z,22038524,0xde915b9676ce7e6b6364df0505d9ef5b39762068f15fb9f7581128339eeb832a,0x3f67980a7a45b1f25f78c725426b027a9231f800,15,2,10000,8972014882652160,10,10,16,false,0,0,0,5961,0xb3e1ee08c5f5a356a3c58c1add8af7ce61fc4c7be68454af4a0dd5ea11fd71a3,14 15 74 75 134 135 194 195 254 255
60,2026-09-21T16:51:59Z,22038535,0x3739bd07973388fc9666a93eec3127814ed1478921787d4b5c8fdfdb552f304c,0x3f67980a7a45b1f25f78c725426b027a9231f800,15,2,10000,8972014882652160,15,15,24,false,0,0,0,5842,0xf07d93b3444cbd467c643840dbe97546635262ab1fcc68fcc1e2697d614daadc,13 14 15 73 74 75 133 134 135 193 194 195 253 254 255
61,2026-09-21T16:52:05Z,22038548,0x0fa24cf48fd5fc5d60c236f4119ebf45558b4927dcec9dab46873bcc348fee5c,0x3f67980a7a45b1f25f78c725426b027a9231f800,15,2,10000,8972014882652160,10,10,16,false,0,0,0,5725,0x93e9507c80200cfe170681825c3cfc451915087e771b571123941a19c052c03e,14 15 74 75 134 135 194 195 254 255
62,2026-09-21T16:52:14Z,22038565,0xdb583fb8cc49524eef0309d395f41f2a2f332e510bc1c00e62272fb88319d1ad,0x3f67980a7a45b1f25f78c725426b027a9231f800,15,2,10000,8972014882652160,15,15,24,false,0,0,0,5610,0x1e9bb16467cbbbdc52cf015afecf0b6058a36607bc5778bc252d7939154bac4d,13 14 15 73 74 75 133 134 135 193 194 195 253 254 255
63,2026-09-21T16:52:25Z,22038586,0xa0e4aeb08a7a74492ec670da1a9243ec4e1230bed5c686c1c135e28498ad35de,0x3f67980a7a45b1f25f78c725426b027a9231f800,15,2,10000,8972014882652160,10,10,16,false,0,0,0,5498,0x2b9094840f7909546a67276aaed07d71ea718d58efccb2c5c103df77a005c03c,14 15 74 75 134 135 194 195 254 255
64,2026-09-21T16:53:13Z,22038680,0x488311c4a0c5c08b15dbe955919905d4bce957e3a855bf4ba1b746adccc56feb,0x3f67980a7a45b1f25f78c725426b027a9231f800,15,2,10000,8972014882652160,19,19,30,false,0,0,0,5388,0x8a003932f5d0b3d7126fadcad7536963c466b433354399a35f4252833dec3898,13 14 15 16 73 74 75 76 133 134 135 136 193 194 195 196 253 254 255
65,2026-09-21T16:58:21Z,22039288,0x8bdcbbb130987598c1078034b546cd092fc4fbe5431f1c73b3da50752fce0830,0x3f67980a7a45b1f25f78c725426b027a9231f800,17,2,10000,574208952489738240,8,8,11,false,0,0,0,5280,0x2eea4aca21d3cd0b3a1ece997aefb7e418d2d03dd50eb1acbd5e0b1d688dde40,16 17 76 77 136 137 196 197
66,2026-09-21T17:01:29Z,22039658,0xf893ad0ef37ed72015de124c577db7ffce4b8f3a4960d083fa57811911aeea15,0x3f67980a7a45b1f25f78c725426b027a9231f800,47,1,1000,354024330026673642371879527578292738907439104,4,4,6,false,0,0,0,5174,0xf2eedc9bb04dee8e64223dd5ff0a31b49d1bd8de73854e4123668cfbbb7c802a,46 106 166 226
67,2026-09-21T17:01:30Z,22039661,0x46bad7d8f48407067e26b8b1b321bd8720fa4e34c6f467c0f399e72a3f4afab8,0x3f67980a7a45b1f25f78c725426b027a9231f800,17,2,10000,574208952489738240,13,13,19,false,0,0,0,5070,0xd577fb04df83723465eff6a2874df2458b00703c48604f3436a6be677fe757f4,15 16 17 75 76 77 135 136 137 195 196 197 255
68,2026-09-21T17:03:11Z,22039859,0xc3ce053040167a9a73a8e2835761d397fb21ebc5436903eb64e082b3884f8bff,0x3f67980a7a45b1f25f78c725426b027a9231f800,16,1,1000,35747322042253312,5,5,8,false,0,0,0,4969,0x59d0825473cb14c9eee68b1f8cf8c625e3f0255afeb73dec76cef6caa6da0aa9,15 75 135 195 255
69,2026-09-21T17:03:21Z,22039879,0x55c04a7f19740403bd249ea0ef34b1f0b764809ad4932cff135ef0165b1f59e6,0x3f67980a7a45b1f25f78c725426b027a9231f800,19,1,1000,18302628885633695744,8,8,12,false,0,0,0,4870,0xd21e272eac7c9b2e956322d3c87bd4adecc00b81eea620bab3e57f9bcad048ba,17 18 77 78 137 138 197 198
70,2026-09-21T17:03:26Z,22039889,0xfbad83a52373001fb4829749832a462f9515370c21453e624e8637130d2e9640,0x3f67980a7a45b1f25f78c725426b027a9231f800,19,1,1000,18302628885633695744,8,8,12,false,0,0,0,4773,0xcf34e04f9e2a4d2758492bd83674f9901252310fd3f020ce1bfc56232ea2f657,18 19 78 79 138 139 198 199
71,2026-09-21T17:04:56Z,22040067,0xa216057d9e5ef1d40a35296ee9e1acee89da28aac24c31750f6efb21c28f31ec,0x3f67980a7a45b1f25f78c725426b027a9231f800,16,1,1000,35747322042253312,14,14,22,false,0,0,0,4678,0x4858409b55bd86cb029dfa0b13e139ea403a799766bd9386420600332815abd4,14 15 16 74 75 76 134 135 136 194 195 196 254 255
72,2026-09-21T17:05:05Z,22040085,0xe4f6ae544dfc812cc697d024b7b7544aeea0e310b514927a4fb5801a3d7f244c,0x3f67980a7a45b1f25f78c725426b027a9231f800,40,2,10000,338953138925153547590470800371487866880,8,8,13,false,0,0,0,4584,0x694a99dd5da42442ec0a4257b6fefa3afb36ac1ff994adecd198643af60c20ed,39 40 99 100 159 160 219 220
73,2026-09-21T17:05:32Z,22040138,0xf222c026b88978c6125f748d9f56ef57233616e3ba88f1951763d6b97ab9aa1c,0x3f67980a7a45b1f25f78c725426b027a9231f800,34,2,10000,1293003612232793989526637269483520,8,8,14,false,0,0,0,4492,0xc7f367f26052395691c5f2f5356eb45d755483707c5a9b9ca2257dbec6a93cf6,33 34 93 94 153 154 213 214
74,2026-09-21T17:05:48Z,22040168,0x4dc05069265856e073e4bb9f581392e45f9891817bf353465a10d7c935a052ce,0x3f67980a7a45b1f25f78c725426b027a9231f800,20,1,1000,146421031085069565952,4,4,5,false,0,0,0,4402,0xedc500d77219c0227490c5fd4851097e8d75376026358e247aa67c699b5d2c8c,19 79 139 199
