address,roles,code_bytes,code_prefix,eip7702_delegation,delegate
0x0139a84b829cef5f6f7b83a456d498a153155057,ecloser keeper owner,23,0xef010063c0,1,0x63c0c19a282a1b52b07dd5a65b58948a07dae32b
0x019d9319cbefec30f672fe0f79acd709958ab271,ecloser keeper owner,0,,0,
0x024bd508a0752afb7e927b7defe681b51dd42377,ecloser keeper owner,23,0xef010063c0,1,0x63c0c19a282a1b52b07dd5a65b58948a07dae32b
0x02743dd55d73bbd61a1ffcfa8cf5e41896370c7c,ecloser keeper owner,0,,0,
0x0349cd3a83006bc4f057f553f221d69bd7a6c504,ecloser keeper,23,0xef010063c0,1,0x63c0c19a282a1b52b07dd5a65b58948a07dae32b
0x0420e243d8ab4a22dadded1ead8cdcca14074d7c,ecloser keeper owner,0,,0,
0x0818404d4e07ff38c42d15cff5d2f22fc907977e,ecloser keeper owner,0,,0,
0x0824026863b82d18cc258f1299d96c17bbde6d86,ecloser keeper,0,,0,
0x08b296a897b1c8a033066a34dfde80c66a825d7b,ecloser keeper owner,0,,0,
0x08bf056c728966c8d6d3f2acb0ad4be521ed0631,courter ecloser keeper owner,23,0xef010063c0,1,0x63c0c19a282a1b52b07dd5a65b58948a07dae32b
0x0b1ba22af3fb3ad6247ba5d4413b6649edd40819,ecloser keeper owner,0,,0,
0x0dd5ff179c68dd64fa712da08b550ec3a7d3bd73,ecloser keeper,0,,0,
0x0e8fc50331bac5eb968b6106125c2643a98ba319,ecloser keeper owner,0,,0,
0x1172030084703efd41930caf656a3dd5e7f57c59,ecloser owner,0,,0,
0x14dcb3e1781743a32395bca8de7fe6f44fa7917a,ecloser keeper owner,0,,0,
0x155bae146eab03a495360e6a0da991be5e834c70,ecloser keeper owner,0,,0,
0x1870742c4420d6e90b0c0dfac0cfe436fbf5a93b,ecloser keeper owner,0,,0,
0x18749122cc2211c977736f418159c2f440243bd5,ecloser keeper owner,0,,0,
0x18c50ec4262ec6c35912501330c7d349c7ad3f3a,ecloser keeper owner,0,,0,
0x19d3d59152a80ed1a4e43e1021541225f1f99a56,owner,0,,0,
0x19ee7766b779e8a6958770cc37ee3da2695f4b85,owner,13252,0x6080806040,0,
0x1a3a0e6f222e823cc8d0f39d87042f88ab763872,courter ecloser keeper owner,0,,0,
0x1a838bc693fb8eb08861505564e2ceeb229702a4,ecloser keeper owner,0,,0,
0x1b1829e31d3f85210ea84c2b62f59faa47687c7e,ecloser keeper owner,0,,0,
0x1b25bd7ce0fb701d9aac3fd43fa221ac63e3fb3e,ecloser keeper,0,,0,
0x1df89c0350e94575d0e20fd86c12e2a38e4c0ce1,courter ecloser keeper owner,0,,0,
0x1ffb740eabe3d5fde7052df1e82a1df6fac2633e,ecloser keeper,0,,0,
0x20f41835d1c6e437f28f054e2e0540b82740df25,ecloser keeper owner,23,0xef010063c0,1,0x63c0c19a282a1b52b07dd5a65b58948a07dae32b
0x2122e553875fe2d0e24eb0eb220ea7da258ddd5d,ecloser keeper owner,0,,0,
0x224e633c9632a51de2f6225a7620dc46b2d58b08,courter ecloser keeper owner,0,,0,
0x22b033b7212cb9b8a8bce73dbad80ed77a229322,courter ecloser keeper owner,0,,0,
0x22fdae531a69647a0ade9154093ac83769f9dc49,courter ecloser keeper owner,0,,0,
0x23834a83a168310b6b0dc000f22f9a4f8ae86106,ecloser keeper owner,0,,0,
0x23e84ec9d22e84e93534cb9a6030f77deb2a0310,ecloser keeper owner,0,,0,
0x246e4bf851155c76cd74a4e2961cd879431a7768,ecloser keeper owner,23,0xef010063c0,1,0x63c0c19a282a1b52b07dd5a65b58948a07dae32b
0x26542d0bc93a63c141a21956337f18773b237882,courter ecloser keeper owner,0,,0,
0x27f48de5e0605da8b2a52ddfd06f6d273b804336,courter ecloser keeper owner,23,0xef010063c0,1,0x63c0c19a282a1b52b07dd5a65b58948a07dae32b
0x2af7b5c642c6741f770f6791e9273b98f5dac62c,keeper owner,23,0xef010063c0,1,0x63c0c19a282a1b52b07dd5a65b58948a07dae32b
0x2bb3da4f8b5377bd915c637c3eeeeffcd20fd7d0,ecloser keeper owner,0,,0,
0x2cfff5469410317b2aac1fff1d97f1b856a24d20,ecloser keeper owner,0,,0,
0x2d631f41f6023db409f15e1ccc337e69f62a8a58,ecloser keeper owner,23,0xef01001c08,1,0x1c08930b2d330447e6c05b5be8c4caf172b4a174
0x2f1e4cf291e6dbd9236679ecdd1de9c324fcb879,ecloser keeper owner,23,0xef010063c0,1,0x63c0c19a282a1b52b07dd5a65b58948a07dae32b
0x2f694c711225e97dc71e2a98c0a186ae3e1ad167,ecloser keeper owner,0,,0,
0x3103136150ed5dde8332551f0be87fcb7131a954,ecloser keeper,0,,0,
0x32a1048431ee2db5868c4ade81da84b9f075ab05,ecloser keeper owner,23,0xef010063c0,1,0x63c0c19a282a1b52b07dd5a65b58948a07dae32b
0x346790c85882719d3806c1a7933dd7455a4f5b09,ecloser keeper owner,0,,0,
0x34e03f26217597a93d19cecee740af1bc3e85b18,ecloser keeper owner,0,,0,
0x34ee0241ab4d91c588bcd37948bec7769e0cae90,ecloser keeper owner,23,0xef010063c0,1,0x63c0c19a282a1b52b07dd5a65b58948a07dae32b
0x379e8cfc45c0ba60966a3d013f85027d160235e4,ecloser keeper owner,0,,0,
0x38c16e94e79383a5906449fc84477c1a7b19b613,ecloser keeper owner,0,,0,
0x3a62262930534e493d7bf823608291f2544d0b01,ecloser keeper owner,0,,0,
0x3aeb28b5341aabf1a52ec92e47afef89040c172a,ecloser keeper owner,0,,0,
0x3d23e40495043a4c7509b2d179ee1ad9e3a3a30c,ecloser keeper owner,0,,0,
0x3db88affb909228a6f134074bdfdeaee28dc207a,ecloser keeper owner,0,,0,
0x3f62ae0c7ed24dcd2b52c1c224296519b02df00d,courter ecloser keeper owner,0,,0,
0x42a08b2a271f7305d0f6ef5e6c37f7ebb3d05c39,ecloser keeper owner,23,0xef010063c0,1,0x63c0c19a282a1b52b07dd5a65b58948a07dae32b
0x45828555f1ccd93c76f7e1b19822e7294946415a,ecloser keeper owner,0,,0,
0x4663f73533083a058510fb48c75ca64cd885b262,ecloser keeper owner,0,,0,
0x46f440d3d4e6466034b2a5034fc501ac0a31bf29,courter ecloser keeper owner,0,,0,
0x474e45f9d4ddf36287be43ae051c18a994a76b57,keeper,0,,0,
0x47f1c3ad5f959aaead731be40c7b6c801b91a557,ecloser keeper owner,0,,0,
0x4806aab45cd0ca6f114fbe7aab21419790e2927c,ecloser owner,0,,0,
0x4857faa2ae5bea08aa4ae3665966a0b92dd64af5,keeper,0,,0,
0x49c7a4f1ae750cec95634648ce57e4ee53f64058,ecloser keeper owner,23,0xef010063c0,1,0x63c0c19a282a1b52b07dd5a65b58948a07dae32b
0x4e4036db402290a8333fc81f2690bec313baa18f,ecloser keeper,0,,0,
0x4fe840d7588f2a7cc776b24c74b710d80c68c887,ecloser keeper owner,0,,0,
0x5134143ec5c04ad5b5dcd240e92f484cdf10fef8,ecloser keeper owner,0,,0,
0x51ff767cdd5112be157b12b5b1c7713608fc2601,ecloser keeper owner,0,,0,
0x52c2947e6df632d9be6323f7fee666e95e4aa386,courter ecloser keeper owner,0,,0,
0x54012e1e43de8dd719a2deca0d6a254ee4db42b5,ecloser keeper owner,0,,0,
0x549ae637381f77c13bb0e9308a0d8f56769f4dc4,ecloser keeper,0,,0,
0x54d1f1895026e84e4672d09c3e759a4fd847e497,courter ecloser keeper owner,23,0xef010063c0,1,0x63c0c19a282a1b52b07dd5a65b58948a07dae32b
0x55371363937406861291a914a07e7e39f315812b,ecloser keeper owner,0,,0,
0x574b60bc1a42becb1de3972751e9238c26c9cccf,courter ecloser keeper owner,23,0xef010063c0,1,0x63c0c19a282a1b52b07dd5a65b58948a07dae32b
0x5e7293bbccad7d606add851b1a8887c02d0102ab,ecloser keeper owner,23,0xef010063c0,1,0x63c0c19a282a1b52b07dd5a65b58948a07dae32b
0x5eee54755344c65af3e0a76d4e970cdc42984b67,ecloser keeper owner,0,,0,
0x5f30161457bc022e0280588a34de9aac6781a2c9,ecloser keeper owner,0,,0,
0x62ff01f014f0da446e02a62392538f36a83a2659,ecloser keeper owner,0,,0,
0x648468901b406e4fbb453e167ab0058195b2f8f9,ecloser keeper,0,,0,
0x65d3f783f7a9f2a30cf70a8b3f6789fe98779086,ecloser keeper owner,23,0xef010063c0,1,0x63c0c19a282a1b52b07dd5a65b58948a07dae32b
0x661d1d56530e9a07bb5d6058f32d431fecc9a7fa,ecloser keeper owner,23,0xef010063c0,1,0x63c0c19a282a1b52b07dd5a65b58948a07dae32b
0x67c4b71569377c6624daf1d1f3460f1f13640085,ecloser keeper owner,0,,0,
0x682e5537cce3e03a3020d896498786bb81c4a5e7,ecloser keeper owner,23,0xef010063c0,1,0x63c0c19a282a1b52b07dd5a65b58948a07dae32b
0x6c06284916fb43b4371591ff27e6d38f6b1ea1d5,ecloser keeper owner,0,,0,
0x703ca793c3ce69082c70bea3a8fb71cc5bd05155,ecloser keeper,0,,0,
0x734617dec820db2cfb6dc750efa08ef30dc9236f,ecloser keeper owner,0,,0,
0x74107b9b65801d477d5a7980905beecd72b57a29,courter ecloser keeper owner,0,,0,
0x7a293aa02ef51e4e25394ffeeb5989ad4674cdd5,ecloser keeper owner,23,0xef010063c0,1,0x63c0c19a282a1b52b07dd5a65b58948a07dae32b
0x7d0aa09db8d2018d8de6def866824d111444bf4b,ecloser keeper owner,0,,0,
0x7d7337fcdefe5771e3280f25c3ba670700e8560c,courter ecloser keeper owner,0,,0,
0x7fc2601003d9789f3c8b62c43c8cb6f4f72f59ce,owner,0,,0,
0x816d5d6ff78a59839fbf0105a5e7f9c01fbf4dd5,ecloser keeper owner,0,,0,
0x81b4bf458a73ea46fadd46ee8236e5f94c4eb8e0,courter ecloser keeper owner,0,,0,
0x82b171ccadf43fc453b428b428693be638d62843,courter keeper owner,0,,0,
0x851bdedc8a41e46c5a078f7f9aee4a0daad5d1b5,ecloser keeper owner,0,,0,
0x871c8e4a223b9fdff258d117d106d990629c3d68,ecloser keeper owner,0,,0,
0x8746cbcd1d09ea15b3625692f11fbb0e17b52029,ecloser keeper owner,0,,0,
0x88c58b42f2783131d51a58af7f1a9b491089afeb,courter ecloser keeper owner,0,,0,
0x8d97497483204a504670cdc5e1b3ff8868888888,courter ecloser keeper owner,0,,0,
0x9194331dc33cde506a635cb2bde30a88246cb9cf,ecloser keeper owner,0,,0,
0x92bcd910d5bf7b403fb33192a943a854da4ad2ac,ecloser keeper owner,0,,0,
0x939571499a81766380edd7040bb16a785b800855,ecloser keeper owner,0,,0,
0x9446792a55da00f69d2c8be9099019934f532f06,ecloser keeper,23,0xef010063c0,1,0x63c0c19a282a1b52b07dd5a65b58948a07dae32b
0x94de35a17ab7c0f3ca734046306743dfce6bfa2b,courter ecloser keeper owner,0,,0,
0x9628149b8268f15adc99911e64a79cdea7fb71ab,courter ecloser keeper owner,0,,0,
0x979358182743d44831696146a36aecf1ebbe7325,courter ecloser keeper owner,23,0xef01001c08,1,0x1c08930b2d330447e6c05b5be8c4caf172b4a174
0x98397be2ed4d62c264135c6ed34d5104e7435cf3,ecloser keeper owner,0,,0,
0x9da747028d14fd5fc1ce0a2f91d77f5062c6ebb4,ecloser keeper owner,0,,0,
0x9e366c1405f7951431dbdeb53dcd57db342f55c4,ecloser keeper owner,23,0xef010063c0,1,0x63c0c19a282a1b52b07dd5a65b58948a07dae32b
0x9e6ec3dc9bb01eaea5593189b3983f3961298199,ecloser keeper owner,23,0xef01006900,1,0x69007702764179f14f51cdce752f4f775d74e139
0x9f2ebf1ba9206ef97428fdab7431a3f1d53f6dc9,ecloser keeper owner,0,,0,
0x9fe1c07a4b2ee2842eee679ae719bb23ed341c18,courter ecloser keeper owner,0,,0,
0x9fe572857e7c845215886792aba4be3b958afa59,ecloser keeper owner,0,,0,
0xa09daab5e090017fc53b09038ba55b0f1cf9ac36,ecloser keeper owner,23,0xef010063c0,1,0x63c0c19a282a1b52b07dd5a65b58948a07dae32b
0xa2e8a61f22e3b61c65e9b2b068012b47081bed7c,ecloser keeper,23,0xef0100e6ca,1,0xe6cae83bde06e4c305530e199d7217f42808555b
0xa31dad50a74d45ef2bd052adba3d3ee326683b06,ecloser keeper owner,0,,0,
0xa372af7cdc7e941d7282db43d98a5a52b3d4b67a,ecloser keeper owner,0,,0,
0xa3fa3ab71f00afdcb295052989423eeb9db83926,ecloser keeper owner,0,,0,
0xa5552389c0c7601030cb8d82b487150855478342,ecloser keeper owner,0,,0,
0xa59d9cf2f354d84f9cd1ddcf0d72351bc0769366,ecloser keeper owner,0,,0,
0xa754afb7549fce6e666bfcd6d4a4064c7d732d0e,courter ecloser keeper owner,23,0xef010063c0,1,0x63c0c19a282a1b52b07dd5a65b58948a07dae32b
0xa7c48ec145b032aa0fd76ebdae085bdb42173f19,ecloser keeper owner,23,0xef010063c0,1,0x63c0c19a282a1b52b07dd5a65b58948a07dae32b
0xa9a3dbee74753ccd9b40521d1f92f9cf2f49b9dd,ecloser keeper owner,0,,0,
0xa9db421e7f6afa0d7158d51bdc4aa279eb788e0c,ecloser keeper owner,0,,0,
0xaa3b48bac2fedc58a564904d27911392ca1f84ba,courter ecloser keeper owner,0,,0,
0xac0e67aaaa15dc791153b64df4a9d121dce797e5,courter ecloser keeper,23,0xef010063c0,1,0x63c0c19a282a1b52b07dd5a65b58948a07dae32b
0xac79fd6008b971723d16974cdb23ad70ecc00bee,ecloser keeper,0,,0,
0xaf88695762861f15b620b242c56d919f0d0ce612,ecloser keeper owner,0,,0,
0xafd6e6a4c331a0112ed9fbc306fba05b44d87020,ecloser keeper owner,23,0xef010063c0,1,0x63c0c19a282a1b52b07dd5a65b58948a07dae32b
0xb1368c0b6e4dafbb5375c121df88154a3f72b299,ecloser keeper owner,0,,0,
0xb2732bc83797a44d7368b04b95879f582723346f,ecloser keeper owner,0,,0,
0xb371b7b19ed98486ab48695d8ca1b8d401979037,ecloser keeper owner,23,0xef01006123,1,0x612373d7003d694220f7800eeaf8e3924c0951d3
0xb39e79d3540fc34f516af70574b94d4ef8f885d2,courter ecloser keeper owner,0,,0,
0xb3aa0c5049d7e1c9abf88d612c10b8d792383464,ecloser keeper owner,0,,0,
0xb403f53ee827030a8963ce363477e4ea98b2f679,ecloser keeper owner,0,,0,
0xb528bf440e6c9dad0c15f7e5f4dc75655f7ae27b,ecloser keeper owner,23,0xef010063c0,1,0x63c0c19a282a1b52b07dd5a65b58948a07dae32b
0xb6e28a7dc63dd496b1591079505dd548de49bbab,ecloser keeper owner,0,,0,
0xb7b53fe02da4395a562cb51bc8f955e021665dce,ecloser owner,0,,0,
0xb7c3e773bf48d10039faf6be963ab96853819742,ecloser keeper owner,23,0xef010063c0,1,0x63c0c19a282a1b52b07dd5a65b58948a07dae32b
0xba7ec7d0f21b404e896e18b3edc3d9dd8502905f,ecloser owner,0,,0,
0xbcd76fa66f9edc46065f4f27fd634ca15a0b1c72,ecloser keeper owner,0,,0,
0xbd081f1b95d62c9a30efab2bb862eea6dcd7450a,ecloser keeper owner,23,0xef01006900,1,0x69007702764179f14f51cdce752f4f775d74e139
0xbd1d06f6d75ed10fd4850e5776bea7e39d5da849,ecloser keeper owner,0,,0,
0xbd5764383846bbd5aabc92ab9c9c2f9bbfa15a55,ecloser keeper owner,23,0xef010063c0,1,0x63c0c19a282a1b52b07dd5a65b58948a07dae32b
0xbdc08bbec6b4f455cd2a94e000b0f205b7149444,ecloser keeper owner,0,,0,
0xbf60222892d983dabea288998ee4e5812e73e1be,ecloser keeper owner,0,,0,
0xbfdd7a87be2ad35e150fe97ec3e9459cf922296f,ecloser keeper,0,,0,
0xbfe2643c33dade319d1634215ab68b3c098ed3e7,ecloser keeper owner,0,,0,
0xc01dde207a84c71149cde8b3657c5535c208aa20,courter ecloser keeper owner,0,,0,
0xc048ef2d7fdd45522093c78b81f86e9cbb2d07a3,ecloser keeper owner,0,,0,
0xc0e1ff5b6ec47f15aebfe859b8ab4a566fe61752,courter ecloser keeper owner,0,,0,
0xc27b2850725c4df379bba8e0d2498c40c37c12e1,ecloser keeper owner,23,0xef010063c0,1,0x63c0c19a282a1b52b07dd5a65b58948a07dae32b
0xc32df1d89911cb9a33f6032f63ca6ad21ca0e484,ecloser keeper owner,0,,0,
0xc3a31bd2a7acd8965942fbfde816727e7dd50db1,ecloser keeper owner,0,,0,
0xc3cd0c6505333261ab1d4679763483d9a0d9327d,courter ecloser keeper owner,23,0xef010063c0,1,0x63c0c19a282a1b52b07dd5a65b58948a07dae32b
0xc47e53967ecc82ee69635a37a6c645d109c15981,ecloser keeper owner,0,,0,
0xc7f1dce49db860c865ce34e4eb65dbef625919ef,courter ecloser keeper owner,0,,0,
0xc9d6c183b4acafbdaf8c398adee039f17c86321d,ecloser keeper owner,23,0xef010063c0,1,0x63c0c19a282a1b52b07dd5a65b58948a07dae32b
0xca455075041d8af4723892825b3e45e685ee1e0d,ecloser keeper owner,0,,0,
0xca6f14b85541f79aff1e985e6d6373aa142ef93a,ecloser keeper owner,0,,0,
0xcbc381d3f2139da5159cd9863d7e1d0111ccdd19,ecloser keeper owner,23,0xef010063c0,1,0x63c0c19a282a1b52b07dd5a65b58948a07dae32b
0xccde496b83c644f779e5b6fcc0cc4a5c276fa5d4,courter ecloser keeper owner,0,,0,
0xcd5504897ee44f57fc5d9f06a9cf1ca1d1eac578,courter ecloser keeper owner,0,,0,
0xcf44c3a44b9c291a10fe416124f7077627dfe2c0,ecloser keeper owner,0,,0,
0xcf9ca4ebf3ed44342d01d6aa5bd48f61976d16a3,courter ecloser keeper owner,0,,0,
0xd00226b73bab097e97c6df416dc031df7c4b5af1,courter ecloser keeper owner,23,0xef01001c08,1,0x1c08930b2d330447e6c05b5be8c4caf172b4a174
0xd13699e25eb3550ec997be63686ca837e4d956ba,ecloser keeper owner,23,0xef010063c0,1,0x63c0c19a282a1b52b07dd5a65b58948a07dae32b
0xd14049678140b62b8d5ea1766357b0f3646eb936,courter ecloser keeper owner,0,,0,
0xd20d985fe8fba1f1e7a08095278e9c9a0565fb90,ecloser keeper owner,0,,0,
0xd47b82d470587f09fb76525e7e929242756e6aec,keeper owner,0,,0,
0xd6ccc5beaf637fe868e7534240689c660e15f3f4,ecloser keeper owner,0,,0,
0xd6ed92a915f940db5d288b1724a4e45b20c4f027,ecloser keeper,0,,0,
0xd8c92b3d755675727c38f102a4be7b939f0ab82d,courter ecloser keeper owner,23,0xef01000000,1,0x000000009b1d0af20d8c6d0a44e162d11f9b8f00
0xd9a63b1c97f1b186ea7e6fe60a985694e6bd5a74,ecloser keeper owner,23,0xef010063c0,1,0x63c0c19a282a1b52b07dd5a65b58948a07dae32b
0xdb67846763415453a214ab8a9f7c14a0c8c99bed,ecloser keeper owner,0,,0,
0xdf019f6095d7be78358b9f96bd16f19fd1beedf1,ecloser keeper owner,0,,0,
0xe0be2740456040536765022e7db612418e3de99e,courter ecloser keeper owner,0,,0,
0xe5aac01d46d2aeb58a8ee19c457e2d0d023274f3,ecloser keeper owner,0,,0,
0xe6e5a8b9c4a0cd805f06b565b6f2857923cc6b11,ecloser keeper owner,0,,0,
0xe72d42810212c856636cd9d019e98cfe985535fd,ecloser keeper owner,0,,0,
0xe79ca7d5c265c93be2b23e4e04ba9d8357622db7,courter ecloser keeper owner,0,,0,
0xea06384d2fca30fc2090ace269c6578a2f0269fc,ecloser keeper owner,0,,0,
0xec0408f9fb4c25a98e60b6e5715cd059b1fa172f,courter ecloser keeper owner,23,0xef01007702,1,0x7702cb554e6bfb442cb743a7df23154544a7176c
0xec56dc68b5091297a987c4b93195e6561629d501,ecloser keeper owner,23,0xef010063c0,1,0x63c0c19a282a1b52b07dd5a65b58948a07dae32b
0xed39205dd38074eea517a0e3dbd099b4e4a85af3,ecloser keeper owner,23,0xef010063c0,1,0x63c0c19a282a1b52b07dd5a65b58948a07dae32b
0xeda47da1c7ae9f6f342784e2b3c0b41194375d17,ecloser keeper owner,0,,0,
0xf04ecec3cac1ad5e55e03cb5842b07be2c2249c9,courter ecloser keeper owner,0,,0,
0xf24b122bdceb5d37157417ae2ef7832f076e4729,owner,23,0xef01001c08,1,0x1c08930b2d330447e6c05b5be8c4caf172b4a174
0xf410f5824a53bdeedb76f7d280bccad40538c523,ecloser keeper owner,0,,0,
0xf5122a7f966ef24b32eeaea1fa4f40bfb281e8d2,ecloser keeper owner,0,,0,
0xf574c75a9959c7c418b6474b6223c526ba42af3e,ecloser keeper owner,0,,0,
0xf991ce4c19d613495b2689d0452e806c3b354f8c,ecloser keeper owner,0,,0,
0xfa6b24f09f51c49ab35ce49a40058b14eaad3869,ecloser keeper owner,0,,0,
