block,timestamp,tx,target,suitor,courter,outcome,fired,selectivity,fidelity,egg,target_tick,input_agg,synapses,spiked,cells
23399299,1790700444,0xe10c7ee972ad567abb4376c6ea373230dd3a2387ee3ce17402e74bfdb417baa5,247,324,0x1df89c0350e94575d0e20fd86c12e2a38e4c0ce1,rejected,10,11,56,,10,0x1fc5,18,10,0 1 60 61 120 121 180 181 240 241
23399380,1790700485,0x90c0e952db0bd79f4a8420281a97768879d1035e572c20762e6209b897529db4,247,324,0x1df89c0350e94575d0e20fd86c12e2a38e4c0ce1,accepted,15,11,56,1,11,0x1ff6,27,15,0 1 2 60 61 62 120 121 122 180 181 182 240 241 242
23401706,1790701664,0xb685ad4d6a7390fcfc5d9747faeac445332a6374cb9742c4a0d754419bdb080a,285,264,0xc7f1dce49db860c865ce34e4eb65dbef625919ef,rejected,10,11,50,,42,0x1fe9,18,10,0 1 60 61 120 121 180 181 240 241
23401804,1790701714,0xadf8b6f93be9788dbeeaab9695f6335e4a50a9e03755b9248ff8d255c37628d3,285,264,0xc7f1dce49db860c865ce34e4eb65dbef625919ef,accepted,15,11,50,2,43,0x1fcd,27,15,0 1 2 60 61 62 120 121 122 180 181 182 240 241 242
23404596,1790703128,0x87c089b2ccad5d76598a27945d2bc45a5d015892d05e91b8cac7ff051bda6849,11,75,0x22b033b7212cb9b8a8bce73dbad80ed77a229322,rejected,5,9,0,,2,0x1fc1,8,5,1 61 121 181 241
23408618,1790705167,0x2a5c9e2f4e5ca518aa8bc4072fa632a9d21c867ef6d20f7b35323566b71be816,11,53,0xe0be2740456040536765022e7db612418e3de99e,accepted,20,9,0,3,3,0x1ff8,37,20,0 1 2 3 60 61 62 63 120 121 122 123 180 181 182 183 240 241 242 243
23434282,1790718190,0xa152b090ccefdc4d32cf06ca6ada34aa6b33831d3ae0fd6181d0166833901fe4,117,55,0xac0e67aaaa15dc791153b64df4a9d121dce797e5,rejected,10,11,57,,2,0x1fc1,18,10,0 1 60 61 120 121 180 181 240 241
23436028,1790719076,0x32c3faa8a6cbdf2c39b2b45263fa7f086d60f7f42d94b2c1184cf0cd53cc1a59,188,55,0xac0e67aaaa15dc791153b64df4a9d121dce797e5,accepted,10,10,48,4,5,0x1fe1,18,10,0 1 60 61 120 121 180 181 240 241
23436191,1790719159,0x5f971a3de922ebc43ffa1310efa7b003e06bc504a6720e1ef5c00c756841ee0a,173,44,0xf04ecec3cac1ad5e55e03cb5842b07be2c2249c9,accepted,10,10,35,5,5,0x1fe1,18,10,0 1 60 61 120 121 180 181 240 241
23440194,1790721190,0xe9e62284fe5313af0ceab63e739191f3ab9a48635c5874b32fb677d32f9bd1d6,117,196,0xac0e67aaaa15dc791153b64df4a9d121dce797e5,accepted,20,11,57,6,3,0x1ff8,37,20,0 1 2 3 60 61 62 63 120 121 122 123 180 181 182 183 240 241 242 243
23445828,1790724049,0xd5c47324546726a4d2b61fc6b76b60acc601307ef1c864b0d961e7b38fdd1f0f,75,315,0xec0408f9fb4c25a98e60b6e5715cd059b1fa172f,rejected,10,11,53,,1,0x1fd3,18,10,0 1 60 61 120 121 180 181 240 241
23445919,1790724095,0x04b2d5d3b0fa60144c4a06e770b3d05ab8ec64a231630baafec2d4dbbc5ee219,175,295,0xec0408f9fb4c25a98e60b6e5715cd059b1fa172f,rejected,10,11,65,,7,0x1fd1,18,10,0 1 60 61 120 121 180 181 240 241
23453284,1790727831,0x39c174c39e26b0d6cb98448b55f1658ecf220e3d9230ca67a8b02c205f70b2c2,323,115,0x46f440d3d4e6466034b2a5034fc501ac0a31bf29,accepted,10,10,40,7,12,0x1fdb,18,10,0 1 60 61 120 121 180 181 240 241
23457385,1790729910,0x5bc6f8634aabb2d0a5766e4c4ea51ff925a8979dc65b6d5fbb50be2e4a269640,321,213,0xccde496b83c644f779e5b6fcc0cc4a5c276fa5d4,accepted,10,10,43,8,8,0x1fff,18,10,0 1 60 61 120 121 180 181 240 241
23460585,1790731533,0x86cd7f666c6071603d9f8065db558b5933d6c17291295176efb362073d1d349f,182,271,0xd00226b73bab097e97c6df416dc031df7c4b5af1,rejected,5,10,48,,9,0x1fcb,8,5,1 61 121 181 241
23464697,1790733619,0xed541bff837793f7538b7219bbc17f419659e0cd742c1caf7c8c72dc26ae07fe,175,295,0xec0408f9fb4c25a98e60b6e5715cd059b1fa172f,accepted,15,11,65,9,8,0x1fff,27,15,0 1 2 60 61 62 120 121 122 180 181 182 240 241 242
23464812,1790733677,0xaff2bc0dec583f0f852d4dc93c7dad76ccbd1322020a5e64bdc561731520dedf,328,315,0xec0408f9fb4c25a98e60b6e5715cd059b1fa172f,rejected,5,10,44,,18,0x1fc0,8,5,1 61 121 181 241
23465438,1790733995,0x02102aaa66c0c90a1715906b907415390755c26645b86b2baff59e13e4835a06,328,141,0x88c58b42f2783131d51a58af7f1a9b491089afeb,accepted,15,10,44,10,19,0x1fc6,27,15,0 1 2 60 61 62 120 121 122 180 181 182 240 241 242
23465981,1790734270,0xdc11f2a8eccda7b0a1677124da88cbf308ac8b6a07cc6753badf85eda07627db,42,116,0xb39e79d3540fc34f516af70574b94d4ef8f885d2,rejected,10,11,74,,14,0x1fe7,18,10,0 1 60 61 120 121 180 181 240 241
23466105,1790734333,0x8db83b6c125f0f7b2cad182c68f468176ab42f2f7d44807c3003e282ebbe09d8,42,30,0xb39e79d3540fc34f516af70574b94d4ef8f885d2,accepted,15,11,74,11,15,0x1fcb,27,15,1 2 3 61 62 63 121 122 123 181 182 183 241 242 243
23471723,1790737183,0x5e7440572eeb5d35479493b5329a08d19794d3c647bfeda8416dd327943cb267,305,4,0x1a3a0e6f222e823cc8d0f39d87042f88ab763872,rejected,10,11,61,,25,0x1fdc,18,10,0 1 60 61 120 121 180 181 240 241
23471776,1790737210,0x016f1d06bbc7120239398538840e72c23db3657d7134433581c9d88dc8815afc,187,320,0xa754afb7549fce6e666bfcd6d4a4064c7d732d0e,accepted,10,9,22,12,143,0x1fed,18,10,0 1 60 61 120 121 180 181 240 241
23472053,1790737350,0xc08bd2d6a4c7f99624b038a08294d61a63a3030574e6dee7dd0376eda477ae1f,305,306,0xa754afb7549fce6e666bfcd6d4a4064c7d732d0e,accepted,20,11,61,13,26,0x1fcd,37,20,0 1 2 3 60 61 62 63 120 121 122 123 180 181 182 183 240 241 242 243
23475303,1790738999,0x45de46bf7a6e721a5d9c4bd77a7c698dd3e885a866fb5affa81c605470d0ef0b,177,6,0x1a3a0e6f222e823cc8d0f39d87042f88ab763872,accepted,10,10,36,14,6,0x1fed,18,10,0 1 60 61 120 121 180 181 240 241
23475588,1790739144,0xb162f1734c11067e334d5106665d2f2fce81e8e4379e38b777b06da8a37dea66,186,4,0x1a3a0e6f222e823cc8d0f39d87042f88ab763872,rejected,10,11,68,,5,0x1fe1,18,10,0 1 60 61 120 121 180 181 240 241
23475781,1790739241,0xd96ecd90a36567c4591add77e80b30d0fbe6f159ae2080fa62c07865512749d0,98,4,0x1a3a0e6f222e823cc8d0f39d87042f88ab763872,rejected,10,11,60,,2,0x1fc1,18,10,0 1 60 61 120 121 180 181 240 241
23475862,1790739282,0x12affb80e3adac34e30cf6039a299c7c85c55f539a0b898fb4ab26e96ca7dda2,98,4,0x1a3a0e6f222e823cc8d0f39d87042f88ab763872,accepted,15,11,60,15,3,0x1ff8,27,15,0 1 2 60 61 62 120 121 122 180 181 182 240 241 242
23481414,1790742099,0xb070f04986c762922a930f9576e312098eb1f9fc05d9e20e7a4a50348b0f292b,176,27,0x81b4bf458a73ea46fadd46ee8236e5f94c4eb8e0,rejected,10,11,74,,6,0x1fed,18,10,0 1 60 61 120 121 180 181 240 241
23484278,1790743552,0xc53053d4bef150b3acdc59a48e372d4024a88ee79cb8394a3381c72761678167,180,288,0xaa3b48bac2fedc58a564904d27911392ca1f84ba,accepted,10,10,43,16,6,0x1fed,18,10,0 1 60 61 120 121 180 181 240 241
23509529,1790756372,0x36aa21458fe9bfdb820d38c1e924cdd6024bd046f73f8dd3c3075512c92f9124,220,271,0xd00226b73bab097e97c6df416dc031df7c4b5af1,rejected,10,11,50,,9,0x1fcb,18,10,0 1 60 61 120 121 180 181 240 241
23509535,1790756375,0x9f6915b0d5f53f169952bf42b13f4fb81a80a2c2792d9f7799bcc5ee4efae80e,27,76,0x3f62ae0c7ed24dcd2b52c1c224296519b02df00d,accepted,10,9,0,17,168,0x1ff2,18,10,0 1 60 61 120 121 180 181 240 241
23517708,1790760523,0x47cc06059b5e18b1abfb88d7ce0256f10dae58fae1ae25eee8983425e7a94712,15,215,0x979358182743d44831696146a36aecf1ebbe7325,accepted,10,10,30,18,28,0x1fdc,18,10,0 1 60 61 120 121 180 181 240 241
23537164,1790770394,0xfe7f25aabd0abd28650a22fea10127543860578ba7faa3f8327931f6ba065c3b,246,161,0xe79ca7d5c265c93be2b23e4e04ba9d8357622db7,rejected,5,9,24,,18,0x1fc0,8,5,1 61 121 181 241
23538235,1790770938,0x988991c2074227d58fc45f3961c9db1d669b518ccf62603758ffe489e1daf7a9,246,161,0xe79ca7d5c265c93be2b23e4e04ba9d8357622db7,accepted,15,9,24,19,19,0x1fc6,27,15,0 1 2 60 61 62 120 121 122 180 181 182 240 241 242
23543520,1790773621,0x86a81d54cd3392dd47e9abd99a609310daa6d592f2d1978d8e498b7987905414,220,142,0x22fdae531a69647a0ade9154093ac83769f9dc49,accepted,15,11,50,20,10,0x1fc5,27,15,1 2 3 61 62 63 121 122 123 181 182 183 241 242 243
23565205,1790784624,0x4cc782b28613323966287220da552c38a0665b607c07c4a1ce69ce9322f699a2,79,271,0xd00226b73bab097e97c6df416dc031df7c4b5af1,rejected,5,11,57,,50,0x1fcc,8,5,1 61 121 181 241
23565341,1790784693,0x977a965d5cc138b0504c434fd453c51604875b33a1c2d22ad942f23c4c649cc3,1,271,0xd00226b73bab097e97c6df416dc031df7c4b5af1,rejected,10,11,55,,3,0x1ff8,18,10,0 1 60 61 120 121 180 181 240 241
23565445,1790784746,0x186ddf7e4b967cc59068ed5f2eebb253513dd7b3880b0aeeff12c81b7ff92841,211,271,0xd00226b73bab097e97c6df416dc031df7c4b5af1,accepted,10,10,33,21,12,0x1fdb,18,10,0 1 60 61 120 121 180 181 240 241
23568822,1790786460,0x880b9bc8fd712432b71f247916310cdd64688b5955be01cdc683a3966c57c785,186,227,0xcf9ca4ebf3ed44342d01d6aa5bd48f61976d16a3,accepted,20,11,68,22,6,0x1fed,37,20,0 1 2 3 60 61 62 63 120 121 122 123 180 181 182 183 240 241 242 243
23575375,1790789792,0xe58704267f20b08665162dd6d817e4fb29bdeb2eab14b209faa66c05ed6bd153,285,148,0x9628149b8268f15adc99911e64a79cdea7fb71ab,rejected,10,11,50,,53,0x1fec,18,10,0 1 60 61 120 121 180 181 240 241
23576480,1790790352,0x316a4de9d2e6429acae6c3f9dd5745792716ee2c52dbd883cd5417a0dbca165a,23,47,0x9fe1c07a4b2ee2842eee679ae719bb23ed341c18,rejected,10,11,58,,64,0x1fcc,18,10,0 1 60 61 120 121 180 181 240 241
23588530,1790796470,0x5c475a756c6f6a044ebec881aca7a7337c0705d2c0ef6b0e2fd8670a47f74623,284,285,0x27f48de5e0605da8b2a52ddfd06f6d273b804336,rejected,10,11,54,,14,0x1fe7,18,10,0 1 60 61 120 121 180 181 240 241
23588581,1790796496,0x9284d2e11f75a72786cc4d853cfd72c085cd2fc430ba1ca6e92e25b72c6a3675,284,285,0x27f48de5e0605da8b2a52ddfd06f6d273b804336,accepted,15,11,54,23,15,0x1fcb,27,15,1 2 3 61 62 63 121 122 123 181 182 183 241 242 243
23590782,1790797614,0x935b93d4b0a6282177671ab89b12ec3fa73eaf07fceb79a4250ceaea2a927e8c,77,247,0xc7f1dce49db860c865ce34e4eb65dbef625919ef,rejected,10,11,71,,187,0x1fdd,18,10,0 1 60 61 120 121 180 181 240 241
23590929,1790797689,0xa0e685d22f62ddc924df240fbb5d25f0d955be6da248d7957dcf2c3b530d1061,77,247,0xc7f1dce49db860c865ce34e4eb65dbef625919ef,accepted,20,11,71,24,188,0x1ff6,37,20,0 1 2 3 60 61 62 63 120 121 122 123 180 181 182 183 240 241 242 243
23615213,1790810021,0xc0d41e6c84c1a2b8bd3fb6b18bbd57c0f5fa468aebe1f92e7d7dbbafdf8f7d7e,185,159,0x574b60bc1a42becb1de3972751e9238c26c9cccf,rejected,10,11,69,,10,0x1fc5,18,10,0 1 60 61 120 121 180 181 240 241
23615876,1790810358,0x9e55006237f0df0f0e036fdd0744db21bf81fcbea5df3dd94cfbc001d4e373cf,216,159,0x574b60bc1a42becb1de3972751e9238c26c9cccf,rejected,10,11,51,,6,0x1fed,18,10,0 1 60 61 120 121 180 181 240 241
23690804,1790848375,0x353b5ddfb28db6b3795c7f09e5e933d747f067fac817e0a68bd9d8f7d6b40f62,215,115,0x46f440d3d4e6466034b2a5034fc501ac0a31bf29,accepted,10,10,42,25,8,0x1fff,18,10,0 1 60 61 120 121 180 181 240 241
23702109,1790854111,0xe1847b880e6183d389e32732ea0616b688cbf34ff3ce64c893d135d5294b97be,185,27,0x81b4bf458a73ea46fadd46ee8236e5f94c4eb8e0,accepted,15,11,69,26,11,0x1ff6,27,15,0 1 2 60 61 62 120 121 122 180 181 182 240 241 242
23720071,1790863224,0x0137cd08ce3dec7a825e91995e5f1835788f69d24aa903ba28acaf96643bab1e,305,4,0x1a3a0e6f222e823cc8d0f39d87042f88ab763872,rejected,10,11,61,,28,0x1fdc,18,10,0 1 60 61 120 121 180 181 240 241
23720144,1790863261,0x87844827316a7180bea267fff6dd1233f957c62bbea5a37532d579fa6e4773fa,188,6,0x1a3a0e6f222e823cc8d0f39d87042f88ab763872,accepted,20,10,48,27,6,0x1fed,37,20,0 1 2 3 60 61 62 63 120 121 122 123 180 181 182 183 240 241 242 243
23722691,1790864553,0xb1a4868fc405263d2019a7606c764514dd58fae2757cbf0814b04181193d155e,15,141,0x88c58b42f2783131d51a58af7f1a9b491089afeb,accepted,15,10,30,28,29,0x1fca,27,15,1 2 3 61 62 63 121 122 123 181 182 183 241 242 243
23797167,1790902343,0x4ffeabeeef61c3fa5b200c07c81563f015cd5da3a8928261a84921de9ca98cbd,305,219,0x08bf056c728966c8d6d3f2acb0ad4be521ed0631,accepted,15,11,61,29,29,0x1fca,27,15,1 2 3 61 62 63 121 122 123 181 182 183 241 242 243
23797222,1790902371,0x62eca2551ad8c8187b403907a869428f9c771306d5729b0bb35106a716a5b5ce,172,296,0x08bf056c728966c8d6d3f2acb0ad4be521ed0631,rejected,5,10,33,,10,0x1fc5,8,5,1 61 121 181 241
23830071,1790919038,0x476716f6211822f4768f44c5bf9c73da521c6fe15b35f8dad81944ef26dc781c,142,289,0x54d1f1895026e84e4672d09c3e759a4fd847e497,rejected,5,11,64,,9,0x1fcb,8,5,1 61 121 181 241
23885835,1790947332,0x06f3a5648049e9f68f766d7f7453db7f765a249214ed653326d5d11617f8d0d0,215,271,0xd00226b73bab097e97c6df416dc031df7c4b5af1,accepted,15,10,42,30,11,0x1ff6,27,15,0 1 2 60 61 62 120 121 122 180 181 182 240 241 242
23904411,1790956758,0x699b03f7dc6e84e2c3e609adb885ba7dc70f9b24d01c8d88cee1be4b901a6115,188,12,0xc0e1ff5b6ec47f15aebfe859b8ab4a566fe61752,accepted,10,10,48,31,7,0x1fd1,18,10,0 1 60 61 120 121 180 181 240 241
23962062,1790986008,0x163e98381c09a1a943fdf677c651d026586226018a0688cfd08495cdaffcb15a,285,216,0x08bf056c728966c8d6d3f2acb0ad4be521ed0631,accepted,15,11,50,32,61,0x1fdb,27,15,0 1 2 60 61 62 120 121 122 180 181 182 240 241 242
24014415,1791012568,0x25773e5b087070f49d6fdcaa142d016505aa3006378b101383ddf9bc8b665b8d,208,294,0xcd5504897ee44f57fc5d9f06a9cf1ca1d1eac578,accepted,10,10,39,33,9,0x1fcb,18,10,0 1 60 61 120 121 180 181 240 241
24035417,1791023224,0xcd6a82c21e833c4f90dad269a4506fb7a338f76e288802449f997e5713eca6be,220,141,0x88c58b42f2783131d51a58af7f1a9b491089afeb,rejected,10,11,50,,12,0x1fdb,18,10,0 1 60 61 120 121 180 181 240 241
24035467,1791023249,0x8eca207fbddf3de62478a83fba25ae8f51774f0d628ad2c50427dd91ddf7751b,247,141,0x88c58b42f2783131d51a58af7f1a9b491089afeb,rejected,10,11,56,,14,0x1fe7,18,10,0 1 60 61 120 121 180 181 240 241
24035500,1791023266,0xa49f3cda195557f612e34840c6429bee16616bb73b25b46e71f26b703a5706dc,321,141,0x88c58b42f2783131d51a58af7f1a9b491089afeb,accepted,15,10,43,34,9,0x1fcb,27,15,1 2 3 61 62 63 121 122 123 181 182 183 241 242 243
24148042,1791080365,0xfb4ab1890a8b71d5dcbfbf23570aa97e08c42e115eb3145228e24abf4e626743,215,324,0x1df89c0350e94575d0e20fd86c12e2a38e4c0ce1,accepted,10,10,42,35,13,0x1fcd,18,10,0 1 60 61 120 121 180 181 240 241
24232598,1791123267,0xf0fb8d4410499ef5cf69dc92a2bd79c5cdaac32e8543296b0349879bbadc5fc9,285,181,0x224e633c9632a51de2f6225a7620dc46b2d58b08,rejected,5,11,50,,62,0x1fc2,8,5,1 61 121 181 241
24316239,1791165706,0x1d72fde3d0bfb065e0e77ab2b14aa63f657e2bbd248c0e86abcbe7692f4d36db,185,213,0xccde496b83c644f779e5b6fcc0cc4a5c276fa5d4,rejected,10,11,69,,13,0x1fcd,18,10,0 1 60 61 120 121 180 181 240 241
24316277,1791165726,0x2d88e62f7dbc6b11949b95d7eb37e8338bd9c8d42f62d2021ec711430607cf92,185,213,0xccde496b83c644f779e5b6fcc0cc4a5c276fa5d4,accepted,15,11,69,36,14,0x1fe7,27,15,0 1 2 60 61 62 120 121 122 180 181 182 240 241 242
24333987,1791174711,0xa75d828422e9aa2f5c6473c4ecb86735e0442ba06844f2e36d3817b65c83a5c7,215,324,0x1df89c0350e94575d0e20fd86c12e2a38e4c0ce1,accepted,15,10,42,37,16,0x1fec,27,15,0 1 2 60 61 62 120 121 122 180 181 182 240 241 242
24380192,1791198156,0x8f40326582e27cbab1691bf58f9f9f92d1a920afcbe204b965a8f4a3fe0677ce,285,284,0x26542d0bc93a63c141a21956337f18773b237882,accepted,15,11,50,38,63,0x1fda,27,15,0 1 2 60 61 62 120 121 122 180 181 182 240 241 242
24480486,1791249300,0x77f1c496b3feb9ec822a6232324e3a6098fadaa30d63902ce922918a2d364678,208,294,0xcd5504897ee44f57fc5d9f06a9cf1ca1d1eac578,accepted,15,10,39,39,10,0x1fc5,27,15,1 2 3 61 62 63 121 122 123 181 182 183 241 242 243
24495914,1791257128,0xa51e604410e72f4f3d1a7ebe5a0a247df9f02b9e4a7f3db6db061a2d1696a5a3,177,141,0x88c58b42f2783131d51a58af7f1a9b491089afeb,accepted,15,10,36,40,8,0x1fff,27,15,0 1 2 60 61 62 120 121 122 180 181 182 240 241 242
24505413,1791261948,0x74a37c6e781e3cc96031a1a5e7ff4a8a43be4ca853ed3394c94ce241e5922147,247,31,0xd8c92b3d755675727c38f102a4be7b939f0ab82d,rejected,10,11,56,,15,0x1fcb,17,10,1 2 61 62 121 122 181 182 241 242
24505486,1791261985,0x49241b6106b6966f0de09e343b25e67ca0d12dedf13f70d19dfb0cfafb4aadd4,181,31,0xd8c92b3d755675727c38f102a4be7b939f0ab82d,rejected,10,11,72,,8,0x1fff,18,10,0 1 60 61 120 121 180 181 240 241
24505572,1791262029,0xaf1c45690341b466d77de2ead1714df7251a77453197340320703f0ff8d517c4,55,31,0xd8c92b3d755675727c38f102a4be7b939f0ab82d,rejected,10,11,59,,60,0x1ff7,18,10,0 1 60 61 120 121 180 181 240 241
24505630,1791262058,0x22dbb0b399ee77e7995e00b80f18e8e441581d65dc71c3aaeff314f338f4e953,305,31,0xd8c92b3d755675727c38f102a4be7b939f0ab82d,rejected,5,11,61,,32,0x1fc3,8,5,1 61 121 181 241
24505831,1791262160,0x11264f7d66ea5ff2c2af9646bf320e04e7c59167d18b0afd5b3c117f7eaf6f80,188,31,0xd8c92b3d755675727c38f102a4be7b939f0ab82d,accepted,15,10,48,41,8,0x1fff,27,15,0 1 2 60 61 62 120 121 122 180 181 182 240 241 242
24544513,1791281787,0x86b296393a3b188db67e1d03402772ec3c76b4eb81f9d2b3c6282c03882e2e9f,185,55,0x82b171ccadf43fc453b428b428693be638d62843,rejected,10,11,69,,16,0x1fec,18,10,0 1 60 61 120 121 180 181 240 241
24544594,1791281828,0x706b796f37aaa39a45e0728c8d29da331d5e4495c9c2f61fc75cc6c9fb503652,215,55,0x82b171ccadf43fc453b428b428693be638d62843,accepted,10,10,42,42,20,0x1fc7,18,10,0 1 60 61 120 121 180 181 240 241
24553282,1791286236,0x8baf4d833486c18dd467f0a1236e3751fd6a79a28d11f24bec62288305b7a6c6,305,271,0xd00226b73bab097e97c6df416dc031df7c4b5af1,accepted,15,11,61,43,33,0x1fec,27,15,0 1 2 60 61 62 120 121 122 180 181 182 240 241 242
24556343,1791287789,0xd587873f40bdb3b88d4ba73ae5d86aa56bd3b28508c6ec9c4c4932d377bbd54f,285,217,0xd14049678140b62b8d5ea1766357b0f3646eb936,rejected,10,11,50,,65,0x1fd6,18,10,0 1 60 61 120 121 180 181 240 241
24576480,1791298006,0x33e53207655d94e05df6fb462f5da025a6dc1ff75a89104e82c7df4ab979a4bb,185,227,0xcf9ca4ebf3ed44342d01d6aa5bd48f61976d16a3,accepted,15,11,69,44,17,0x1fea,27,15,0 1 2 60 61 62 120 121 122 180 181 182 240 241 242
24609177,1791314595,0xae47d310c138c0582afaa122111e93fbd69c1a6af35acd0d9e8a0eda72912213,92,74,0x74107b9b65801d477d5a7980905beecd72b57a29,accepted,10,10,30,45,7,0x1fd1,18,10,0 1 60 61 120 121 180 181 240 241
24646327,1791333444,0x4a7c60249a7a6afac6bd0d77752be110f864fbc1e8af1391c6e0775e206aa218,285,169,0x52c2947e6df632d9be6323f7fee666e95e4aa386,rejected,10,11,50,,66,0x1fcb,17,10,1 2 61 62 121 122 181 182 241 242
24665238,1791343040,0x4b84ee5794d5013c88cf82785964c470992a2bb108dd8a9d60972b847cc26ae6,172,247,0xc7f1dce49db860c865ce34e4eb65dbef625919ef,accepted,15,10,33,46,13,0x1fcd,27,15,0 1 2 60 61 62 120 121 122 180 181 182 240 241 242
24731510,1791376666,0xd602c1e564b4aaed4d69f015354d26a04cb54cf37adca7b20eade20f006ccac9,215,175,0x224e633c9632a51de2f6225a7620dc46b2d58b08,accepted,15,10,42,47,22,0x1fed,27,15,0 1 2 60 61 62 120 121 122 180 181 182 240 241 242
24759912,1791391075,0x366a704c216de09ea43958f51cce5a3887a29076425244f3acdc367ca8df605c,285,38,0x9fe1c07a4b2ee2842eee679ae719bb23ed341c18,rejected,10,11,50,,67,0x1fc8,18,10,0 1 60 61 120 121 180 181 240 241
24760324,1791391284,0xcc620fbd9083bac05f23090df3f3f5e052717d086c8a22d81fc782ffa1df26b7,181,47,0x9fe1c07a4b2ee2842eee679ae719bb23ed341c18,rejected,10,11,72,,9,0x1fcb,17,10,1 2 61 62 121 122 181 182 241 242
24760392,1791391319,0x01b5195fb0064179cc3057f10cbadc74fbb564fd7446aebfc3c81d54b5930fcb,12,38,0x9fe1c07a4b2ee2842eee679ae719bb23ed341c18,rejected,10,11,58,,13,0x1fcd,18,10,0 1 60 61 120 121 180 181 240 241
24764108,1791393204,0xee8b04f1592c78a4a482144321d4fa2335f2d5e87b1663d9e95bfe80e12861eb,285,50,0xc01dde207a84c71149cde8b3657c5535c208aa20,accepted,15,11,50,48,68,0x1ff5,27,15,0 1 2 60 61 62 120 121 122 180 181 182 240 241 242
24764268,1791393285,0xd0382b7dbeccf156e9be1bc36b9ad02ab9d7daa02f971edbbe2309303acb37c2,177,51,0xc01dde207a84c71149cde8b3657c5535c208aa20,rejected,5,10,36,,9,0x1fcb,8,5,1 61 121 181 241
24764335,1791393319,0xe87f1a88e21d4e1cae66f439edbc6c01d05bc1073eebc24e3751637dd82ec445,208,283,0xc01dde207a84c71149cde8b3657c5535c208aa20,accepted,10,10,39,49,14,0x1fe7,18,10,0 1 60 61 120 121 180 181 240 241
24776959,1791399724,0x6a11bcaf02745f9936313dc1ab3de0642df690a39b2c5346820574b4ea0c98b8,294,141,0x88c58b42f2783131d51a58af7f1a9b491089afeb,accepted,10,10,49,50,8,0x1fff,18,10,0 1 60 61 120 121 180 181 240 241
24782054,1791402309,0x6d0ed92bfdab40f2aa1cb4ecad67a73428275fe4a4569fd04f5ee6b3c79aec55,92,304,0x8d97497483204a504670cdc5e1b3ff8868888888,accepted,15,10,30,51,8,0x1fff,27,15,0 1 2 60 61 62 120 121 122 180 181 182 240 241 242
24787005,1791404821,0xc0b163eddcda5211481c57cfabbd7a430b440fbab8b2591f0f31e2991bbe676c,305,140,0x7d7337fcdefe5771e3280f25c3ba670700e8560c,rejected,10,11,61,,35,0x1fee,18,10,0 1 60 61 120 121 180 181 240 241
24787063,1791404851,0x4111cbb7328666c01ee5d1c83e9a4b56f4185bb5b77cf59065d0b9b098c19986,185,140,0x7d7337fcdefe5771e3280f25c3ba670700e8560c,rejected,10,11,69,,19,0x1fc6,18,10,0 1 60 61 120 121 180 181 240 241
24787110,1791404875,0x42c46b7b6344f765c3683cb045e157a7b050d36107310be13ddf7855abfb130b,188,140,0x7d7337fcdefe5771e3280f25c3ba670700e8560c,rejected,5,10,48,,10,0x1fc5,8,5,1 61 121 181 241
24787142,1791404891,0xbed2e8c7e5b81c9a7a1cfa3c55240d61b6f147d03bd8f5445314d4afce9cf0e9,117,140,0x7d7337fcdefe5771e3280f25c3ba670700e8560c,rejected,5,11,57,,4,0x1fc3,8,5,1 61 121 181 241
24847257,1791435392,0x30fee8d59bbb8247aec9fcfb5e4286c26b2191cddbb03f9d172502a99fc8ef54,185,247,0xc7f1dce49db860c865ce34e4eb65dbef625919ef,rejected,10,11,69,,20,0x1fc7,17,10,1 2 61 62 121 122 181 182 241 242
24847325,1791435427,0x54204abda4b34dc5a104a3f891f7d1ad43f5feb78ae1cb5220acba7a165c068b,185,247,0xc7f1dce49db860c865ce34e4eb65dbef625919ef,rejected,10,11,69,,21,0x1fec,18,10,0 1 60 61 120 121 180 181 240 241
24847387,1791435458,0x39e2e7e04bdeed5dac84e4e6b11fc0a490f1b2087d56529b8384dc5f400033aa,185,247,0xc7f1dce49db860c865ce34e4eb65dbef625919ef,accepted,15,11,69,52,22,0x1fed,27,15,0 1 2 60 61 62 120 121 122 180 181 182 240 241 242
24877607,1791450792,0x7a07c9f088f49ea810640ef1e94d8c6f0baafc962169989c970ae3fb24ed7e06,305,140,0x7d7337fcdefe5771e3280f25c3ba670700e8560c,accepted,15,11,61,53,36,0x1fcd,27,15,0 1 2 60 61 62 120 121 122 180 181 182 240 241 242
24878027,1791451005,0xf0e06ba7764907eaa2cf71f265d65a0c5036bceb0c0fc279785709a72670b7bf,172,163,0x7d7337fcdefe5771e3280f25c3ba670700e8560c,accepted,10,10,33,54,14,0x1fe7,18,10,0 1 60 61 120 121 180 181 240 241
24917473,1791471021,0xe2282d90c0ed5e3f8f64e22895b381f1ed4cf513ce349b30bebac0042afa4596,215,227,0xcf9ca4ebf3ed44342d01d6aa5bd48f61976d16a3,accepted,10,10,42,55,24,0x1fe6,18,10,0 1 60 61 120 121 180 181 240 241
24925660,1791475210,0x6a4467ed065fbfbae9fc4a38d51d914809e6e7fb26ad5fedecc593958d3a8b94,264,65,0x94de35a17ab7c0f3ca734046306743dfce6bfa2b,rejected,10,11,53,,11,0x1ff6,18,10,0 1 60 61 120 121 180 181 240 241
24994950,1791510357,0x9ce825fe78fa79300d06035499953bbbc2394e256b97347c978ee3a865b570fb,285,294,0xcd5504897ee44f57fc5d9f06a9cf1ca1d1eac578,rejected,5,11,50,,69,0x1fc9,8,5,1 61 121 181 241
24995008,1791510387,0x6d6ff7b16fd1ea26f6b958ee91556d120c176f3651f80691fecae861427018c7,264,294,0xcd5504897ee44f57fc5d9f06a9cf1ca1d1eac578,accepted,15,11,53,56,12,0x1fdb,27,15,0 1 2 60 61 62 120 121 122 180 181 182 240 241 242
24995750,1791510763,0xa5fd4d7007126e875a796f231c303fe5cd27c200afa6328b1c869a5372641c2b,92,147,0xc3cd0c6505333261ab1d4679763483d9a0d9327d,rejected,5,10,30,,10,0x1fc5,8,5,1 61 121 181 241
24995805,1791510791,0x17f855f488c3391efa980fb888d77802d01c559b035ce2c3e4647872260866a3,92,147,0xc3cd0c6505333261ab1d4679763483d9a0d9327d,accepted,15,10,30,57,11,0x1ff6,27,15,0 1 2 60 61 62 120 121 122 180 181 182 240 241 242
