fly,tick_before,next_block,next_tick,next_input_agg,sensillum,tier,tested,predicted_spiked,observed_spiked,predicted_out_of_layer,observed_out_of_layer,predicted_root,observed_root,hit
1,3,24829393,4,0x7c3e00000003e1f0f8034,,,0,,28,,,,0x32f43ffe2515f06df90443d94380e79f3295a359eeaf960fc2864da92a72c243,
12,12,24760392,13,0x1fcd,0,1,1,10,10,,,0x42681ecd8b7e102dbd5db441e71c3b309f0d7f044974af6a273392f812d5c3ee,0x42681ecd8b7e102dbd5db441e71c3b309f0d7f044974af6a273392f812d5c3ee,1
13,1,24829644,2,0x7c3e00000003e1f0f803a,,,0,,33,,,,0x73f686bb7290d3eb6474bb3627a360586c2694c87e22dddc7c5e8c9714af6bb2,
15,30,24765332,31,0x7c3e1f00000001f0f8014,,,0,,49,,,,0xc884fadead333bf86e3c5caab0cf5d7b32b81ebf6c212eff103ecc7e492d9ce9,
23,65,24741901,66,0x7c3e1f00000001f0f801c,,,0,,26,,,,0xa3b8636f3dc4a7f54f8ba7d6bc7b77989469744be67cc9a0784a2f58d474ba95,
24,8,24865173,9,0x7c3e00000003e1f0f8001,,,0,,28,,,,0x87d853cb90a5479a660246d64621a59912a27126dd9edeb67ede51b550530a0b,
26,68,24748707,69,0x7c3e1f00000001f0f8032,,,0,,31,,,,0xd69a8ac3e1b5dae226f921f70c382252ad2938882360d591bc361b5cc45f6812,
28,6,24754516,7,0x7c3e1f00000001f0f800f,,,0,,31,,,,0xf27b1aa7c587bb7342d06ecb3bbd0c27eca19e744b5a99ef5449a099e142c488,
31,37,24715161,38,0x7c3e1f00000001f0f801d,,,0,,31,,,,0xc9fe2b1321953befcc571be8ebf0933c51f2f3882750a68def4da801c27b07b5,
34,2,24980495,3,0x7c3e00000003e1f0f802d,,,0,,28,,,,0x0b457feecbbb24871661c9e600513ca922123089dad4c5691273107d2366a147,
36,7,24760236,8,0x7c3e1f00000001f0f8007,,,0,,35,,,,0x3adcd8daebb635726d0a8624406abf8235981a7c1b0017b736f05e02ab4cc76d,
37,6,24755428,7,0x7c3e1f00000001f0f800f,,,0,,27,,,,0xf569714c80354a76411d425ae818be7f5bf49d7f228ec8e3c1e20f073874aed0,
38,6,24759757,7,0x7c3e1f00000001f0f800f,,,0,,31,,,,0x62bbb5837c28133c2f3df39095c19835149d95c5a03de19eb925e40687b8a13e,
40,3,24980258,4,0x7c3e00000003e1f0f8034,,,0,,23,,,,0x18c613b496dd8c438580fc4995e131ecd76a574247cd1bb9bd90ef7e0a978d03,
41,3,24755255,4,0x7c3e1f00000001f0f8027,,,0,,32,,,,0x504d6c084b337b357343098e4be823f039d464bcccea2f5fe7c596f2590e259d,
44,73,24837499,74,0x7c3e00000003e1f0f8035,,,0,,46,,,,0x8ee9f485a0fbbf6e3f648c22494d83a02892431d297b890ec607a3f5e1ccb732,
45,1,24755610,2,0x7c3e1f00000001f0f803c,,,0,,32,,,,0x5828e990fa8146692815746d90cefd0d7e4874552ada43c9280ece327e4b8c4a,
47,5,24759791,6,0x7c3e1f00000001f0f8025,,,0,,35,,,,0x674449ba3030327e80a966423503b289a50ecbcadb4de24d4bceebfdddbdf409,
50,6,24763877,7,0x7c3e1f00000001f0f800f,,,0,,37,,,,0xeeff8bbc16294e46a3328ca3a26bd55b3c6e3bb8ef5c5c28ab047e21874f5ef2,
51,2,24764026,3,0x7c3e1f00000001f0f8039,,,0,,27,,,,0x58300cda08b93be5fd1b9971a1ed1afdb66855b1f9d8f2ad7d8054a0ba215a65,
59,14,24837520,15,0x7c3e00000003e1f0f8019,,,0,,37,,,,0xd0047165dfab51e80a57d675122f86f302554c314ed182b60beb3b66bf2c0aaf,
62,67,24748728,68,0x7c3e1f00000001f0f8030,,,0,,40,,,,0x63431f8d3c90da0dcc7637d1e6ecc7e335f303215581b79c72d3db9b8a7aff5f,
63,20,25006122,21,0x7c00000007c3e1f0f8034,,,0,,43,,,,0x150f8cf73cb815f6819d046f5c05a3ee92c4fea94f616e36efb86b2e22a668da,
64,5,24919372,6,0x7c3e00000003e1f0f802a,,,0,,23,,,,0x48a32e570bc6bd654f7cc97f72d205361d11a829e6ea59e3cdd588f3e349c198,
65,3,24925229,4,0x7c3e00000003e1f0f8034,,,0,,28,,,,0xca48be1467c279e2c4b9aef52262ccb6fd8512b2039901228ed1750b467a9b0e,
68,11,25007779,12,0x7c00000007c3e1f0f800f,,,0,,44,,,,0xed07a65b7810585ae6d53d0ad788a7c8add85b6a2c46f5fdee490359e78b3079,
69,15,24837539,16,0x7c3e00000003e1f0f8016,,,0,,36,,,,0x21980efd9538985c94cd1077c61d0c9307a8d96e59f61a5695a5bea26aee28c3,
70,18,25007823,19,0x7c00000007c3e1f0f8019,,,0,,38,,,,0xf2c7bf7496eecb29e96b4103b0459edec143cd1724e66d064a2f93707625641a,
74,9,24868173,10,0x7c3e00000003e1f0f802e,,,0,,32,,,,0x71057c1c1f9d37722f8527a7dc152f20e6fcd84a8b765b683cb4b013fe0c6ee0,
75,1,24834953,2,0x7c3e00000003e1f0f803a,,,0,,28,,,,0x3fd29e18d812fdc4d69a8425656d074aa56d65a2c6c659e3781cf9f49f526ae3,
76,98,24733794,99,0x7c3e1f00000001f0f801d,,,0,,36,,,,0x2e740e9e62afaee1c60db9e6de280ce55d735cbcf2be51c752ca870d3e2b1f60,
77,199,24733823,200,0x7c3e1f00000001f0f801a,,,0,,39,,,,0xa2563e04838b736de90b4f6457041811e44c76397e2e39a35d923004a59590b0,
79,62,24733866,63,0x7c3e1f00000001f0f8038,,,0,,36,,,,0x1fdbecb47b7c056a5508c03a913244dde40c1de7d246c667c8286f96382c0d37,
81,68,24748373,69,0x7c3e1f00000001f0f8032,,,0,,27,,,,0xd9d8ba866b18e28a9989674f4c98cb1a9e6def1dbf9dd1e1896a7abef6250864,
86,54,24748743,55,0x7c3e1f00000001f0f801b,,,0,,36,,,,0x5166a4c1c8dd836eac9438b62c6602a57528dd56e47a854849704a84cccbed40,
90,70,24748394,71,0x7c3e1f00000001f0f803d,,,0,,40,,,,0xd41ffcf4816a5015fe2963d11de5e80c5d3af847bb071968ba0430b63b7154f8,
92,7,24782054,8,0x1fff,0,1,1,15,15,,,0x2a3dd088d5b88acf21dfdd80182294362b4109144d93257ee27236b47db95caf,0x2a3dd088d5b88acf21dfdd80182294362b4109144d93257ee27236b47db95caf,1
99,5,24919220,6,0x7c3e00000003e1f0f802a,,,0,,31,,,,0x5ba64c88b46349fd5cfc999a51ad8d4dc21342aa4fd9dd599280dfb281c13276,
117,3,24787142,4,0x1fc3,0,1,1,5,5,,,0xa045a9caf5b2f2323bd9f77ed592530399a1f317255a1f7a6ee39f31e1ad1872,0xa045a9caf5b2f2323bd9f77ed592530399a1f317255a1f7a6ee39f31e1ad1872,1
140,14,24784583,15,0x7c3e1f00000001f0f8037,,,0,,30,,,,0x8fd262af089a3438616ce5a6057917e508f84fc54ce38545f64303fb2cbf2ae7,
141,17,24776562,18,0x7c3e1f00000001f0f8024,,,0,,35,,,,0x6a245d107c71f5f33ff0975c6a1b912aea6544315a7dc5739408178a5a5c97d3,
147,4,24995859,5,0x7c00000007c3e1f0f8035,,,0,,33,,,,0x6bc1a912ca2e30640e317401b63e740ed1759856ebda4a37eacc18b3d73ce43c,
156,19,24947971,20,0x7c3e00000003e1f0f801e,,,0,,36,,,,0x10cc4321cf6c215ef1fb6fc4ec15bbba77396d29d91d9798da68ad1721869c45,
158,27,24948005,28,0x7c3e00000003e1f0f8005,,,0,,41,,,,0x46f9211e3c1a97ea035590ee34d182d657aab53a2c02e00e0d15fa9d0687fd57,
159,16,24948039,17,0x7c3e00000003e1f0f8007,,,0,,37,,,,0x785d36cd6c397281655d53c3d703b8fcfc353ed92a84ce946e8fbd1b3f7d6683,
163,11,24784604,12,0x7c3e1f00000001f0f8023,,,0,,31,,,,0x91210ed182fbf6bb0a03b423256b31c46e470949ca28b4130821051526899daa,
167,15,24815086,16,0x7c3e00000003e1f0f8016,,,0,,28,,,,0xc44bc6ffbab6b5ad1dd149a9244dfbf849c315865c59eeb3a50cfc5623df7e04,
169,15,24832321,16,0x7c3e00000003e1f0f8016,,,0,,28,,,,0xfd53731a2f83b5175a311848057c8060fcdc5c04092792ec8b45d1cd31dc5486,
170,12,24832339,13,0x7c3e00000003e1f0f800d,,,0,,41,,,,0x20b5745994b8f60e3645e1b2864f9ff71260c1b0cbba113f2b33ad98edfdf3fc,
171,11,24832352,12,0x7c3e00000003e1f0f8030,,,0,,50,,,,0x516f9f3ddba061e485a0708f974edf8454c4e7ba504f6ff64d9e9c5225df18dc,
172,13,24878027,14,0x1fe7,0,1,1,10,10,,,0x238ed6f22bc65425d7939210e6db9a74edd61f0b22433d183a646b7ee6265e0d,0x238ed6f22bc65425d7939210e6db9a74edd61f0b22433d183a646b7ee6265e0d,1
173,5,24747312,6,0x7c3e1f00000001f0f8025,,,0,,27,,,,0x1c56c62e5a45bd10b02328ebe961145227d3588105d73ec34a952bf81d8008fd,
174,4,24747265,5,0x7c3e1f00000001f0f8039,,,0,,32,,,,0x7172cf43484da4ff21d50f11a583f069b8b3ab44c3fcd1ea9e67b6ec015d20fe,
175,9,24872712,10,0x7c3e00000003e1f0f802e,,,0,,32,,,,0xd4adb699f29d613c5cffb2423b8ec5fe8ea80184164e69f0840873749b54bb91,
176,7,24746865,8,0x7c3e1f00000001f0f8007,,,0,,26,,,,0xab80be077d637157a10c12e21e4e40ef0db1926bdd75d153da6a3344ae328dca,
177,8,24764268,9,0x1fcb,0,1,1,5,5,,,0x66d2c9410f3a7f173d80696d73abf0525dc9bdebfe074e7be87e2b152fb5086b,0x66d2c9410f3a7f173d80696d73abf0525dc9bdebfe074e7be87e2b152fb5086b,1
178,5,24747400,6,0x7c3e1f00000001f0f8025,,,0,,32,,,,0xca773aa9a15795da7f36a24acb714a2f60693e98d02988d6f3e409d49af40d10,
179,6,24747415,7,0x7c3e1f00000001f0f800f,,,0,,27,,,,0xa8cccc2fb812be98a4bf9927b06210715ff0adbb0d516bf84add92ee6ffd3a00,
180,6,24747422,7,0x7c3e1f00000001f0f800f,,,0,,32,,,,0xdd4be211721269d151a17311cb9e30569f6871773ef28f8d8275f977350ca086,
181,8,24760324,9,0x1fcb,0,1,1,10,10,,,0xfc326056144931ab5c6997c65d644f8080b93ba4e935bb4ad2be05078abc2ff9,0xfc326056144931ab5c6997c65d644f8080b93ba4e935bb4ad2be05078abc2ff9,1
182,9,24747668,10,0x7c3e1f00000001f0f8036,,,0,,36,,,,0x626d518872cf017bcb27aa15973475ba2b21b5d0af4cf62e78d00e0c538b9f29,
183,9,24747676,10,0x7c3e1f00000001f0f8036,,,0,,31,,,,0xf88b47566a5730941a13b82006a68ce808e4e64dcd9ec031184cc64f2b519a1c,
184,5,24747684,6,0x7c3e1f00000001f0f8025,,,0,,22,,,,0x5a26712f421ac2b7ac553380c268c465534629958ffb563dbc0c9fb744e3ba7d,
185,17,24741472,18,0x7c3e1f00000001f0f8024,,,0,,36,,,,0x5b8b8c0f47c1a1dc83541b4e73a017bf1dd71aa1ffea33b5bde24e7b3715762e,
186,6,24747492,7,0x7c3e1f00000001f0f800f,,,0,,22,,,,0xb0f116f6500007b47e31ee7305aba35f5688b8532c81d480640abf946557ffdc,
187,161,24769706,162,0x7c3e1f00000001f0f8002,,,0,,22,,,,0xadea5d1468ca85042a19809a45fa4223d00ae0e8f23bdff657653247f099c2eb,
188,8,24747500,9,0x7c3e1f00000001f0f8005,,,0,,27,,,,0xdc49ff908d6b4078fbc3c825c1d141743b8bc071a8f0fabe669ad29553d7738a,
189,4,24747507,5,0x7c3e1f00000001f0f8039,,,0,,27,,,,0x45799d96700106f07c8450a0ff581f3df14c014cb48254f27c469ad3423db683,
193,4,24747759,5,0x7c3e1f00000001f0f8039,,,0,,27,,,,0xce8c38c5606527fc284e5d187696d809b6cf15f411e9216c7be808fdbf52a95e,
194,4,24747767,5,0x7c3e1f00000001f0f8039,,,0,,27,,,,0x44c1a3b04731623902838017f716f13b37196f4bcbf918aa9fc52e2a9ab26009,
195,5,24747783,6,0x7c3e1f00000001f0f8025,,,0,,22,,,,0x819bc1687d54ffde39f8791f3f9e7386112437e549771e8992d950eef1972bd3,
196,27,24748412,28,0x7c3e1f00000001f0f8019,,,0,,39,,,,0xbe89a68702721f03cd64572c00c51a3f01527e268d3f13009b5deaf9ba464726,
199,10,24924550,11,0x7c3e00000003e1f0f8033,,,0,,32,,,,0x5ff8a6ff64bf56967e956d82f8fe41c0d31df1b04b187afafa69187659e9ccbd,
202,58,24878830,59,0x7c3e00000003e1f0f8006,,,0,,37,,,,0x98d249a5cea4b14d4ba39c575df8402dced180693798d5881361f087e671124e,
205,2,24747169,3,0x7c3e1f00000001f0f8039,,,0,,30,,,,0xcb9073c78de2ce7fa827073ee309da32eb62121637147e9c2344540c0327af22,
207,7,24978339,8,0x7c3e00000003e1f0f8035,,,0,,33,,,,0x740b201bbce1a67bf55a57d04063d62ece0c753250f1118ce61c573b8dc9291e,
208,10,24740737,11,0x7c3e1f00000001f0f8026,,,0,,36,,,,0x97010ca47180a9ed11d39f3a43c955a03a1de24e1bc3106c3a1d670738b32018,
210,17,24878865,18,0x7c3e00000003e1f0f803a,,,0,,38,,,,0xcc2b7e132dee4623649f7fc6ac84499909e5ea72f912731373df5e4e9068e60f,
211,22,24916800,23,0x7c3e00000003e1f0f8011,,,0,,38,,,,0x52dcb7e5491009ed1c2b3571a3f516c3b23db0b622125f6bad8f46591da160f4,
213,12,24827893,13,0x7c3e00000003e1f0f800d,,,0,,36,,,,0xf7c90fa4ab73977742f0ce13418b0c4ad26c53db2ef3c4f94d70c87b87d157dd,
215,21,24731510,22,0x1fed,0,1,1,15,15,,,0x3f9f87f6efdd1a3bee4793e507ab4f4a5db8e03dd7e32928ea40f5e34f6bcba0,0x3f9f87f6efdd1a3bee4793e507ab4f4a5db8e03dd7e32928ea40f5e34f6bcba0,1
216,12,24832784,13,0x7c3e00000003e1f0f800d,,,0,,32,,,,0x93ff48bb92424ba3045b4d9cec8eebca5348683802ad5c68ac8f6be58e203282,
218,13,24911585,14,0x7c3e00000003e1f0f801c,,,0,,28,,,,0x68023f897bc7c0181f39a1e6455fdd16255bb075a2d234736049ae5a92b27b83,
219,12,24832811,13,0x7c3e00000003e1f0f800d,,,0,,41,,,,0xd0f495ec1c33e1088f663d853753db6c92a4c8933bf9cb352feb92876328bc49,
220,12,24884683,13,0x7c3e00000003e1f0f800d,,,0,,33,,,,0xe0db2df15c5e634fe37c5e482852aef7aab57900fe6eec280d26e3296c40a0c2,
247,16,24848727,17,0x7c3e00000003e1f0f8007,,,0,,28,,,,0x26049e1ee918a07494d5e66441e0622b3738da782fc62ae02be9f81ff684add9,
264,9,24894362,10,0x7c3e00000003e1f0f802e,,,0,,41,,,,0xb2e1dc4880f7ad6307c1be1eaa40ddf54570764e787d2710d7ffe21b9cacb63c,
276,2,24755437,3,0x7c3e1f00000001f0f8039,,,0,,31,,,,0x3ed4a7c3854838742cd5cea40cabd1c7ccd0d8e13d91230636f55ffd299de486,
282,1,24755455,2,0x7c3e1f00000001f0f803c,,,0,,32,,,,0x5828e990fa8146692815746d90cefd0d7e4874552ada43c9280ece327e4b8c4a,
283,1,24764047,2,0x7c3e1f00000001f0f803c,,,0,,22,,,,0x459260c839633ffb7ee7bce30b281cb979f33ce8e984090026972a4ced1fe4e6,
285,66,24759912,67,0x1fc8,0,1,1,10,10,,,0x6f6e5ec6ec5f732c2390f490cab9a1ec292ba29a2cff868dfd3f9fca1d1649c0,0x6f6e5ec6ec5f732c2390f490cab9a1ec292ba29a2cff868dfd3f9fca1d1649c0,1
286,60,24733989,61,0x7c3e1f00000001f0f801f,,,0,,40,,,,0xd77ba7979ea31070540a62d781ebf2b8f80f0ef4f6108b96ba08ad1497705a6e,
287,60,24734026,61,0x7c3e1f00000001f0f801f,,,0,,31,,571,,0x64e32d16b322b4db9f745b469c02ca5f5465beeb1ec3e6fb75c1fba11913d433,
288,3,24768120,4,0x7c3e1f00000001f0f8027,,,0,,36,,,,0xc33e1584327369ced337064ff47e5bd35a91246e3d794178dd038d6e3dfed0fb,
294,7,24776959,8,0x1fff,0,1,1,10,10,,,0x95f9f7d08ed3feb80e337788a2b0de1499574f1a4fb8451907697b4740d7bb43,0x95f9f7d08ed3feb80e337788a2b0de1499574f1a4fb8451907697b4740d7bb43,1
296,12,24832947,13,0x7c3e00000003e1f0f800d,,,0,,32,,,,0xe56b54e33c995be3ff391e02737e9fc34edaae8636b4d93794fb5d62b57649d7,
298,8,24982619,9,0x7c00000007c3e1f0f8007,,,0,,34,,,,0x9d01644ad7884e0ac367714d4c01ce67eca31ed73c79aeb33247a7ecd73d18dc,
299,10,24828794,11,0x7c3e00000003e1f0f8033,,,0,,46,,,,0x24e5b9499a7eb0963e9b77e9cb375c2e6385bac087b913da8ba926194cb92a06,
301,1,24813149,2,0x7c3e00000003e1f0f803a,,,0,,23,,,,0x4d335a2a8b2609e197115afd491badeb6549f378b2fae9347060644fbdbfdba0,
302,1,24813166,2,0x7c3e00000003e1f0f803a,,,0,,23,,,,0xd3ce5a25faacb6f2b6743857e0e8dbbc3cc0246f3abe9877186650a2d0e43d63,
304,1,24781950,2,0x7c3e1f00000001f0f803c,,,0,,22,,,,0x9f7ef702fc1e09202514bee72fab77c52768b55e765f731d2a1c8248fc39fbdd,
305,33,24724576,34,0x7c3e1f00000001f0f800d,,,0,,36,,,,0xa1142362b3260c0b3171dc3c052212c259ed527ecbbd8d635750c922f5be3a5b,
306,10,24725003,11,0x7c3e1f00000001f0f8026,,,0,,35,,,,0x8a51908d266abaf455089ee278c58c2519d0eca11be75ceb04b8c4ebce72822b,
309,1,24902053,2,0x7c3e00000003e1f0f803a,,,0,,33,,,,0xc97e38c4e5bdd61ce779661b17c602c759afd503be3ab0ba9d0a5e20532f5ea2,
312,1,24902121,2,0x7c3e00000003e1f0f803a,,,0,,23,,,,0xc1dbeb9b1318284d7af8695885cf2988f71ee35ab3ec6c6444f8d7497f010df8,
314,1,24782009,2,0x7c3e1f00000001f0f803c,,,0,,22,,,,0x4dd1cf7438120b5e4a36dd6deb6cf00eafc74965366a414f7eb2bcf58d36047c,
317,0,24904767,1,0x7c3e00000003e1f0f803e,,,0,,23,,,,0x35a6754319826f682ed7d84beece44856386ab0c2bd9de9f93a294218e6bb3ce,
318,0,24904779,1,0x7c3e00000003e1f0f803e,,,0,,23,,,,0xb9b9cfa750d36db668f583658c92b274d38274dbd6e82363bd00fb09e611f6c0,
319,2,24783101,3,0x7c3e1f00000001f0f8039,,,0,,32,,,,0x4d500e7b6696c168849ae775f8c85adedaa3312be969347db97d751e3d11c82a,
320,9,24725043,10,0x7c3e1f00000001f0f8036,,,0,,44,,,,0x8a0c6e33284987a22d9f8e74c566182ee7ac5dab37d6a54b3ce6c1fb7b08646a,
322,143,24838034,144,0x7c3e00000003e1f0f803e,,,0,,46,,,,0xf018c7ce057d0bee2b1f684f00edad1fe174b19bdb82651a96dc1cfbc82f0d11,
323,12,24754490,13,0x7c3e1f00000001f0f8015,,,0,,36,,,,0xa7bdce37ca6e672ea2517dd1560983abe188e2086a3af14b89e1270b2fae335e,
324,13,24768024,14,0x7c3e1f00000001f0f802a,,,0,,35,,,,0x17120b9f3e15da94a92a5763b11483bf1b1917d95f9af2e316010bc72834afdf,
328,21,24924567,22,0x7c3e00000003e1f0f8033,,,0,,37,,,,0x5ee4bd0b79ed0958258b2e32eb159d01fd285f0b6bed51b2e5dcaaf8bb4ed15a,
333,0,24836130,1,0x7c3e00000003e1f0f803e,,,0,,23,,,,0xb9b9cfa750d36db668f583658c92b274d38274dbd6e82363bd00fb09e611f6c0,
336,17,24721354,18,0x7c3e1f00000001f0f8024,,,0,,36,,,,0x0ba910e69740efc73bca4286c897e839c2c2b5bf17b6e1eb6e1e0606f81df3a1,
338,2,24747226,3,0x7c3e1f00000001f0f8039,,,0,,27,,,,0xda5f720138d0bdd6bf8760d982a8401629dcc1e4d19a5aadd719eee85fcc05e9,
339,8,24948062,9,0x7c3e00000003e1f0f8001,,,0,,41,,,,0xbf9bae1f357ef510a1aa15c751ad48f55bc03499d1b188b86cb4a561d69b289b,
342,10,24776574,11,0x7c3e1f00000001f0f8026,,,0,,44,,,,0xd6ccc1070fb9dd283415aecfecb6cb065dac84e4c9095661f503200edfc79513,
344,1,24724942,2,0x7c3e1f00000001f0f803c,,,0,,36,,,,0x689649e0bef6b442ebdec266827f06df8b6923a01607d2b4f26c78917df943b8,
347,4,24783172,5,0x7c3e1f00000001f0f8039,,,0,,39,,,,0xac9e07dcebd962ed8a6457e864d180415e96cefe03e7b71c7fb2d1f6ef80891e,
349,21,24769493,22,0x7c3e1f00000001f0f8001,,,0,,35,,,,0x2423cd654876123181240b8eb109a0380ebda3705bee1a0470bacc983aa7235e,
350,22,24769534,23,0x7c3e1f00000001f0f8010,,,0,,35,,,,0x516ee73d482a61165fd4d73267e2a208e3aecc5466958bcf2d701bfa7ac0c0b3,
353,18,24734066,19,0x7c3e1f00000001f0f8013,,,0,,31,,,,0x4eb2f2abda43cc57795573d50611afdc3a55fcbb3d6b632ee64c9a78904b8bda,
354,19,24769764,20,0x7c3e1f00000001f0f8002,,,0,,40,,,,0x6dd4c8bb21f2db8d889590dc16bd9ce8af70260ff9eb85cca309300001b80098,
355,20,24769806,21,0x7c3e1f00000001f0f8010,,,0,,35,,,,0xbc7a3435663b989237c86c249d3a056100c84eae3d73421725e51cbedbfac153,
356,18,24769581,19,0x7c3e1f00000001f0f8013,,,0,,35,,,,0x39421d7b1d1581e1338b5813909b215f988e47cc4834c6d0b01039dbe256012a,
357,21,24769620,22,0x7c3e1f00000001f0f8001,,,0,,35,,,,0x8fd5b2a0f58154ccf5312c75181a9ce9a262448fb37a1a4bc7a04d99b003e500,
358,21,24769644,22,0x7c3e1f00000001f0f8001,,,0,,26,,,,0x123661afaccc0076ea3b43f8160ef66cb209347bc3fc7c4c22e154fa100e3144,
359,19,24769852,20,0x7c3e1f00000001f0f8002,,,0,,35,,,,0xd2459b75012994ca5e054a003a7ccad4d129c211c591fe47e9d7aa69679d4733,
364,17,24721408,18,0x7c3e1f00000001f0f8024,,,0,,44,,,,0x734ea718464147321990d76714430bc4a8d48a4eed5264c5e30627559df72616,
365,13,24820159,14,0x7c3e00000003e1f0f801c,,,0,,31,,,,0xe9e0be37f193115bc7187af127e6fb32bcd64e69a1866880728a7bdfbe911984,
368,2,24884721,3,0x7c3e00000003e1f0f802d,,,0,,33,,,,0x45867481061234fa3c8afd81f8f3107a0f566c914e9394002cb0127612dc5197,
369,4,24832859,5,0x7c3e00000003e1f0f801d,,,0,,41,,,,0x12fe59c5f01d0ec444a9db2f4018cca74a75b57153936d124bb1f401233a686a,
370,7,24776585,8,0x7c3e1f00000001f0f8007,,,0,,44,,,,0xb6bd88b3c2db332819c63e153390de474f5719524f20949d85072e13dcea0ca3,
372,3,24903517,4,0x7c3e00000003e1f0f8034,,,0,,23,,,,0xe672c3b3ae02cdbcf279ef8c5d9923537b27989517b50d92df180a7c6a4156c1,
374,3,24776597,4,0x7c3e1f00000001f0f8027,,,0,,32,,,,0x976a498b9923626ebcef5fd9191005f127c9474cefbb41253536f49fe4a7c9d9,
375,2,24715170,3,0x7c3e1f00000001f0f8039,,,0,,27,,,,0x2052d3a7830756d7e4ea1a5660f1b1e70845ea7b9e739b0d5b93ecf54d32aab6,
376,3,24715181,4,0x7c3e1f00000001f0f8027,,,0,,34,,,,0x77cecd7eb75108c707c4b88a54aa1db357d7936478091aa9c106846419b43440,
377,0,24844016,1,0x7c3e00000003e1f0f803e,,,0,,23,,,,0xb9b9cfa750d36db668f583658c92b274d38274dbd6e82363bd00fb09e611f6c0,
378,2,24776610,3,0x7c3e1f00000001f0f8039,,,0,,27,,,,0x9b81d258a84c5f9f9bbabb3d040375afabd4e75efd10614af3de0d62948869f3,
379,2,24776622,3,0x7c3e1f00000001f0f8039,,,0,,27,,,,0xa7909f1082321365a8e77cbee4dba7cbb579e2f349e81680a5dc70f9173ffc2d,
380,2,24827654,3,0x7c3e00000003e1f0f802d,,,0,,28,,,,0x0623f54dd9be767cfe47fe21fcc2f10783523f3dbe55f739649b4a7761dd397f,
381,0,24715190,1,0x7c3e1f00000001f0f802f,,,0,,22,,,,0x16df0e3ca3d2dcaa464e12d276b312cb36a4dfcd6e984fbd5631cfa1619e0498,
384,1,24868215,2,0x7c3e00000003e1f0f803a,,,0,,36,,,,0x519147137930ced7f710b02b133c20a7d41a032fe77f281d45fb704034f839e5,
385,1,24899944,2,0x7c3e00000003e1f0f803a,,,0,,41,,,,0x86d47baa2c899b3af483138ee8bef46b2b4f594339be6dc86d4bb6ead74bd25f,
386,3,24813184,4,0x7c3e00000003e1f0f8034,,,0,,46,,,,0xfb38e1f563c7a3fedcd699029629d0c4ee80aad29852343acb4ab725ca7ee1fb,
