fly,tick_before,cell,segment,live,next_block,next_segments,visited,fired
12,12,82570,31,0,24760392,0 34 55,0,0
12,12,99615,37,0,24760392,0 34 55,0,0
12,12,138434,52,0,24760392,0 34 55,0,0
12,12,148380,55,0,24760392,0 34 55,1,0
13,1,82570,31,1,24829644,0 15 36,0,0
13,1,148380,55,1,24829644,0 15 36,0,0
15,30,58146,21,0,24765332,0 41 62,0,0
15,30,104990,39,0,24765332,0 41 62,0,0
15,30,129131,48,0,24765332,0 41 62,0,0
23,65,104990,39,0,24741901,0 49 6,0,0
26,68,58146,21,0,24748707,0 7 28,0,0
26,68,148380,55,0,24748707,0 7 28,0,0
28,6,82570,31,0,24754516,0 36 57,0,0
28,6,148380,55,0,24754516,0 36 57,0,0
31,37,32034,12,0,24715161,0 50 7,0,0
31,37,47843,18,0,24715161,0 50 7,0,0
31,37,65177,24,0,24715161,0 50 7,0,0
31,37,82570,31,0,24715161,0 50 7,0,0
31,37,98298,37,0,24715161,0 50 7,0,0
31,37,99615,37,0,24715161,0 50 7,0,0
31,37,101270,38,0,24715161,0 50 7,0,0
31,37,148380,55,0,24715161,0 50 7,0,0
31,37,149263,56,0,24715161,0 50 7,0,0
34,2,82570,31,1,24980495,0 2 23,0,0
34,2,148380,55,1,24980495,0 2 23,0,0
44,73,58146,21,0,24837499,0 10 31,0,0
44,73,82570,31,0,24837499,0 10 31,1,0
44,73,94134,35,0,24837499,0 10 31,0,0
44,73,104990,39,0,24837499,0 10 31,0,0
44,73,108199,40,0,24837499,0 10 31,0,0
44,73,125557,47,0,24837499,0 10 31,0,0
44,73,139649,52,0,24837499,0 10 31,0,0
44,73,155739,58,0,24837499,0 10 31,0,0
50,6,82570,31,0,24763877,0 36 57,0,0
50,6,148380,55,0,24763877,0 36 57,0,0
59,14,125557,47,0,24837520,0 46 3,0,0
62,67,40418,15,0,24748728,0 5 26,0,0
62,67,148380,55,0,24748728,0 5 26,0,0
63,20,82570,31,0,25006122,0 9 30,0,0
63,20,148380,55,0,25006122,0 9 30,0,0
69,15,82570,31,0,24837539,0 43 0,0,0
69,15,148380,55,0,24837539,0 43 0,0,0
70,18,82570,31,0,25007823,0 46 3,0,0
70,18,148380,55,0,25007823,0 46 3,0,0
74,9,106241,40,0,24868173,0 3 24,0,0
76,98,14890,5,0,24733794,0 50 7,0,0
76,98,16317,6,0,24733794,0 50 7,0,0
76,98,25504,9,0,24733794,0 50 7,0,0
76,98,32034,12,0,24733794,0 50 7,0,0
76,98,47843,18,0,24733794,0 50 7,0,0
76,98,53343,20,0,24733794,0 50 7,0,0
76,98,61079,22,0,24733794,0 50 7,0,0
76,98,65177,24,0,24733794,0 50 7,0,0
76,98,82570,31,1,24733794,0 50 7,0,0
76,98,98298,37,0,24733794,0 50 7,0,0
76,98,99615,37,0,24733794,0 50 7,0,0
76,98,107821,40,0,24733794,0 50 7,0,0
76,98,111279,41,1,24733794,0 50 7,0,0
76,98,120957,45,0,24733794,0 50 7,0,0
76,98,125778,47,0,24733794,0 50 7,0,0
76,98,129131,48,0,24733794,0 50 7,0,0
76,98,138434,52,0,24733794,0 50 7,0,0
76,98,148380,55,1,24733794,0 50 7,0,0
76,98,149263,56,0,24733794,0 50 7,0,0
76,98,150112,56,0,24733794,0 50 7,0,0
77,199,14890,5,0,24733823,0 47 4,0,0
77,199,16317,6,0,24733823,0 47 4,0,0
77,199,25504,9,0,24733823,0 47 4,0,0
77,199,32034,12,0,24733823,0 47 4,0,0
77,199,53343,20,0,24733823,0 47 4,0,0
77,199,61079,22,0,24733823,0 47 4,0,0
77,199,65177,24,0,24733823,0 47 4,0,0
77,199,82570,31,0,24733823,0 47 4,0,0
77,199,88399,33,0,24733823,0 47 4,0,0
77,199,92667,34,0,24733823,0 47 4,0,0
77,199,98298,37,0,24733823,0 47 4,0,0
77,199,99615,37,0,24733823,0 47 4,0,0
77,199,101270,38,0,24733823,0 47 4,0,0
77,199,104990,39,0,24733823,0 47 4,0,0
77,199,111279,41,0,24733823,0 47 4,0,0
77,199,125778,47,0,24733823,0 47 4,1,0
77,199,129131,48,0,24733823,0 47 4,0,0
77,199,148380,55,0,24733823,0 47 4,0,0
77,199,148424,55,0,24733823,0 47 4,0,0
77,199,149263,56,0,24733823,0 47 4,0,0
77,199,150112,56,0,24733823,0 47 4,0,0
79,62,14890,5,0,24733866,0 13 34,0,0
79,62,16317,6,0,24733866,0 13 34,0,0
79,62,32034,12,0,24733866,0 13 34,0,0
79,62,39605,14,0,24733866,0 13 34,0,0
79,62,61079,22,0,24733866,0 13 34,0,0
79,62,82570,31,0,24733866,0 13 34,0,0
79,62,92667,34,0,24733866,0 13 34,1,0
79,62,98298,37,0,24733866,0 13 34,0,0
79,62,99615,37,0,24733866,0 13 34,0,0
79,62,107821,40,0,24733866,0 13 34,0,0
79,62,111279,41,0,24733866,0 13 34,0,0
79,62,120957,45,0,24733866,0 13 34,0,0
79,62,129131,48,0,24733866,0 13 34,0,0
79,62,148380,55,0,24733866,0 13 34,0,0
79,62,148424,55,0,24733866,0 13 34,0,0
79,62,149263,56,0,24733866,0 13 34,0,0
79,62,150112,56,0,24733866,0 13 34,0,0
81,68,82570,31,0,24748373,0 7 28,0,0
81,68,125557,47,0,24748373,0 7 28,0,0
81,68,131695,49,0,24748373,0 7 28,0,0
81,68,148380,55,0,24748373,0 7 28,0,0
86,54,104990,39,0,24748743,0 48 5,0,0
90,70,82570,31,0,24748394,0 18 39,0,0
90,70,131695,49,0,24748394,0 18 39,0,0
90,70,148380,55,0,24748394,0 18 39,0,0
140,14,57752,21,1,24784583,0 12 33,0,0
140,14,148380,55,0,24784583,0 12 33,0,0
141,17,82570,31,0,24776562,0 57 14,0,0
141,17,129131,48,0,24776562,0 57 14,0,0
141,17,148380,55,0,24776562,0 57 14,0,0
156,19,82570,31,0,24947971,0 51 8,0,0
156,19,111279,41,0,24947971,0 51 8,0,0
158,27,111279,41,0,24948005,0 26 47,0,0
158,27,125557,47,0,24948005,0 26 47,1,0
158,27,138434,52,0,24948005,0 26 47,0,0
163,11,82570,31,1,24784604,0 56 13,0,0
163,11,148380,55,0,24784604,0 56 13,0,0
169,15,25504,9,0,24832321,0 43 0,0,0
169,15,61079,22,0,24832321,0 43 0,0,0
169,15,82570,31,0,24832321,0 43 0,0,0
169,15,92667,34,0,24832321,0 43 0,0,0
169,15,98298,37,0,24832321,0 43 0,0,0
169,15,99615,37,0,24832321,0 43 0,0,0
169,15,111279,41,0,24832321,0 43 0,0,0
169,15,125778,47,0,24832321,0 43 0,0,0
169,15,129131,48,0,24832321,0 43 0,0,0
169,15,138434,52,0,24832321,0 43 0,0,0
169,15,148380,55,0,24832321,0 43 0,0,0
169,15,148424,55,0,24832321,0 43 0,0,0
170,12,61079,22,0,24832339,0 34 55,0,0
170,12,82570,31,0,24832339,0 34 55,0,0
170,12,98298,37,0,24832339,0 34 55,0,0
170,12,99615,37,0,24832339,0 34 55,0,0
170,12,111279,41,1,24832339,0 34 55,0,0
170,12,125778,47,0,24832339,0 34 55,0,0
170,12,148380,55,0,24832339,0 34 55,1,0
170,12,148424,55,0,24832339,0 34 55,1,0
171,11,61079,22,0,24832352,0 5 26,0,0
171,11,82570,31,0,24832352,0 5 26,0,0
171,11,92667,34,0,24832352,0 5 26,0,0
171,11,98298,37,0,24832352,0 5 26,0,0
171,11,99615,37,0,24832352,0 5 26,0,0
171,11,111279,41,1,24832352,0 5 26,0,0
171,11,125778,47,0,24832352,0 5 26,0,0
171,11,148380,55,0,24832352,0 5 26,0,0
171,11,148424,55,0,24832352,0 5 26,0,0
172,13,82570,31,0,24878027,0 60 17,0,0
172,13,111279,41,0,24878027,0 60 17,0,0
175,9,82570,31,0,24872712,0 3 24,0,0
175,9,148380,55,0,24872712,0 3 24,0,0
185,17,29053,10,0,24741472,0 57 14,0,0
185,17,82570,31,0,24741472,0 57 14,0,0
185,17,104990,39,0,24741472,0 57 14,0,0
187,161,14890,5,0,24769706,0 23 44,0,0
187,161,16317,6,0,24769706,0 23 44,0,0
187,161,23936,9,0,24769706,0 23 44,0,0
187,161,25504,9,0,24769706,0 23 44,0,0
187,161,39605,14,0,24769706,0 23 44,0,0
187,161,47843,18,0,24769706,0 23 44,0,0
187,161,53343,20,0,24769706,0 23 44,0,0
187,161,53889,20,0,24769706,0 23 44,0,0
187,161,55465,20,0,24769706,0 23 44,0,0
187,161,58146,21,0,24769706,0 23 44,0,0
187,161,61079,22,0,24769706,0 23 44,0,0
187,161,82570,31,0,24769706,0 23 44,0,0
187,161,92667,34,0,24769706,0 23 44,0,0
187,161,98298,37,0,24769706,0 23 44,0,0
187,161,99615,37,0,24769706,0 23 44,0,0
187,161,107821,40,0,24769706,0 23 44,0,0
187,161,111279,41,0,24769706,0 23 44,0,0
187,161,113812,42,0,24769706,0 23 44,0,0
187,161,129131,48,0,24769706,0 23 44,0,0
187,161,138434,52,0,24769706,0 23 44,0,0
187,161,148380,55,0,24769706,0 23 44,0,0
187,161,148424,55,0,24769706,0 23 44,0,0
187,161,149263,56,0,24769706,0 23 44,0,0
187,161,150112,56,0,24769706,0 23 44,0,0
196,27,82570,31,0,24748412,0 46 3,0,0
199,10,82570,31,0,24924550,0 8 29,0,0
199,10,148380,55,0,24924550,0 8 29,0,0
202,58,10113,3,0,24878830,0 27 48,0,0
202,58,14890,5,0,24878830,0 27 48,0,0
202,58,16317,6,0,24878830,0 27 48,0,0
202,58,32034,12,0,24878830,0 27 48,0,0
202,58,47843,18,0,24878830,0 27 48,0,0
202,58,53343,20,0,24878830,0 27 48,0,0
202,58,53595,20,0,24878830,0 27 48,0,0
202,58,65177,24,0,24878830,0 27 48,0,0
202,58,72734,27,0,24878830,0 27 48,1,0
202,58,75506,28,0,24878830,0 27 48,0,0
202,58,111279,41,0,24878830,0 27 48,0,0
202,58,111475,41,0,24878830,0 27 48,0,0
202,58,118964,44,0,24878830,0 27 48,0,0
202,58,129131,48,0,24878830,0 27 48,1,0
202,58,131695,49,0,24878830,0 27 48,0,0
202,58,149263,56,0,24878830,0 27 48,0,0
202,58,150112,56,0,24878830,0 27 48,0,0
202,58,150414,56,0,24878830,0 27 48,0,0
202,58,164302,61,0,24878830,0 27 48,0,0
208,10,148380,55,0,24740737,0 59 16,0,0
210,17,14890,5,0,24878865,0 15 36,0,0
210,17,16317,6,0,24878865,0 15 36,0,0
210,17,32034,12,0,24878865,0 15 36,0,0
210,17,39605,14,0,24878865,0 15 36,0,0
210,17,47843,18,0,24878865,0 15 36,0,0
210,17,53343,20,0,24878865,0 15 36,0,0
210,17,65177,24,0,24878865,0 15 36,0,0
210,17,75506,28,0,24878865,0 15 36,0,0
210,17,111475,41,0,24878865,0 15 36,0,0
210,17,129131,48,0,24878865,0 15 36,0,0
210,17,138434,52,0,24878865,0 15 36,0,0
211,22,10113,3,0,24916800,0 38 59,0,0
211,22,14890,5,0,24916800,0 38 59,0,0
211,22,32034,12,0,24916800,0 38 59,0,0
211,22,53343,20,0,24916800,0 38 59,0,0
211,22,65177,24,0,24916800,0 38 59,0,0
211,22,111475,41,0,24916800,0 38 59,0,0
211,22,129131,48,0,24916800,0 38 59,0,0
211,22,138434,52,0,24916800,0 38 59,0,0
211,22,148380,55,0,24916800,0 38 59,0,0
211,22,149263,56,0,24916800,0 38 59,0,0
211,22,150112,56,0,24916800,0 38 59,0,0
211,22,150414,56,0,24916800,0 38 59,0,0
211,22,156574,58,0,24916800,0 38 59,0,0
213,12,16317,6,0,24827893,0 34 55,0,0
213,12,99615,37,0,24827893,0 34 55,0,0
213,12,111279,41,0,24827893,0 34 55,0,0
213,12,129131,48,0,24827893,0 34 55,0,0
215,21,10764,4,0,24731510,0 2 23,0,0
215,21,14890,5,0,24731510,0 2 23,0,0
215,21,16317,6,0,24731510,0 2 23,0,0
215,21,32034,12,0,24731510,0 2 23,0,0
215,21,39605,14,0,24731510,0 2 23,0,0
215,21,47843,18,0,24731510,0 2 23,0,0
215,21,53343,20,0,24731510,0 2 23,0,0
215,21,65177,24,0,24731510,0 2 23,0,0
215,21,82570,31,0,24731510,0 2 23,0,0
215,21,104990,39,0,24731510,0 2 23,0,0
215,21,111279,41,0,24731510,0 2 23,0,0
215,21,125778,47,0,24731510,0 2 23,0,0
215,21,138434,52,0,24731510,0 2 23,0,0
215,21,148380,55,0,24731510,0 2 23,0,0
215,21,148424,55,0,24731510,0 2 23,0,0
216,12,82570,31,0,24832784,0 34 55,0,0
216,12,99615,37,0,24832784,0 34 55,0,0
216,12,111279,41,0,24832784,0 34 55,0,0
216,12,138434,52,0,24832784,0 34 55,0,0
216,12,148380,55,0,24832784,0 34 55,1,0
219,12,32034,12,0,24832811,0 34 55,0,0
219,12,47843,18,0,24832811,0 34 55,0,0
219,12,53343,20,0,24832811,0 34 55,0,0
219,12,65177,24,0,24832811,0 34 55,0,0
219,12,82570,31,0,24832811,0 34 55,0,0
219,12,99615,37,0,24832811,0 34 55,0,0
219,12,111279,41,0,24832811,0 34 55,0,0
219,12,129131,48,0,24832811,0 34 55,0,0
219,12,138434,52,0,24832811,0 34 55,0,0
219,12,148380,55,0,24832811,0 34 55,1,0
220,12,148380,55,0,24884683,0 34 55,1,0
247,16,82570,31,0,24848727,0 28 49,0,0
247,16,101270,38,0,24848727,0 28 49,0,0
247,16,104990,39,0,24848727,0 28 49,0,0
247,16,148380,55,0,24848727,0 28 49,0,0
264,9,82570,31,0,24894362,0 3 24,0,0
264,9,148380,55,0,24894362,0 3 24,0,0
285,66,10764,4,0,24759912,0 29 50,0,0
285,66,29053,10,0,24759912,0 29 50,0,0
285,66,32034,12,0,24759912,0 29 50,0,0
285,66,47843,18,0,24759912,0 29 50,0,0
285,66,53343,20,0,24759912,0 29 50,0,0
285,66,58146,21,0,24759912,0 29 50,0,0
285,66,104990,39,0,24759912,0 29 50,0,0
285,66,148380,55,0,24759912,0 29 50,0,0
285,66,155739,58,0,24759912,0 29 50,0,0
286,60,14890,5,0,24733989,0 52 9,0,0
286,60,16317,6,0,24733989,0 52 9,0,0
286,60,23936,9,0,24733989,0 52 9,1,0
286,60,25504,9,0,24733989,0 52 9,1,0
286,60,32034,12,0,24733989,0 52 9,0,0
286,60,39605,14,0,24733989,0 52 9,0,0
286,60,47843,18,0,24733989,0 52 9,0,0
286,60,61079,22,0,24733989,0 52 9,0,0
286,60,65177,24,0,24733989,0 52 9,0,0
286,60,82570,31,0,24733989,0 52 9,0,0
286,60,92667,34,0,24733989,0 52 9,0,0
286,60,98298,37,0,24733989,0 52 9,0,0
286,60,99615,37,0,24733989,0 52 9,0,0
286,60,107821,40,0,24733989,0 52 9,0,0
286,60,111279,41,0,24733989,0 52 9,0,0
286,60,120957,45,0,24733989,0 52 9,0,0
286,60,129131,48,0,24733989,0 52 9,0,0
286,60,138434,52,0,24733989,0 52 9,1,0
286,60,148380,55,0,24733989,0 52 9,0,0
286,60,148424,55,0,24733989,0 52 9,0,0
286,60,149263,56,0,24733989,0 52 9,0,0
286,60,150112,56,0,24733989,0 52 9,0,0
287,60,14890,5,0,24734026,0 52 9,0,0
287,60,16317,6,0,24734026,0 52 9,0,0
287,60,23936,9,0,24734026,0 52 9,1,0
287,60,25504,9,0,24734026,0 52 9,1,0
287,60,32034,12,0,24734026,0 52 9,0,0
287,60,39605,14,0,24734026,0 52 9,0,0
287,60,47843,18,0,24734026,0 52 9,0,0
287,60,61079,22,0,24734026,0 52 9,0,0
287,60,65177,24,0,24734026,0 52 9,0,0
287,60,82570,31,0,24734026,0 52 9,0,0
287,60,92667,34,0,24734026,0 52 9,0,0
287,60,98298,37,0,24734026,0 52 9,0,0
287,60,99615,37,0,24734026,0 52 9,0,0
287,60,107821,40,0,24734026,0 52 9,0,0
287,60,111279,41,0,24734026,0 52 9,0,0
287,60,120957,45,0,24734026,0 52 9,0,0
287,60,129131,48,0,24734026,0 52 9,0,0
287,60,138434,52,0,24734026,0 52 9,1,0
287,60,148380,55,0,24734026,0 52 9,0,0
287,60,148424,55,0,24734026,0 52 9,0,0
287,60,149263,56,0,24734026,0 52 9,0,0
294,7,82570,31,0,24776959,0 20 41,0,0
294,7,148380,55,0,24776959,0 20 41,0,0
296,12,82570,31,0,24832947,0 34 55,0,0
296,12,99615,37,1,24832947,0 34 55,0,0
296,12,111279,41,0,24832947,0 34 55,0,0
296,12,138434,52,0,24832947,0 34 55,0,0
296,12,148380,55,0,24832947,0 34 55,1,0
298,8,82570,31,0,24982619,0 28 49,0,0
298,8,148380,55,0,24982619,0 28 49,0,0
299,10,99615,37,0,24828794,0 8 29,0,0
299,10,111279,41,1,24828794,0 8 29,0,0
299,10,129131,48,0,24828794,0 8 29,0,0
299,10,138434,52,0,24828794,0 8 29,0,0
305,33,10764,4,0,24724576,0 34 55,0,0
305,33,29053,10,0,24724576,0 34 55,0,0
305,33,47843,18,0,24724576,0 34 55,0,0
305,33,53343,20,0,24724576,0 34 55,0,0
305,33,129131,48,0,24724576,0 34 55,0,0
305,33,149263,56,0,24724576,0 34 55,0,0
322,143,82570,31,0,24838034,0 19 40,0,0
322,143,92680,34,0,24838034,0 19 40,0,0
322,143,94134,35,0,24838034,0 19 40,0,0
322,143,104990,39,0,24838034,0 19 40,0,0
322,143,111279,41,0,24838034,0 19 40,0,0
322,143,125557,47,0,24838034,0 19 40,0,0
322,143,131695,49,0,24838034,0 19 40,0,0
322,143,148380,55,0,24838034,0 19 40,0,0
323,12,82570,31,0,24754490,0 42 63,0,0
323,12,148380,55,0,24754490,0 42 63,0,0
324,13,32034,12,0,24768024,0 63 20,0,0
324,13,53343,20,0,24768024,0 63 20,1,0
324,13,65177,24,0,24768024,0 63 20,0,0
324,13,82570,31,0,24768024,0 63 20,0,0
324,13,99615,37,0,24768024,0 63 20,0,0
324,13,138434,52,0,24768024,0 63 20,0,0
324,13,148380,55,0,24768024,0 63 20,0,0
324,13,149263,56,0,24768024,0 63 20,0,0
328,21,82570,31,0,24924567,0 8 29,0,0
328,21,148380,55,0,24924567,0 8 29,0,0
336,17,14890,5,0,24721354,0 57 14,0,0
336,17,16317,6,0,24721354,0 57 14,0,0
336,17,32034,12,0,24721354,0 57 14,0,0
336,17,39605,14,0,24721354,0 57 14,1,0
336,17,47843,18,0,24721354,0 57 14,0,0
336,17,53343,20,0,24721354,0 57 14,0,0
336,17,61079,22,0,24721354,0 57 14,0,0
336,17,65177,24,0,24721354,0 57 14,0,0
336,17,82570,31,0,24721354,0 57 14,0,0
336,17,88399,33,0,24721354,0 57 14,0,0
336,17,98298,37,0,24721354,0 57 14,0,0
336,17,99615,37,0,24721354,0 57 14,0,0
336,17,111279,41,0,24721354,0 57 14,0,0
336,17,111475,41,0,24721354,0 57 14,0,0
336,17,129131,48,0,24721354,0 57 14,0,0
336,17,138434,52,0,24721354,0 57 14,0,0
336,17,148380,55,0,24721354,0 57 14,0,0
336,17,148424,55,0,24721354,0 57 14,0,0
336,17,149263,56,0,24721354,0 57 14,0,0
336,17,150112,56,0,24721354,0 57 14,0,0
336,17,150414,56,0,24721354,0 57 14,0,0
339,8,32034,12,0,24948062,0 22 43,0,0
339,8,47843,18,0,24948062,0 22 43,0,0
339,8,65177,24,0,24948062,0 22 43,0,0
339,8,129131,48,0,24948062,0 22 43,0,0
339,8,138434,52,0,24948062,0 22 43,0,0
339,8,149263,56,0,24948062,0 22 43,0,0
342,10,32034,12,0,24776574,0 59 16,0,0
342,10,47843,18,0,24776574,0 59 16,0,0
342,10,53343,20,0,24776574,0 59 16,0,0
342,10,61079,22,0,24776574,0 59 16,0,0
342,10,65177,24,0,24776574,0 59 16,0,0
342,10,82570,31,0,24776574,0 59 16,0,0
342,10,98298,37,0,24776574,0 59 16,0,0
342,10,99615,37,0,24776574,0 59 16,0,0
342,10,111279,41,0,24776574,0 59 16,0,0
342,10,129131,48,0,24776574,0 59 16,0,0
342,10,148380,55,0,24776574,0 59 16,0,0
342,10,149263,56,0,24776574,0 59 16,0,0
349,21,14890,5,0,24769493,0 22 43,0,0
349,21,16317,6,0,24769493,0 22 43,0,0
349,21,23936,9,0,24769493,0 22 43,0,0
349,21,25504,9,0,24769493,0 22 43,0,0
349,21,32034,12,0,24769493,0 22 43,0,0
349,21,47843,18,0,24769493,0 22 43,0,0
349,21,53343,20,0,24769493,0 22 43,0,0
349,21,53889,20,0,24769493,0 22 43,0,0
349,21,57752,21,0,24769493,0 22 43,0,0
349,21,61079,22,0,24769493,0 22 43,1,0
349,21,65177,24,0,24769493,0 22 43,0,0
349,21,82570,31,0,24769493,0 22 43,0,0
349,21,88399,33,0,24769493,0 22 43,0,0
349,21,92667,34,0,24769493,0 22 43,0,0
349,21,111279,41,0,24769493,0 22 43,0,0
349,21,120957,45,0,24769493,0 22 43,0,0
349,21,125778,47,0,24769493,0 22 43,0,0
349,21,129131,48,0,24769493,0 22 43,0,0
349,21,138434,52,0,24769493,0 22 43,0,0
349,21,148380,55,0,24769493,0 22 43,0,0
349,21,148424,55,0,24769493,0 22 43,0,0
349,21,149263,56,0,24769493,0 22 43,0,0
349,21,150112,56,0,24769493,0 22 43,0,0
350,22,14890,5,0,24769534,0 37 58,0,0
350,22,16317,6,0,24769534,0 37 58,0,0
350,22,23936,9,0,24769534,0 37 58,0,0
350,22,25504,9,0,24769534,0 37 58,0,0
350,22,32034,12,0,24769534,0 37 58,0,0
350,22,39605,14,0,24769534,0 37 58,0,0
350,22,47843,18,0,24769534,0 37 58,0,0
350,22,53343,20,0,24769534,0 37 58,0,0
350,22,53889,20,0,24769534,0 37 58,0,0
350,22,57752,21,0,24769534,0 37 58,0,0
350,22,65177,24,0,24769534,0 37 58,0,0
350,22,82570,31,0,24769534,0 37 58,0,0
350,22,88399,33,0,24769534,0 37 58,0,0
350,22,92667,34,0,24769534,0 37 58,0,0
350,22,107821,40,0,24769534,0 37 58,0,0
350,22,111279,41,0,24769534,0 37 58,0,0
350,22,120957,45,0,24769534,0 37 58,0,0
350,22,125778,47,0,24769534,0 37 58,0,0
350,22,138434,52,0,24769534,0 37 58,0,0
350,22,148380,55,0,24769534,0 37 58,0,0
350,22,148424,55,0,24769534,0 37 58,0,0
353,18,14890,5,0,24734066,0 40 61,0,0
353,18,23936,9,0,24734066,0 40 61,0,0
353,18,25504,9,0,24734066,0 40 61,0,0
353,18,32034,12,0,24734066,0 40 61,0,0
353,18,47843,18,0,24734066,0 40 61,0,0
353,18,53343,20,0,24734066,0 40 61,0,0
353,18,61079,22,0,24734066,0 40 61,0,0
353,18,65177,24,0,24734066,0 40 61,0,0
353,18,82570,31,0,24734066,0 40 61,0,0
353,18,88399,33,0,24734066,0 40 61,0,0
353,18,92667,34,0,24734066,0 40 61,0,0
353,18,98298,37,0,24734066,0 40 61,0,0
353,18,99615,37,0,24734066,0 40 61,0,0
353,18,107821,40,0,24734066,0 40 61,1,0
353,18,120957,45,0,24734066,0 40 61,0,0
353,18,125778,47,0,24734066,0 40 61,0,0
353,18,129131,48,0,24734066,0 40 61,0,0
353,18,138434,52,0,24734066,0 40 61,0,0
353,18,148380,55,0,24734066,0 40 61,0,0
353,18,148424,55,0,24734066,0 40 61,0,0
353,18,149263,56,0,24734066,0 40 61,0,0
354,19,14890,5,0,24769764,0 23 44,0,0
354,19,16317,6,0,24769764,0 23 44,0,0
354,19,23936,9,0,24769764,0 23 44,0,0
354,19,25504,9,0,24769764,0 23 44,0,0
354,19,32034,12,0,24769764,0 23 44,0,0
354,19,47843,18,0,24769764,0 23 44,0,0
354,19,53343,20,0,24769764,0 23 44,0,0
354,19,61079,22,0,24769764,0 23 44,0,0
354,19,65177,24,0,24769764,0 23 44,0,0
354,19,82570,31,0,24769764,0 23 44,0,0
354,19,88399,33,0,24769764,0 23 44,0,0
354,19,92667,34,0,24769764,0 23 44,0,0
354,19,98298,37,0,24769764,0 23 44,0,0
354,19,99615,37,0,24769764,0 23 44,0,0
354,19,111279,41,0,24769764,0 23 44,0,0
354,19,120957,45,0,24769764,0 23 44,0,0
354,19,125778,47,0,24769764,0 23 44,0,0
354,19,129131,48,0,24769764,0 23 44,0,0
354,19,138434,52,0,24769764,0 23 44,0,0
354,19,148380,55,0,24769764,0 23 44,0,0
354,19,148424,55,0,24769764,0 23 44,0,0
354,19,149263,56,0,24769764,0 23 44,0,0
355,20,14890,5,0,24769806,0 37 58,0,0
355,20,16317,6,0,24769806,0 37 58,0,0
355,20,23936,9,0,24769806,0 37 58,0,0
355,20,25504,9,0,24769806,0 37 58,0,0
355,20,32034,12,0,24769806,0 37 58,0,0
355,20,47843,18,0,24769806,0 37 58,0,0
355,20,53343,20,0,24769806,0 37 58,0,0
355,20,61079,22,0,24769806,0 37 58,0,0
355,20,65177,24,0,24769806,0 37 58,0,0
355,20,82570,31,0,24769806,0 37 58,0,0
355,20,88399,33,0,24769806,0 37 58,0,0
355,20,92667,34,0,24769806,0 37 58,0,0
355,20,98298,37,0,24769806,0 37 58,1,0
355,20,99615,37,0,24769806,0 37 58,1,0
355,20,111279,41,0,24769806,0 37 58,0,0
355,20,120957,45,0,24769806,0 37 58,0,0
355,20,125778,47,0,24769806,0 37 58,0,0
355,20,129131,48,0,24769806,0 37 58,0,0
355,20,138434,52,0,24769806,0 37 58,0,0
355,20,148380,55,0,24769806,0 37 58,0,0
355,20,148424,55,0,24769806,0 37 58,0,0
355,20,149263,56,0,24769806,0 37 58,0,0
356,18,16317,6,0,24769581,0 40 61,0,0
356,18,23936,9,0,24769581,0 40 61,0,0
356,18,25504,9,0,24769581,0 40 61,0,0
356,18,32034,12,0,24769581,0 40 61,0,0
356,18,53343,20,0,24769581,0 40 61,0,0
356,18,57752,21,0,24769581,0 40 61,0,0
356,18,61079,22,0,24769581,0 40 61,0,0
356,18,65177,24,0,24769581,0 40 61,0,0
356,18,82570,31,0,24769581,0 40 61,0,0
356,18,88399,33,0,24769581,0 40 61,0,0
356,18,92667,34,0,24769581,0 40 61,0,0
356,18,98298,37,0,24769581,0 40 61,0,0
356,18,99615,37,0,24769581,0 40 61,0,0
356,18,107821,40,0,24769581,0 40 61,1,0
356,18,125778,47,0,24769581,0 40 61,0,0
356,18,129131,48,0,24769581,0 40 61,0,0
356,18,138434,52,0,24769581,0 40 61,0,0
356,18,148380,55,0,24769581,0 40 61,0,0
356,18,148424,55,0,24769581,0 40 61,0,0
356,18,149263,56,0,24769581,0 40 61,0,0
357,21,14890,5,0,24769620,0 22 43,0,0
357,21,16317,6,0,24769620,0 22 43,0,0
357,21,23936,9,0,24769620,0 22 43,0,0
357,21,25504,9,0,24769620,0 22 43,0,0
357,21,32034,12,0,24769620,0 22 43,0,0
357,21,47843,18,0,24769620,0 22 43,0,0
357,21,53343,20,0,24769620,0 22 43,0,0
357,21,53889,20,0,24769620,0 22 43,0,0
357,21,57752,21,0,24769620,0 22 43,0,0
357,21,61079,22,0,24769620,0 22 43,1,0
357,21,65177,24,0,24769620,0 22 43,0,0
357,21,82570,31,0,24769620,0 22 43,0,0
357,21,88399,33,0,24769620,0 22 43,0,0
357,21,92667,34,0,24769620,0 22 43,0,0
357,21,111279,41,0,24769620,0 22 43,0,0
357,21,120957,45,0,24769620,0 22 43,0,0
357,21,125778,47,0,24769620,0 22 43,0,0
357,21,129131,48,0,24769620,0 22 43,0,0
357,21,138434,52,0,24769620,0 22 43,0,0
357,21,148380,55,0,24769620,0 22 43,0,0
357,21,148424,55,0,24769620,0 22 43,0,0
357,21,149263,56,0,24769620,0 22 43,0,0
357,21,150112,56,0,24769620,0 22 43,0,0
358,21,14890,5,0,24769644,0 22 43,0,0
358,21,16317,6,0,24769644,0 22 43,0,0
358,21,23936,9,0,24769644,0 22 43,0,0
358,21,25504,9,0,24769644,0 22 43,0,0
358,21,32034,12,0,24769644,0 22 43,0,0
358,21,39605,14,0,24769644,0 22 43,0,0
358,21,47843,18,0,24769644,0 22 43,0,0
358,21,53343,20,0,24769644,0 22 43,0,0
358,21,57752,21,0,24769644,0 22 43,0,0
358,21,61079,22,0,24769644,0 22 43,1,0
358,21,65177,24,0,24769644,0 22 43,0,0
358,21,82570,31,0,24769644,0 22 43,0,0
358,21,88399,33,0,24769644,0 22 43,0,0
358,21,92667,34,0,24769644,0 22 43,0,0
358,21,111279,41,0,24769644,0 22 43,0,0
358,21,120957,45,0,24769644,0 22 43,0,0
358,21,125778,47,0,24769644,0 22 43,0,0
358,21,129131,48,0,24769644,0 22 43,0,0
358,21,138434,52,0,24769644,0 22 43,0,0
358,21,148380,55,0,24769644,0 22 43,0,0
358,21,148424,55,0,24769644,0 22 43,0,0
359,19,16317,6,0,24769852,0 23 44,0,0
359,19,23936,9,0,24769852,0 23 44,0,0
359,19,25504,9,0,24769852,0 23 44,0,0
359,19,32034,12,0,24769852,0 23 44,0,0
359,19,47843,18,0,24769852,0 23 44,0,0
359,19,53343,20,0,24769852,0 23 44,0,0
359,19,61079,22,0,24769852,0 23 44,0,0
359,19,65177,24,0,24769852,0 23 44,0,0
359,19,82570,31,0,24769852,0 23 44,0,0
359,19,88399,33,0,24769852,0 23 44,0,0
359,19,92667,34,0,24769852,0 23 44,0,0
359,19,98298,37,0,24769852,0 23 44,0,0
359,19,99615,37,0,24769852,0 23 44,0,0
359,19,111279,41,0,24769852,0 23 44,0,0
359,19,120957,45,0,24769852,0 23 44,0,0
359,19,125778,47,0,24769852,0 23 44,0,0
359,19,129131,48,0,24769852,0 23 44,0,0
359,19,138434,52,0,24769852,0 23 44,0,0
359,19,148380,55,0,24769852,0 23 44,0,0
359,19,148424,55,0,24769852,0 23 44,0,0
359,19,149263,56,0,24769852,0 23 44,0,0
364,17,25504,9,0,24721408,0 57 14,0,0
364,17,32034,12,0,24721408,0 57 14,0,0
364,17,39605,14,0,24721408,0 57 14,1,0
364,17,47843,18,0,24721408,0 57 14,0,0
364,17,53343,20,0,24721408,0 57 14,0,0
364,17,57752,21,0,24721408,0 57 14,0,0
364,17,61079,22,0,24721408,0 57 14,0,0
364,17,65177,24,0,24721408,0 57 14,0,0
364,17,82570,31,0,24721408,0 57 14,0,0
364,17,88399,33,0,24721408,0 57 14,0,0
364,17,92667,34,0,24721408,0 57 14,0,0
364,17,98298,37,0,24721408,0 57 14,0,0
364,17,99615,37,0,24721408,0 57 14,0,0
364,17,111279,41,0,24721408,0 57 14,0,0
364,17,125778,47,0,24721408,0 57 14,0,0
364,17,129131,48,0,24721408,0 57 14,0,0
364,17,138434,52,0,24721408,0 57 14,0,0
364,17,148424,55,0,24721408,0 57 14,0,0
364,17,149263,56,0,24721408,0 57 14,0,0
365,13,16317,6,0,24820159,0 49 6,1,0
365,13,25504,9,0,24820159,0 49 6,0,0
365,13,32034,12,0,24820159,0 49 6,0,0
365,13,53343,20,0,24820159,0 49 6,0,0
365,13,61079,22,0,24820159,0 49 6,0,0
365,13,65177,24,0,24820159,0 49 6,0,0
365,13,82570,31,0,24820159,0 49 6,0,0
365,13,92667,34,0,24820159,0 49 6,0,0
365,13,98298,37,0,24820159,0 49 6,0,0
365,13,99615,37,0,24820159,0 49 6,0,0
365,13,107821,40,0,24820159,0 49 6,0,0
365,13,111279,41,0,24820159,0 49 6,0,0
365,13,125778,47,0,24820159,0 49 6,0,0
365,13,129131,48,0,24820159,0 49 6,0,0
365,13,138434,52,0,24820159,0 49 6,0,0
365,13,148380,55,0,24820159,0 49 6,0,0
365,13,148424,55,0,24820159,0 49 6,0,0
368,2,82570,31,1,24884721,0 2 23,0,0
368,2,148380,55,1,24884721,0 2 23,0,0
369,4,82570,31,0,24832859,0 50 7,0,0
369,4,99615,37,1,24832859,0 50 7,0,0
369,4,111279,41,0,24832859,0 50 7,0,0
369,4,148380,55,0,24832859,0 50 7,0,0
370,7,61079,22,0,24776585,0 28 49,0,0
370,7,82570,31,0,24776585,0 28 49,0,0
370,7,98298,37,0,24776585,0 28 49,0,0
370,7,99615,37,0,24776585,0 28 49,0,0
370,7,111279,41,0,24776585,0 28 49,0,0
370,7,138434,52,0,24776585,0 28 49,0,0
370,7,148380,55,0,24776585,0 28 49,0,0
374,3,82570,31,1,24776597,0 60 17,0,0
374,3,148380,55,1,24776597,0 60 17,0,0
376,3,99615,37,1,24715181,0 60 17,0,0
376,3,111279,41,1,24715181,0 60 17,0,0
378,2,82570,31,1,24776610,0 14 35,0,0
378,2,111279,41,0,24776610,0 14 35,0,0
378,2,148380,55,1,24776610,0 14 35,0,0
379,2,82570,31,1,24776622,0 14 35,0,0
379,2,148380,55,1,24776622,0 14 35,0,0
380,2,82570,31,1,24827654,0 2 23,0,0
380,2,148380,55,1,24827654,0 2 23,0,0
385,1,82570,31,1,24899944,0 15 36,0,0
385,1,148380,55,1,24899944,0 15 36,0,0
386,3,82570,31,1,24813184,0 9 30,0,0
386,3,99615,37,1,24813184,0 9 30,0,0
386,3,111279,41,1,24813184,0 9 30,0,0
386,3,148380,55,1,24813184,0 9 30,0,0
