block,tx,target,suitor,courter,outcome,fired,selectivity,egg
23399299,0xe10c7ee972ad567abb4376c6ea373230dd3a2387ee3ce17402e74bfdb417baa5,247,324,0x1df89c0350e94575d0e20fd86c12e2a38e4c0ce1,rejected,10,11,
23399380,0x90c0e952db0bd79f4a8420281a97768879d1035e572c20762e6209b897529db4,247,324,0x1df89c0350e94575d0e20fd86c12e2a38e4c0ce1,accepted,15,11,1
23401706,0xb685ad4d6a7390fcfc5d9747faeac445332a6374cb9742c4a0d754419bdb080a,285,264,0xc7f1dce49db860c865ce34e4eb65dbef625919ef,rejected,10,11,
23401804,0xadf8b6f93be9788dbeeaab9695f6335e4a50a9e03755b9248ff8d255c37628d3,285,264,0xc7f1dce49db860c865ce34e4eb65dbef625919ef,accepted,15,11,2
23404596,0x87c089b2ccad5d76598a27945d2bc45a5d015892d05e91b8cac7ff051bda6849,11,75,0x22b033b7212cb9b8a8bce73dbad80ed77a229322,rejected,5,9,
23408618,0x2a5c9e2f4e5ca518aa8bc4072fa632a9d21c867ef6d20f7b35323566b71be816,11,53,0xe0be2740456040536765022e7db612418e3de99e,accepted,20,9,3
23434282,0xa152b090ccefdc4d32cf06ca6ada34aa6b33831d3ae0fd6181d0166833901fe4,117,55,0xac0e67aaaa15dc791153b64df4a9d121dce797e5,rejected,10,11,
23436028,0x32c3faa8a6cbdf2c39b2b45263fa7f086d60f7f42d94b2c1184cf0cd53cc1a59,188,55,0xac0e67aaaa15dc791153b64df4a9d121dce797e5,accepted,10,10,4
23436191,0x5f971a3de922ebc43ffa1310efa7b003e06bc504a6720e1ef5c00c756841ee0a,173,44,0xf04ecec3cac1ad5e55e03cb5842b07be2c2249c9,accepted,10,10,5
23440194,0xe9e62284fe5313af0ceab63e739191f3ab9a48635c5874b32fb677d32f9bd1d6,117,196,0xac0e67aaaa15dc791153b64df4a9d121dce797e5,accepted,20,11,6
23445828,0xd5c47324546726a4d2b61fc6b76b60acc601307ef1c864b0d961e7b38fdd1f0f,75,315,0xec0408f9fb4c25a98e60b6e5715cd059b1fa172f,rejected,10,11,
23445919,0x04b2d5d3b0fa60144c4a06e770b3d05ab8ec64a231630baafec2d4dbbc5ee219,175,295,0xec0408f9fb4c25a98e60b6e5715cd059b1fa172f,rejected,10,11,
23453284,0x39c174c39e26b0d6cb98448b55f1658ecf220e3d9230ca67a8b02c205f70b2c2,323,115,0x46f440d3d4e6466034b2a5034fc501ac0a31bf29,accepted,10,10,7
23457385,0x5bc6f8634aabb2d0a5766e4c4ea51ff925a8979dc65b6d5fbb50be2e4a269640,321,213,0xccde496b83c644f779e5b6fcc0cc4a5c276fa5d4,accepted,10,10,8
23460585,0x86cd7f666c6071603d9f8065db558b5933d6c17291295176efb362073d1d349f,182,271,0xd00226b73bab097e97c6df416dc031df7c4b5af1,rejected,5,10,
23464697,0xed541bff837793f7538b7219bbc17f419659e0cd742c1caf7c8c72dc26ae07fe,175,295,0xec0408f9fb4c25a98e60b6e5715cd059b1fa172f,accepted,15,11,9
23464812,0xaff2bc0dec583f0f852d4dc93c7dad76ccbd1322020a5e64bdc561731520dedf,328,315,0xec0408f9fb4c25a98e60b6e5715cd059b1fa172f,rejected,5,10,
23465438,0x02102aaa66c0c90a1715906b907415390755c26645b86b2baff59e13e4835a06,328,141,0x88c58b42f2783131d51a58af7f1a9b491089afeb,accepted,15,10,10
23465981,0xdc11f2a8eccda7b0a1677124da88cbf308ac8b6a07cc6753badf85eda07627db,42,116,0xb39e79d3540fc34f516af70574b94d4ef8f885d2,rejected,10,11,
23466105,0x8db83b6c125f0f7b2cad182c68f468176ab42f2f7d44807c3003e282ebbe09d8,42,30,0xb39e79d3540fc34f516af70574b94d4ef8f885d2,accepted,15,11,11
23471723,0x5e7440572eeb5d35479493b5329a08d19794d3c647bfeda8416dd327943cb267,305,4,0x1a3a0e6f222e823cc8d0f39d87042f88ab763872,rejected,10,11,
23471776,0x016f1d06bbc7120239398538840e72c23db3657d7134433581c9d88dc8815afc,187,320,0xa754afb7549fce6e666bfcd6d4a4064c7d732d0e,accepted,10,9,12
23472053,0xc08bd2d6a4c7f99624b038a08294d61a63a3030574e6dee7dd0376eda477ae1f,305,306,0xa754afb7549fce6e666bfcd6d4a4064c7d732d0e,accepted,20,11,13
23475303,0x45de46bf7a6e721a5d9c4bd77a7c698dd3e885a866fb5affa81c605470d0ef0b,177,6,0x1a3a0e6f222e823cc8d0f39d87042f88ab763872,accepted,10,10,14
23475588,0xb162f1734c11067e334d5106665d2f2fce81e8e4379e38b777b06da8a37dea66,186,4,0x1a3a0e6f222e823cc8d0f39d87042f88ab763872,rejected,10,11,
23475781,0xd96ecd90a36567c4591add77e80b30d0fbe6f159ae2080fa62c07865512749d0,98,4,0x1a3a0e6f222e823cc8d0f39d87042f88ab763872,rejected,10,11,
23475862,0x12affb80e3adac34e30cf6039a299c7c85c55f539a0b898fb4ab26e96ca7dda2,98,4,0x1a3a0e6f222e823cc8d0f39d87042f88ab763872,accepted,15,11,15
23481414,0xb070f04986c762922a930f9576e312098eb1f9fc05d9e20e7a4a50348b0f292b,176,27,0x81b4bf458a73ea46fadd46ee8236e5f94c4eb8e0,rejected,10,11,
23484278,0xc53053d4bef150b3acdc59a48e372d4024a88ee79cb8394a3381c72761678167,180,288,0xaa3b48bac2fedc58a564904d27911392ca1f84ba,accepted,10,10,16
23509529,0x36aa21458fe9bfdb820d38c1e924cdd6024bd046f73f8dd3c3075512c92f9124,220,271,0xd00226b73bab097e97c6df416dc031df7c4b5af1,rejected,10,11,
23509535,0x9f6915b0d5f53f169952bf42b13f4fb81a80a2c2792d9f7799bcc5ee4efae80e,27,76,0x3f62ae0c7ed24dcd2b52c1c224296519b02df00d,accepted,10,9,17
23517708,0x47cc06059b5e18b1abfb88d7ce0256f10dae58fae1ae25eee8983425e7a94712,15,215,0x979358182743d44831696146a36aecf1ebbe7325,accepted,10,10,18
23537164,0xfe7f25aabd0abd28650a22fea10127543860578ba7faa3f8327931f6ba065c3b,246,161,0xe79ca7d5c265c93be2b23e4e04ba9d8357622db7,rejected,5,9,
23538235,0x988991c2074227d58fc45f3961c9db1d669b518ccf62603758ffe489e1daf7a9,246,161,0xe79ca7d5c265c93be2b23e4e04ba9d8357622db7,accepted,15,9,19
23543520,0x86a81d54cd3392dd47e9abd99a609310daa6d592f2d1978d8e498b7987905414,220,142,0x22fdae531a69647a0ade9154093ac83769f9dc49,accepted,15,11,20
23565205,0x4cc782b28613323966287220da552c38a0665b607c07c4a1ce69ce9322f699a2,79,271,0xd00226b73bab097e97c6df416dc031df7c4b5af1,rejected,5,11,
23565341,0x977a965d5cc138b0504c434fd453c51604875b33a1c2d22ad942f23c4c649cc3,1,271,0xd00226b73bab097e97c6df416dc031df7c4b5af1,rejected,10,11,
23565445,0x186ddf7e4b967cc59068ed5f2eebb253513dd7b3880b0aeeff12c81b7ff92841,211,271,0xd00226b73bab097e97c6df416dc031df7c4b5af1,accepted,10,10,21
23568822,0x880b9bc8fd712432b71f247916310cdd64688b5955be01cdc683a3966c57c785,186,227,0xcf9ca4ebf3ed44342d01d6aa5bd48f61976d16a3,accepted,20,11,22
23575375,0xe58704267f20b08665162dd6d817e4fb29bdeb2eab14b209faa66c05ed6bd153,285,148,0x9628149b8268f15adc99911e64a79cdea7fb71ab,rejected,10,11,
23576480,0x316a4de9d2e6429acae6c3f9dd5745792716ee2c52dbd883cd5417a0dbca165a,23,47,0x9fe1c07a4b2ee2842eee679ae719bb23ed341c18,rejected,10,11,
23588530,0x5c475a756c6f6a044ebec881aca7a7337c0705d2c0ef6b0e2fd8670a47f74623,284,285,0x27f48de5e0605da8b2a52ddfd06f6d273b804336,rejected,10,11,
23588581,0x9284d2e11f75a72786cc4d853cfd72c085cd2fc430ba1ca6e92e25b72c6a3675,284,285,0x27f48de5e0605da8b2a52ddfd06f6d273b804336,accepted,15,11,23
23590782,0x935b93d4b0a6282177671ab89b12ec3fa73eaf07fceb79a4250ceaea2a927e8c,77,247,0xc7f1dce49db860c865ce34e4eb65dbef625919ef,rejected,10,11,
23590929,0xa0e685d22f62ddc924df240fbb5d25f0d955be6da248d7957dcf2c3b530d1061,77,247,0xc7f1dce49db860c865ce34e4eb65dbef625919ef,accepted,20,11,24
23615213,0xc0d41e6c84c1a2b8bd3fb6b18bbd57c0f5fa468aebe1f92e7d7dbbafdf8f7d7e,185,159,0x574b60bc1a42becb1de3972751e9238c26c9cccf,rejected,10,11,
23615876,0x9e55006237f0df0f0e036fdd0744db21bf81fcbea5df3dd94cfbc001d4e373cf,216,159,0x574b60bc1a42becb1de3972751e9238c26c9cccf,rejected,10,11,
23690804,0x353b5ddfb28db6b3795c7f09e5e933d747f067fac817e0a68bd9d8f7d6b40f62,215,115,0x46f440d3d4e6466034b2a5034fc501ac0a31bf29,accepted,10,10,25
23702109,0xe1847b880e6183d389e32732ea0616b688cbf34ff3ce64c893d135d5294b97be,185,27,0x81b4bf458a73ea46fadd46ee8236e5f94c4eb8e0,accepted,15,11,26
