fly,route,egg_or_pupa,block,owner,mother,father,seed,pick,maternal_loci,mutated_loci,genome
334,egg,1,23400763,0x1df89c0350e94575d0e20fd86c12e2a38e4c0ce1,247,324,0xd16fc25e9a2e6d3de10e93304dd3357085906c0b7424a144cedca66ee9b88c29,,32,0 52 61,fc756d3b 08a7e602 00000000 1a0b1804 6bd2306a 00000000 d0c88bc5 c6bc4064 00000000 00000000 690c716d 00000000 00000000 81c04b87 00000000 4f377589 00000000 00000000 00000000 7410b13f 00000000 00000000 d1090809 00000000 00000000 00000000 d55561d5 00000000 00000000 00000000 00000000 00000000 00000000 9218ac91 84dfa8fc a1a830b4 e25ae437 00000000 00000000 00000000 00000000 00000000 a8918d4a a2aad8b5 00000000 550922cc 00000000 00000000 2d283f0a 450cc4d5 00000000 2dc09e9f 6528f56b 00000000 dcd42ba0 00000000 00000000 00000000 00000000 00000000 00000000 fc03917e 40d22349 a70e23ab
335,egg,2,23401865,0xc7f1dce49db860c865ce34e4eb65dbef625919ef,285,264,0x5aee9461a39081e6646eae65ee0579ba09f8260b95661dbacbad975fd7d6230f,,39,27,00000000 62cd0729 19195e2e 2421f61b 00000000 fc54f4e6 00000000 00000000 00000000 00000000 1d4971ba cb7a00b8 00000000 00000000 00000000 00000000 00000000 00000000 00000000 0f83a618 00000000 00000000 00000000 6e50cb7a 00000000 00000000 00000000 29538088 00000000 00000000 00000000 fe1eec65 b4fd53f9 707c9cfd 00000000 af1a8fcc 60637dbc 00000000 00000000 00000000 00000000 00000000 eb3fb6db 9f37c34c 5fbc81fb a9538919 00000000 00000000 fe913512 3c284320 bd6f5159 00000000 00000000 6e7f9f00 00000000 00000000 00a327a4 00000000 00000000 764c18ed 00000000 13026a22 f26bef9e 47227c01
336,pupa,1,23407512,0x27f48de5e0605da8b2a52ddfd06f6d273b804336,11,285,0x8b1726f75438b7351974e20f6ede1103f8a7c281ccb0341c90742547ebc5b1a5,0,31,35,00000000 62cd0729 1dd08660 2421f61b 641b95f9 00000000 81313473 00000000 72f9767b 00000000 0e14c018 4727a490 a3a89731 00000000 38f624a1 8131e8bb 00000000 00000000 00000000 00000000 00000000 00000000 00000000 00000000 ebd5b200 00000000 00000000 00000000 00000000 08cd2013 00000000 ab842b57 c851658c 3c84d541 e6cdf28c fbeb1b4d 60637dbc 00000000 698bbdd3 85832ba0 00000000 00000000 b04e5ce8 5fce37d2 5fbc81fb 00000000 386ffef2 00000000 fe913512 00000000 00000000 00000000 00000000 00000000 00000000 00000000 00a327a4 00000000 00000000 764c18ed 4f6a1ae3 00000000 f26bef9e a8043922
337,egg,4,23436181,0xac0e67aaaa15dc791153b64df4a9d121dce797e5,188,55,0x17a0e148460e8cab4e24ce44e9659f2ce2157d5f607e1fbebe5e11b4bbea1065,,33,,e3aada33 00000000 00000000 00000000 f560ef33 4ed49646 00000000 00000000 fb199c8d b3fe760e e84caadd ea3ddf23 234fb48a 15315f0a b9e3e63e 90545a9b 18cc3ec8 823817d7 354f4639 00000000 00000000 00000000 00000000 00000000 00000000 00000000 b08bf923 00000000 d45e2115 00000000 af0c40dc b97aa5d0 76da27e7 4f0f6940 c415c6ab ed1bdaab 0d221e34 927931c4 00000000 463a37e1 ffb0b0f3 5c81ef87 f3bda145 00000000 9569407d 00000000 9fd6fd13 00000000 ef87da12 0818ec68 b655bcf6 83df2022 09e3e3a9 00000000 8ee49221 00000000 152b790c 00000000 00000000 1594850a 37573f21 00000000 00000000 00000000
338,egg,6,23440233,0xac0e67aaaa15dc791153b64df4a9d121dce797e5,117,196,0x230edcf24fdf3efa02325db7bae81191553198fe3013a9ba5644f56374347d3c,,33,35,dbb21f3e 00000000 00000000 00000000 ffbef3e0 2bb05203 e2aee32b 00000000 00000000 dd9bb852 ae4c111c e71b0fc9 f771e7e1 ecfa3dfd 39d01142 c7bbd90d cab55870 00000000 00000000 00000000 9e950beb 00000000 33d1c6ec f1164f46 9ea15478 938212de 00000000 00000000 6eb2f16f 282e56e6 cb305394 00000000 24c514f7 2ba0ca7c 195df2ca 7666ccb8 00000000 00000000 00000000 00000000 bf5076c5 6d814df9 00000000 b393f4de 10341937 206b0973 27371672 00000000 00000000 dfee310f 00000000 00000000 00000000 0c494b7a 5c4e14c8 00000000 00000000 00000000 00000000 00000000 54b76276 1aa00e4b 54fc66b9 00000000
339,pupa,2,23443868,0x574b60bc1a42becb1de3972751e9238c26c9cccf,188,176,0x3f3f6613c0189f02d4fff85618b1d788b503a232878935367917a27488ce526e,1,30,49,d14dc5a4 00000000 00000000 a2d74da9 00000000 4ed49646 00000000 4008ab3a 2d3698ad c29ae7ec 00000000 88bbba77 234fb48a 00000000 b635f548 daa43a09 00000000 823817d7 73ee8707 00000000 00000000 00000000 00000000 00000000 dd62fa1d 10641abc f628f520 00000000 0052e531 00000000 00000000 b97aa5d0 c8a33aec 3c26ced5 c415c6ab 00000000 0d221e34 927931c4 df3e090c 28cf6118 e87c192f a9e739ef e17ac633 9f21cbf8 6aa187a7 00000000 8887a9c8 b0ffe40a 26340f75 8c8225c3 b655bcf6 00000000 09e3e3a9 00000000 9632c3f7 8680437c 05c9e426 1052df1c b2f6ef32 1594850a 37573f21 00000000 00000000 00000000
340,egg,7,23453910,0x46f440d3d4e6466034b2a5034fc501ac0a31bf29,323,115,0xb8f3288619998d5f11194fed62cbb8cb551b1724d5d8c21a78b11dd0d3ec0ac5,,31,50,00000000 00000000 00000000 27ff3d4e 00000000 00000000 00000000 00000000 00000000 00000000 00000000 00000000 00000000 7135a3de 2937f93b 00000000 00000000 83ed2f4f 95c4a9e0 13cd9dc9 00000000 8aeb75a3 00000000 00000000 6dc6c77e 00000000 00000000 56958187 a9a0e723 ada90430 00000000 00000000 00000000 00000000 00000000 2e03ce74 00000000 00000000 00000000 fa83ef72 00000000 78954753 97d54707 00000000 78893121 7190ace1 f5055743 8408b686 05c53d6f f4a5052b 5046172d 00000000 e2e9fc56 00000000 00000000 00000000 00000000 43acd96e 00000000 00000000 00000000 e3e10d1e 3628d282 00000000
341,egg,8,23457488,0xccde496b83c644f779e5b6fcc0cc4a5c276fa5d4,321,213,0xaf5ca81c153a8a0b5e9fd5241e7d5d07cd793f21e135015bddbb5aa454b06b82,,31,58,cd68dfef 00000000 00000000 00000000 00000000 534d6fbb 00000000 00000000 c7af55b9 4acd1f17 00000000 bb780dcf 00000000 00000000 00000000 00000000 828f5699 00000000 00000000 00000000 1f6602d3 00000000 00000000 00000000 00000000 00000000 00000000 d537322a 8501e357 2b3bea5b c08eb5fc 00000000 6dd113a2 10d351b3 00000000 00000000 7403499e 00000000 48206982 00000000 00000000 00000000 0e9185e7 dda92f5e f24aea0d 8a3185f1 37c68fc5 00000000 2b828d32 8805c370 00000000 00000000 3867d628 b70b5805 ce30d76d dc5236b5 351d3532 00000000 810111dd bc69fe20 00000000 791a3635 00000000 89ddc7a3
342,egg,10,23465500,0x88c58b42f2783131d51a58af7f1a9b491089afeb,328,141,0x431d81201a9e2263c440dd132a7f4f5f59388722e179d7b028c1e2631ccd403e,,26,6 45,70428311 fc666efa 00000000 2c80db64 00000000 ea255dfc e823a3ec 00000000 4add35e3 00000000 00000000 95fe58fe 2a756bf7 00000000 78530364 00000000 00000000 f55a11a9 00000000 00000000 8855f6a8 36ab1afb 00000000 12da4d5f 22484659 eae01172 86131a59 7d46a538 00000000 00000000 91efded8 4def3687 00000000 b21ba7cc 8090873b 00000000 1bb057bf 1a6a3d2d d46a7981 00000000 00000000 a2df7e5f 9fba2700 5700a002 b71cbf63 94e3696b ab8e85cb 2c9edac7 00000000 01d1c8d7 dc8effb8 4ef49326 00000000 92578d17 0b34bef4 52987be5 6287c670 f708dd26 00000000 00000000 e0823821 00000000 2d266212 00000000
343,egg,11,23466201,0xb39e79d3540fc34f516af70574b94d4ef8f885d2,42,30,0x94ca3220971852c8f2a36beba84f1c07fcbb57ecd7a9df0203a7228ba2eb6b06,,29,34,a05f42b6 c4b2c125 00000000 387b121c 4e735ee0 00000000 00000000 00000000 00000000 6f5b1773 00000000 359578a1 424b474b 251203eb 00000000 4005e5ac fe9e1c5e 4bfb02a3 2391f757 00000000 e5f46fdb 8c6a6bb8 24e89967 00000000 00000000 0065ff48 00000000 41b0eb4d e702ed97 00000000 00000000 478906ff 00000000 00000000 a3f3918c 00000000 7feb9298 4d3aa890 00000000 00000000 6bea3144 00000000 43e66f9d bfcd114c 00000000 55df78f5 15321070 00000000 00000000 a7371478 00000000 00000000 846974dd f49c1585 00000000 9e55f934 cd78deb9 6c5a5173 00000000 00000000 00000000 00000000 ff7d7c0c df66b938
344,egg,12,23471828,0xa754afb7549fce6e666bfcd6d4a4064c7d732d0e,187,320,0xfe9a31222565136415cd46fcd68970f9b4f446a88c3afda8938f8dad5405d8de,,32,32 62,00000000 6bd5c722 00000000 92942d18 96951314 00000000 6391cf79 00000000 ac671140 7da351d4 00000000 00000000 00000000 00000000 f12215ca 00000000 fe483cd6 d818f59d 00000000 008a4c92 00000000 06c8fa64 c91f2dca 00000000 00000000 00000000 a7f63c14 00000000 00000000 e2c57937 00000000 99b361f4 546faa64 00000000 ae763b4d 07d1fe88 10b1f194 00000000 08cba4cb 0f537dd0 068c3d64 00000000 00647a79 00000000 00000000 00000000 b7e8b4d1 42b2267f 00000000 464286ef 00000000 00000000 0f55806b 26b727cf b1409e28 00000000 00000000 00000000 52e1fad1 870646a0 00000000 00000000 2c3a2b20 00000000
345,egg,13,23472093,0xa754afb7549fce6e666bfcd6d4a4064c7d732d0e,305,306,0x88ec6957b249d3d41a2010e25beba93acb6cff7663a31731bb317f2b52764ad1,,33,6 28,00000000 339540a8 00000000 00000000 b8007d06 00000000 353f3b49 a77b296e 953749b3 7512ef30 00000000 e2dbb512 ea8fb3dc 5d072863 00000000 00000000 00000000 00000000 579fe1eb 00000000 00000000 0d6a0cfb ab666070 ec65f538 04623b0c 44920a13 548efda8 00000000 cedb9b75 00000000 e97ef525 55be7d5d 6957de4c 00000000 87f41e0d 00000000 431d1c27 ffacf366 00000000 00000000 7f6eac78 62af1b77 00000000 1f89fd31 19518b03 e4146527 583ae6bd 3fac7d5c 00000000 4ad389f9 00000000 300caf2f df66e21c 8f887d5d 00000000 62c8d54c 00000000 016d7caf e56d5bf0 6291b551 00000000 cbf289e5 00000000 d6701710
346,egg,9,23474865,0xec0408f9fb4c25a98e60b6e5715cd059b1fa172f,175,295,0xc3b3d4cb93ec0d824e4348f6e9744a2a4dcc0810998cc151f37450edca4a4d3f,,35,,00000000 c0fb1133 00000000 1cb35868 f766b3b5 00000000 04ece96d 00000000 00000000 22c60e2e 00000000 00000000 00000000 00000000 891da1ab 1e4eda0f 1751edf2 00000000 1cee0cc5 00000000 108f86e6 caa04675 95a78165 05721097 00000000 a738ff9b 3f7f0893 00000000 00000000 00000000 91a64c35 00000000 00000000 a8f49e58 00000000 56fc2ebb 00000000 00000000 2f6505d1 00000000 00000000 00000000 00000000 900745bf 00000000 9a551a4f 00000000 c9866c93 00000000 39d27c03 4f78708d 00000000 00000000 a75bd425 00000000 e0a86db3 00000000 7a4d5a0c 00000000 7c36310f 06a2cb48 00000000 f242eada 00000000
347,egg,14,23475339,0x1a3a0e6f222e823cc8d0f39d87042f88ab763872,177,6,0x39696937f25b8ab39299166cd49e3990738227d5af5d6e22abcffb7feb807976,,41,29,d7763cfd 00000000 00000000 574f9fe7 be43b7a1 00000000 00000000 00000000 251078dd 00000000 00000000 00000000 7c09c3f0 00000000 a364da08 00000000 c1e3dbe9 00000000 00000000 00000000 907be325 6c407ada e4143188 a9732cf2 00000000 00000000 00000000 00000000 978bfa69 8230981b 00000000 00000000 00000000 00000000 20b47460 da280fed 5a3fae82 6341f0d0 00000000 00000000 c5fdae70 76da3101 180514bd dbab4b1a a1481ec1 00000000 00000000 b88771c6 ad2939e2 00000000 00000000 dadd5ea9 245b554c 00000000 5c508037 00000000 84161b65 00000000 00000000 00000000 c5640200 2821ab13 0e7cf928 37b55730
348,egg,15,23475916,0x1a3a0e6f222e823cc8d0f39d87042f88ab763872,98,4,0x2c92e46b57dea947029f1c94bbfd86297bba381ed055f6188e90fff0e2d3e902,,32,4 30 34,b0b14b31 9ab9fb11 fd3f8ff4 6c071beb eec2756d 947a4088 133b7de3 e8884f02 00000000 00000000 e2ec7fd1 3e559288 429abdc7 00000000 9490ec19 00000000 00000000 00000000 00000000 3c422bd7 0ea5b264 3d6200cb 00000000 e728d63e 00000000 632603f7 00000000 44d35086 00000000 00000000 9616211d 5344f992 365ade66 d7348255 9936f8db 00000000 0af23358 50c61494 00000000 00000000 00000000 90135e81 f1f65c2d 00000000 3778a836 c94d91f1 00000000 00000000 00000000 00000000 126f7152 4a629f2f 46f804f8 00000000 00000000 b4033850 00000000 00000000 6683a2e9 4bfe5da3 00000000 00000000 5688a1d9 e36ff1b1
349,pupa,9,23477744,0x3f62ae0c7ed24dcd2b52c1c224296519b02df00d,187,199,0xdd6b556be335bf9226fe342ade099651f660bdef41f2adee4670bc7231770453,0,28,4 27 49,d681bd4c 6bd5c722 e6c48459 add5873b 624dfbb4 f4dd37b1 6391cf79 00000000 3666dc9b 3646a4af 3d58c3e3 00000000 00000000 08cb21af 1544c570 4302be4f fe483cd6 00000000 00000000 00000000 03831518 f2957248 00000000 00000000 5f76b883 41165085 4cfab60b d38eb174 00000000 c469ca8a 00000000 2cd76272 9203a336 00000000 fd40c8cf b38f9da2 00000000 00000000 b621c67b 00000000 00000000 00000000 00647a79 00000000 d38e43ea 25eedc88 ff8b9d88 42b2267f 00000000 c75c957d 65c3936d 00000000 00000000 00000000 70543fce 4899d37d 00000000 00000000 00000000 00000000 00000000 00000000 d562a468 00000000
350,pupa,10,23478217,0x3f62ae0c7ed24dcd2b52c1c224296519b02df00d,55,305,0x67fad2a395164186ba8841ed3289cbfac623f0e47e7dde3af7dd14d8bae9c0e7,0,36,25,38379121 00000000 00000000 00000000 b8007d06 0d2a9434 00000000 00000000 00000000 7512ef30 00000000 e2dbb512 00000000 00000000 b9e3e63e 90545a9b 18cc3ec8 00000000 579fe1eb 00000000 00000000 00000000 96d47763 e209462b 4a281cf9 9c252b34 00000000 abcdaaa6 640b61ce b5ecd79c e97ef525 8d4742b9 6957de4c 00000000 699135a4 ed1bdaab 6d8b22e8 ffacf366 00000000 1539562b 7f6eac78 62af1b77 f3bda145 1f89fd31 891fe4f3 e4146527 583ae6bd a3c2aa79 ef87da12 e0a67272 8ce0d47f d65e6ada 00000000 8f887d5d 3049f8b6 00000000 152b790c ddc0e93d 61903318 6291b551 6b964e3b 535e70e3 00000000 00000000
351,pupa,3,23481915,0x81b4bf458a73ea46fadd46ee8236e5f94c4eb8e0,55,188,0xe5aea58d40c88505175acb0a20ba0a216a35bde5b016ed4f8ea0127b63edcf88,1,32,61,e3aada33 00000000 00000000 00000000 00000000 4ed49646 00000000 00000000 fb199c8d b3fe760e e84caadd ea3ddf23 234fb48a cd2692d1 b9e3e63e 90545a9b 18cc3ec8 823817d7 354f4639 00000000 28087165 00000000 96d47763 e209462b 00000000 00000000 d38c0c17 00000000 d45e2115 b5ecd79c af0c40dc b97aa5d0 76da27e7 4f0f6940 c415c6ab ed1bdaab 6d8b22e8 00000000 00000000 463a37e1 ffb0b0f3 5c81ef87 025d9883 06916daa 891fe4f3 00000000 00000000 b0ffe40a 26340f75 0818ec68 b655bcf6 83df2022 09e3e3a9 00000000 8ee49221 00000000 05c9e426 ddc0e93d 61903318 00000000 37573f21 b5b7f6fc 00000000 00000000
352,pupa,12,23499323,0x1a838bc693fb8eb08861505564e2ceeb229702a4,6,177,0x6df310c03b346149548e6c05686e8f99738fb6ded7867208c1707a23c72c89a4,0,28,0 57,ef7038e0 00000000 3ea3fbba 00000000 be43b7a1 7ed3427a 00000000 00000000 00000000 00000000 00000000 00000000 7c09c3f0 00000000 a364da08 00000000 18062d28 00000000 00000000 00000000 00000000 6c407ada 00000000 a9732cf2 00000000 19f6da91 00000000 00000000 00000000 f89cc8a8 00000000 935385a9 00000000 00000000 20b47460 da280fed 5a3fae82 00000000 00000000 6260edf1 c5fdae70 82a21cae a3994495 00000000 68c6bef6 c77cea17 00000000 b88771c6 ad2939e2 00000000 00000000 dadd5ea9 245b554c 00000000 e550655f 00000000 00000000 32bd871e 00000000 00000000 eb3a87b3 2821ab13 0e7cf928 c6b25053
353,pupa,6,23507326,0x65d3f783f7a9f2a30cf70a8b3f6789fe98779086,196,287,0x01b343e2c3836c7f03bba3b23f88e5da6e2155ccb1846d1e1bf37a5d6330bf31,0,34,3 48 57,dbb21f3e 00000000 00000000 38c3e839 15b1ffeb 00000000 c64aee46 00000000 00000000 dd9bb852 00000000 00000000 d89070b3 00000000 00000000 c7bbd90d c8ac2f08 33465c12 112b2cce fb2f0078 71b2c2c2 00000000 00000000 00000000 9ea15478 938212de 28e866c3 64089a11 00000000 00000000 00000000 8d311141 00000000 00000000 195df2ca 604a0fa9 00000000 93e5ec3d d7125cc8 00000000 00000000 6d814df9 6222ee19 b393f4de 71ac8dfa 00000000 00000000 00000000 76f514c8 dfee310f 65959e09 ddd751cf 00000000 0c494b7a 00000000 00000000 00000000 1f1449d7 a7e05576 00000000 5d9bf3c3 b95bb02a 00000000 00000000
354,pupa,5,23507451,0x65d3f783f7a9f2a30cf70a8b3f6789fe98779086,196,141,0xfd20a8065c254afe0953dd14de39dca61aa6d5a6974e248a5bf3e41ec17c13b9,0,34,31,dbb21f3e 75799cac 00000000 5eab41ff 15b1ffeb 00000000 00000000 00000000 00000000 dd9bb852 00000000 95fe58fe d89070b3 00000000 ce1e535e 00000000 6c2cb2e7 f55a11a9 e6acc291 00000000 71b2c2c2 00000000 33d1c6ec 00000000 9ea15478 eae01172 c34c314e 0b99a299 5d8d5f67 00000000 00000000 04dd0443 00000000 ccd7c879 195df2ca 604a0fa9 00000000 0a78ebc4 2412ae73 00000000 00000000 2b6e5bcc 4e265b14 5700a002 b71cbf63 00000000 00000000 00000000 00000000 dfee310f dc8effb8 4ef49326 00000000 0c494b7a 00000000 00000000 00000000 69b0bd23 00000000 00000000 5d9bf3c3 00000000 b043c619 00000000
355,pupa,4,23507555,0x65d3f783f7a9f2a30cf70a8b3f6789fe98779086,328,323,0x51e335ce3eda9d266040eb45653cadf47db72528350f2fa5d7dece7df7a6ef7e,0,46,38 53,00000000 fc666efa 00000000 2c80db64 00000000 ea255dfc 00000000 00000000 00000000 d7c9e730 00000000 331d53d0 be6cf721 41d140b4 78530364 16583df1 00000000 24d6d7bb 00000000 13cd9dc9 00000000 4c8d4dc2 00000000 12da4d5f d0414eeb 8ca58645 86131a59 00000000 00000000 14a6ca13 00000000 00000000 00000000 06f297e3 00000000 00000000 43b55f62 1a6a3d2d 949a84b1 fa83ef72 00000000 a2df7e5f 46391c58 104b3368 78893121 9a186a2c ab8e85cb 2c9edac7 05c53d6f 00000000 00000000 00000000 5274082d d5dca0d5 0b34bef4 52987be5 00000000 7dacab19 1edb13e7 00000000 6d6a1c64 e3e10d1e 00000000 440ee994
356,egg,17,23509722,0x3f62ae0c7ed24dcd2b52c1c224296519b02df00d,27,76,0x2b4e2469cb4a8d55d449bdcd2b819f04075d660ff59ae258469efa92bb107e56,,33,29,871aa17a 00000000 00000000 1d55998e fd18c942 9adde1ca 00000000 f257540f 31993a56 38b1e826 00000000 6a06f88e 00000000 d974b0c2 3fd9c314 00000000 00000000 9323e15e 507436a6 00000000 00000000 00000000 00000000 00000000 bcf9906e 00000000 00000000 00000000 00000000 b3474b28 4e8c5530 728bbbbf f4fc4b0b 5918761e 76fa5164 00000000 00000000 a384f6c3 00000000 98fabd1d 00000000 00000000 4e973f5e 39934161 d364ef65 9e9cbd83 06b0ffd2 35d8a7b5 00000000 702487e0 00000000 00000000 00000000 00000000 00000000 00000000 00000000 00000000 00000000 3f1f6644 fd1ea76c 00000000 00000000 f3167a46
357,pupa,8,23510382,0x3f62ae0c7ed24dcd2b52c1c224296519b02df00d,286,199,0x9c667b259be321931af11cf4935861bf95ea0bf03b28c333d0079bcba27a456b,0,32,,00000000 691fafa0 e6c48459 510fe4e9 e009b18c 4d906bb8 9e47f2af 00000000 0e88e5aa 3646a4af 00000000 00000000 00000000 08cb21af 977dbf85 4302be4f 00000000 c57d740c 4597f19c 00000000 0e6583e4 00000000 713c1285 00000000 00000000 13f88e45 4cfab60b 00000000 a3ed3c12 b879e5c4 00000000 10a1e671 95a623ad 3ade9d3f fd40c8cf 00000000 00000000 a5e6911f 00000000 b391b646 f34611e7 411e6732 00000000 00000000 155356c0 00000000 ff8b9d88 00000000 f612e7f9 00000000 00000000 00000000 00000000 50ab79a1 00000000 4899d37d 00000000 00000000 298c96ae 00000000 00000000 00000000 00000000 00000000
358,pupa,7,23510812,0x3f62ae0c7ed24dcd2b52c1c224296519b02df00d,287,286,0xf02c800be7b50501602f49cfad3489044470d00b3962c6ed51eca997e05b990a,0,31,25,00000000 00000000 00000000 00000000 00000000 4d906bb8 9e47f2af 00000000 d235774f c758e3b5 00000000 00000000 00000000 4df467a4 977dbf85 00000000 c8ac2f08 33465c12 00000000 fb2f0078 faad7bb5 00000000 00000000 00000000 00000000 017eb3ae b862d3e2 00000000 00000000 a6376c12 00000000 8d311141 00000000 00000000 6ddd614c 00000000 12087f3c 4777d0bb 00000000 00000000 00000000 411e6732 76f22966 6e637162 155356c0 33cef482 87894568 00000000 f612e7f9 00000000 65959e09 ddd751cf 00000000 6654d8c0 00000000 ec25d622 00000000 b89fbf5d 00000000 00000000 00000000 5fdeec88 00000000 00000000
359,pupa,15,23514748,0x65d3f783f7a9f2a30cf70a8b3f6789fe98779086,15,181,0x758b99dfebd43eb35aa09516953b13bb1d78f43b06fedffb890ff279c0dcee7e,0,36,42 53,00000000 d91c5551 2eb8aa97 1eaa9dc5 053b7794 00000000 7e113263 f7427853 373b4208 b409a1bf 2b8e0038 00000000 00000000 cf796f73 00000000 00000000 4b04e5ed 288f2d6c 00000000 00000000 00000000 00000000 00000000 e6abc3d6 3f733ea2 c98dd9ab c3af612b 90a62ea1 00000000 00000000 00000000 8d20803e c5e654d5 cd160e44 4d3ffb90 00000000 9ff00764 cfb55ed6 a3760d15 2a40250a 6b4159ef 83a05991 9742a8ca 00000000 37263b8e 00000000 446dd15b 4f2e5c5d 00000000 00000000 00000000 00000000 1a8cb520 1b67e5ef 00000000 42f2b8c4 2be2d088 995d665b 00000000 00000000 00000000 a16b8a11 00000000 00000000
360,pupa,16,23525827,0x81b4bf458a73ea46fadd46ee8236e5f94c4eb8e0,117,188,0x72599489261918c20b488f382c0b4346c3439bcee96de921a8ea5bd6914461f4,0,31,,e3aada33 00000000 00000000 a2d74da9 ffbef3e0 2bb05203 00000000 dbc318dc 00000000 c29ae7ec 00000000 00000000 234fb48a ecfa3dfd 39d01142 186413b5 00000000 823817d7 00000000 00000000 28087165 00000000 af8036db 00000000 7829c068 00000000 d38c0c17 00000000 6eb2f16f 00000000 00000000 a788877c 00000000 2ba0ca7c ae1e0fae 3b8568c9 bcb0637f 927931c4 00000000 15b6e89c bf5076c5 efafb501 025d9883 00000000 10341937 00000000 27371672 b0ffe40a 26340f75 95db650c b655bcf6 22fb20ab 09e3e3a9 4630ebb8 5c4e14c8 00000000 05c9e426 00000000 00000000 00000000 37573f21 f0407f25 00000000 00000000
361,egg,19,23540202,0xe79ca7d5c265c93be2b23e4e04ba9d8357622db7,246,161,0xa1a6ca27c5fbb4f66239ecef2d92d0038f74dc978f0b4ff64d61e908b54a094b,,27,,c8e8ae9c aacd2e8f 00000000 00000000 b436b640 00000000 00000000 31d29117 00000000 00000000 00000000 00000000 00000000 40e60a94 00000000 00000000 a640d85d f062b117 f1f1f6df 1c015805 00000000 00000000 f9e382a3 00000000 75f2f3cb aef7b1d9 00000000 f1e98280 5f216c9f c8194d0f 00000000 35d66e0d 00000000 41135bea 00000000 00000000 baf9199c 6237ffd5 00000000 246c4fd1 00000000 00000000 00000000 00000000 b316bab1 00000000 300cadee 00000000 3cf2e57a 0335f28d 00000000 98c87299 00000000 00000000 00000000 00000000 00000000 fb8c32af 47943ddf 0a478fa2 b8124fff 846b2612 1ad3d5db 00000000
362,egg,20,23543636,0x22fdae531a69647a0ade9154093ac83769f9dc49,220,142,0x0c5c7d673649588dfd44ddb7da1af945cf0e10761d5589aecbee5d3607c786d4,,35,,1bb28235 00000000 87db14eb 266513f4 36b6e676 00000000 00000000 248cfa2c 187734c5 00000000 8e719772 fefc5ed3 00000000 00000000 00000000 00000000 3e540b8c 00000000 04046608 00000000 33727544 00000000 7fd73505 00000000 d8a1b799 db490147 00000000 00000000 2346d74c 00000000 00000000 ec999af1 00000000 00000000 9a1bf1f9 bcac6145 06abd0d7 00000000 41be9129 be444f84 946582d2 00000000 00000000 00000000 88af6674 f80eb27a 2b3f9fa2 75063237 e58cb621 00000000 05d933d5 00000000 00000000 3937abdf 00000000 00000000 76f90810 00000000 26a275fc 00000000 00000000 986189ba 752ad14c 00000000
363,egg,21,23565527,0xd00226b73bab097e97c6df416dc031df7c4b5af1,211,271,0xec6a1e905c2c88bdad6d4223b9e905c39923146a09c0b755448736b7fddc6d48,,32,26 36 45,00000000 00000000 5d37cb5f 00000000 a31e3a6d 00000000 00000000 00000000 00000000 18be8447 6da21177 00000000 00000000 f78c79f1 cb2acacf 2d763897 d9a0c589 00000000 00000000 00000000 00000000 00000000 00b851f2 00000000 00000000 00000000 0ea4a8d2 00000000 00000000 00000000 54d6fe48 00000000 00000000 00000000 3fc51c6e 00000000 3ea3de70 00000000 00000000 500b6625 00000000 c4e77eb6 00000000 1f978817 cc0081bb 0f989cdc 37e3b1f2 00000000 00000000 00000000 00000000 00000000 00000000 00000000 00000000 00000000 5393c570 00000000 c17306ec 00000000 00000000 00000000 00000000 d9999a3e
364,egg,23,23589039,0x27f48de5e0605da8b2a52ddfd06f6d273b804336,284,285,0xd6fd53e36df1a6228722d248430fb8797e960abe63c2b4d9e58c929022a63c01,,24,,79de127a 62cd0729 19195e2e 2421f61b 641b95f9 00000000 81313473 8f038f45 00000000 00000000 85f92e64 07e58018 9fd5bee7 00000000 38f624a1 530a157d 00000000 451b8958 e160d144 00000000 00000000 00000000 00000000 23e0d50e 00000000 607038cc 00000000 f31a85ee 00000000 00000000 00000000 fe1eec65 b4fd53f9 707c9cfd 00000000 af1a8fcc 765ee455 00000000 00000000 9d23f32e 00000000 e17d6db7 eb3fb6db 5fce37d2 00000000 894d3b19 386ffef2 00000000 fe913512 00000000 bfcbf502 599a2e2a 00000000 6e7f9f00 20e81859 00000000 00000000 00000000 00000000 764c18ed d6c97d21 394a1183 00000000 00000000
365,egg,18,23647600,0x979358182743d44831696146a36aecf1ebbe7325,15,215,0x5b86cf172978e14855046394e2788b299ddc928ef16c47498e52261890de323a,,25,52 57,3f917682 d91c5551 6de3622c 1eaa9dc5 053b7794 00000000 c0542f36 5251f6da bd39ff6d b409a1bf 00000000 598663e4 60c62627 cf796f73 8fda2a58 00000000 66b83312 00000000 00000000 00000000 00000000 00000000 00000000 e6abc3d6 00000000 00000000 950f1fd9 00000000 00000000 00000000 00000000 8d20803e 00000000 8c59c092 00000000 00000000 9ff00764 84b30b8e e1ed5492 00000000 3e5cbcde 83a05991 b12e1be7 00000000 00000000 00000000 00000000 c2c5ff27 00000000 00000000 00000000 00000000 ee8b1664 6235c642 00000000 00000000 46bea063 e661cc6a dc3294d0 00000000 00000000 00000000 00000000 00000000
366,egg,26,23702211,0x81b4bf458a73ea46fadd46ee8236e5f94c4eb8e0,185,27,0x2027d2d67d4fe11903b9890877435a2d2908569e9ebc49952ff94fef264f9ed7,,38,1 16 19 46,00000000 52ac3860 00000000 00000000 00000000 00000000 7df6d643 dc31dfba 4e37ec48 4b3a0ca2 00000000 76c5567e 00000000 d974b0c2 3fd9c314 5c84a2c7 b8c08a9d f8d760ca 00000000 41923aad 00000000 4039e659 25fcdfc0 00000000 bcf9906e 00000000 00000000 00000000 00000000 c4b437be 46286202 728bbbbf 19c0b7f8 863f9e73 580a1571 9a970936 00000000 00aa1a1a 00000000 58490f1f 00000000 e03dd7f0 411a2549 15f0039b d364ef65 9e9cbd83 a2ce1d35 35d8a7b5 00000000 702487e0 00000000 703ab614 50f4baf3 00000000 4addf499 7d58958e b6b24efd 00000000 8bd139eb 00000000 ccef554c e1aeb5d0 00000000 00000000
