fly,tick_before,cell,segment,buckets,potential,fires_if_visited_within
4,115,16317,6,28 49,15040,3
4,115,40418,15,37 58,18492,5
4,115,67676,25,4 47,32000,6
4,115,103434,38,17 60,16384,4
4,115,131695,49,7 28,32000,6
4,115,138028,51,9 30,32000,6
4,115,141187,53,11 32,21120,5
6,24,58146,21,0 43,18432,5
6,24,82570,31,10 53,16320,4
9,10,82570,31,10 53,32000,6
9,10,99615,37,16 59,17280,4
9,10,148380,55,13 34,32000,6
12,12,82570,31,10 53,16320,4
12,12,99615,37,16 59,17280,4
12,12,138434,52,10 31,13120,1
12,12,148380,55,13 34,16256,4
13,1,82570,31,10 53,16320,4
13,1,148380,55,13 34,16256,4
14,13,82570,31,10 53,16320,4
14,13,148380,55,13 34,16256,4
15,30,58146,21,0 43,18432,5
15,30,104990,39,18 61,13760,2
15,30,129131,48,6 27,13056,0
16,2,82570,31,10 53,16320,4
16,2,148380,55,13 34,16256,4
20,24,82570,31,10 53,32000,6
20,24,148380,55,13 34,32000,6
22,10,82570,31,10 53,16320,4
22,10,148380,55,13 34,16256,4
23,65,104990,39,18 61,21907,5
25,9,148380,55,13 34,16256,4
26,68,58146,21,0 43,32000,6
26,68,148380,55,13 34,16256,4
27,179,14890,5,27 48,19456,5
27,179,39605,14,36 57,18346,5
27,179,40418,15,37 58,16968,4
27,179,47843,18,40 61,32000,6
27,179,53343,20,42 63,13248,1
27,179,61079,22,1 44,24086,5
27,179,65177,24,3 46,32000,6
27,179,82570,31,10 53,16320,4
27,179,88399,33,12 55,23232,5
27,179,92667,34,13 56,16640,4
27,179,98298,37,16 59,13413,2
27,179,111279,41,20 63,20992,5
27,179,111475,41,20 63,29184,6
27,179,118826,44,2 23,14784,3
27,179,129131,48,6 27,32000,6
27,179,131695,49,7 28,28032,6
27,179,138434,52,10 31,23616,5
27,179,148380,55,13 34,16256,4
27,179,149263,56,14 35,32000,6
27,179,150112,56,14 35,19520,5
27,179,150414,56,14 35,32000,6
27,179,164302,61,19 40,22400,5
28,6,82570,31,10 53,32000,6
28,6,148380,55,13 34,32000,6
30,23,58146,21,0 43,18432,5
30,23,148380,55,13 34,16256,4
31,37,32034,12,34 55,13056,0
31,37,47843,18,40 61,13824,2
31,37,65177,24,3 46,17664,4
31,37,82570,31,10 53,16320,4
31,37,98298,37,16 59,15104,4
31,37,99615,37,16 59,23040,5
31,37,101270,38,17 60,24320,5
31,37,148380,55,13 34,16256,4
31,37,149263,56,14 35,15360,4
34,2,82570,31,10 53,32000,6
34,2,148380,55,13 34,32000,6
42,18,47843,18,40 61,13824,2
42,18,53343,20,42 63,13248,1
42,18,65177,24,3 46,17664,4
42,18,138434,52,10 31,13120,1
42,18,148380,55,13 34,32000,6
43,11,82570,31,10 53,16320,4
43,11,148380,55,13 34,16256,4
44,73,58146,21,0 43,24576,6
44,73,82570,31,10 53,32000,6
44,73,94134,35,14 57,13440,2
44,73,104990,39,18 61,27520,6
44,73,108199,40,19 62,16128,4
44,73,125557,47,5 26,13312,1
44,73,139649,52,10 31,25344,6
44,73,155739,58,16 37,12800,0
50,6,82570,31,10 53,16320,4
50,6,148380,55,13 34,16256,4
55,64,25504,9,31 52,15360,4
55,64,82570,31,10 53,32000,6
55,64,98298,37,16 59,18880,5
55,64,99615,37,16 59,28800,6
55,64,111279,41,20 63,26240,6
55,64,125557,47,5 26,13312,1
55,64,125778,47,5 26,19456,5
55,64,148380,55,13 34,32000,6
59,14,125557,47,5 26,13312,1
60,9,148380,55,13 34,16256,4
61,16,82570,31,10 53,16320,4
61,16,148380,55,13 34,32000,6
62,67,40418,15,37 58,15744,4
62,67,148380,55,13 34,32000,6
63,20,82570,31,10 53,16320,4
63,20,148380,55,13 34,16256,4
69,15,82570,31,10 53,16320,4
69,15,148380,55,13 34,16256,4
70,18,82570,31,10 53,32000,6
70,18,148380,55,13 34,32000,6
74,9,106241,40,19 62,14464,3
76,98,14890,5,27 48,19456,5
76,98,16317,6,28 49,21056,5
76,98,25504,9,31 52,17280,4
76,98,32034,12,34 55,26112,6
76,98,47843,18,40 61,23040,5
76,98,53343,20,42 63,22080,5
76,98,61079,22,1 44,24192,5
76,98,65177,24,3 46,32000,6
76,98,82570,31,10 53,32000,6
76,98,98298,37,16 59,32000,6
76,98,99615,37,16 59,32000,6
76,98,107821,40,19 62,14701,3
76,98,111279,41,20 63,24379,5
76,98,120957,45,3 24,17408,4
76,98,125778,47,5 26,21888,5
76,98,129131,48,6 27,30464,6
76,98,138434,52,10 31,26240,6
76,98,148380,55,13 34,32000,6
76,98,149263,56,14 35,25600,6
76,98,150112,56,14 35,16320,4
77,199,14890,5,27 48,14592,3
77,199,16317,6,28 49,18048,5
77,199,25504,9,31 52,13402,2
77,199,32034,12,34 55,28288,6
77,199,53343,20,42 63,26496,6
77,199,61079,22,1 44,21504,5
77,199,65177,24,3 46,32000,6
77,199,82570,31,10 53,32000,6
77,199,88399,33,12 55,19008,5
77,199,92667,34,13 56,29120,6
77,199,98298,37,16 59,30208,6
77,199,99615,37,16 59,32000,6
77,199,101270,38,17 60,30400,6
77,199,104990,39,18 61,27520,6
77,199,111279,41,20 63,32000,6
77,199,125778,47,5 26,21888,5
77,199,129131,48,6 27,30464,6
77,199,148380,55,13 34,32000,6
77,199,148424,55,13 34,28160,6
77,199,149263,56,14 35,32000,6
77,199,150112,56,14 35,15744,4
78,53,101270,38,17 60,32000,6
78,53,148380,55,13 34,32000,6
79,62,14890,5,27 48,15808,4
79,62,16317,6,28 49,18048,5
79,62,32034,12,34 55,23936,5
79,62,39605,14,36 57,15019,3
79,62,61079,22,1 44,29568,6
79,62,82570,31,10 53,32000,6
79,62,92667,34,13 56,20800,5
79,62,98298,37,16 59,32000,6
79,62,99615,37,16 59,32000,6
79,62,107821,40,19 62,18560,5
79,62,111279,41,20 63,32000,6
79,62,120957,45,3 24,13056,0
79,62,129131,48,6 27,26112,6
79,62,148380,55,13 34,32000,6
79,62,148424,55,13 34,29568,6
79,62,149263,56,14 35,25600,6
79,62,150112,56,14 35,13056,0
81,68,82570,31,10 53,20400,5
81,68,125557,47,5 26,19968,5
81,68,131695,49,7 28,18688,5
81,68,148380,55,13 34,16256,4
86,54,104990,39,18 61,19264,5
90,70,82570,31,10 53,20400,5
90,70,131695,49,7 28,18688,5
90,70,148380,55,13 34,16256,4
93,6,82570,31,10 53,16320,4
93,6,148380,55,13 34,16256,4
94,10,55680,20,42 63,13824,2
94,10,82570,31,10 53,32000,6
94,10,92986,35,14 57,15872,4
94,10,148380,55,13 34,32000,6
100,6,82570,31,10 53,32000,6
100,6,148380,55,13 34,32000,6
102,4,82570,31,10 53,16320,4
102,4,148380,55,13 34,16256,4
104,15,82570,31,10 53,16320,4
104,15,148380,55,13 34,16256,4
112,7,82570,31,10 53,16320,4
112,7,148380,55,13 34,16256,4
123,3,82570,31,10 53,16320,4
123,3,148380,55,13 34,16256,4
140,14,57752,21,0 43,16320,4
140,14,148380,55,13 34,32000,6
141,17,82570,31,10 53,32000,6
141,17,129131,48,6 27,13056,0
141,17,148380,55,13 34,32000,6
156,19,82570,31,10 53,16320,4
156,19,111279,41,20 63,15744,4
158,27,111279,41,20 63,15744,4
158,27,125557,47,5 26,13312,1
158,27,138434,52,10 31,13120,1
160,8,82570,31,10 53,16320,4
160,8,148380,55,13 34,16256,4
163,11,82570,31,10 53,16320,4
163,11,148380,55,13 34,16256,4
165,6,39466,14,36 57,16640,4
165,6,55680,20,42 63,13824,2
165,6,92986,35,14 57,15872,4
165,6,125557,47,5 26,13312,1
169,15,25504,9,31 52,15360,4
169,15,61079,22,1 44,21504,5
169,15,82570,31,10 53,32000,6
169,15,92667,34,13 56,16640,4
169,15,98298,37,16 59,30208,6
169,15,99615,37,16 59,32000,6
169,15,111279,41,20 63,32000,6
169,15,125778,47,5 26,19456,5
169,15,129131,48,6 27,13056,0
169,15,138434,52,10 31,13120,1
169,15,148380,55,13 34,32000,6
169,15,148424,55,13 34,22528,5
170,12,61079,22,1 44,16128,4
170,12,82570,31,10 53,32000,6
170,12,98298,37,16 59,22656,5
170,12,99615,37,16 59,32000,6
170,12,111279,41,20 63,21781,5
170,12,125778,47,5 26,17024,4
170,12,148380,55,13 34,32000,6
170,12,148424,55,13 34,16896,4
171,11,61079,22,1 44,16128,4
171,11,82570,31,10 53,32000,6
171,11,92667,34,13 56,16640,4
171,11,98298,37,16 59,18880,5
171,11,99615,37,16 59,32000,6
171,11,111279,41,20 63,16533,4
171,11,125778,47,5 26,19456,5
171,11,148380,55,13 34,32000,6
171,11,148424,55,13 34,22528,5
172,13,82570,31,10 53,16320,4
172,13,111279,41,20 63,15744,4
175,9,82570,31,10 53,16320,4
175,9,148380,55,13 34,16256,4
185,17,29053,10,32 53,14592,3
185,17,82570,31,10 53,16320,4
185,17,104990,39,18 61,19264,5
187,161,14890,5,27 48,15808,4
187,161,16317,6,28 49,21056,5
187,161,23936,9,31 52,15360,4
187,161,25504,9,31 52,28800,6
187,161,39605,14,36 57,26240,6
187,161,47843,18,40 61,32000,6
187,161,53343,20,42 63,32000,6
187,161,53889,20,42 63,15360,4
187,161,55465,20,42 63,14976,3
187,161,58146,21,0 43,18432,5
187,161,61079,22,1 44,29568,6
187,161,82570,31,10 53,32000,6
187,161,92667,34,13 56,32000,6
187,161,98298,37,16 59,32000,6
187,161,99615,37,16 59,32000,6
187,161,107821,40,19 62,27840,6
187,161,111279,41,20 63,32000,6
187,161,113812,42,0 21,14336,3
187,161,129131,48,6 27,30464,6
187,161,138434,52,10 31,32000,6
187,161,148380,55,13 34,32000,6
187,161,148424,55,13 34,32000,6
187,161,149263,56,14 35,32000,6
187,161,150112,56,14 35,13056,0
190,4,82570,31,10 53,16320,4
190,4,148380,55,13 34,16256,4
196,27,82570,31,10 53,16320,4
197,13,82570,31,10 53,16320,4
197,13,148380,55,13 34,16256,4
198,92,6242,2,24 45,13312,1
198,92,10113,3,25 46,13824,2
198,92,16317,6,28 49,20055,5
198,92,32034,12,34 55,32000,6
198,92,39605,14,36 57,32000,6
198,92,47843,18,40 61,32000,6
198,92,53343,20,42 63,22080,5
198,92,65111,24,3 46,23040,5
198,92,65177,24,3 46,32000,6
198,92,88399,33,12 55,32000,6
198,92,129131,48,6 27,21760,5
198,92,138434,52,10 31,32000,6
198,92,149263,56,14 35,32000,6
198,92,150414,56,14 35,19008,5
199,10,82570,31,10 53,16320,4
199,10,148380,55,13 34,16256,4
202,58,10113,3,25 46,18432,5
202,58,14890,5,27 48,15808,4
202,58,16317,6,28 49,24064,5
202,58,32034,12,34 55,13056,0
202,58,47843,18,40 61,13824,2
202,58,53343,20,42 63,13248,1
202,58,53595,20,42 63,28928,6
202,58,65177,24,3 46,17664,4
202,58,72734,27,6 49,21296,5
202,58,75506,28,7 50,21504,5
202,58,111279,41,20 63,32000,6
202,58,111475,41,20 63,29184,6
202,58,118964,44,2 23,15232,4
202,58,129131,48,6 27,30464,6
202,58,131695,49,7 28,13653,2
202,58,149263,56,14 35,15360,4
202,58,150112,56,14 35,13626,2
202,58,150414,56,14 35,25344,6
202,58,164302,61,19 40,13440,2
208,10,148380,55,13 34,16256,4
210,17,14890,5,27 48,20672,5
210,17,16317,6,28 49,23830,5
210,17,32034,12,34 55,26112,6
210,17,39605,14,36 57,15744,4
210,17,47843,18,40 61,24304,5
210,17,53343,20,42 63,26496,6
210,17,65177,24,3 46,32000,6
210,17,75506,28,7 50,14080,3
210,17,111475,41,20 63,14592,3
210,17,129131,48,6 27,32000,6
210,17,138434,52,10 31,31488,6
211,22,10113,3,25 46,13824,2
211,22,14890,5,27 48,13294,1
211,22,32034,12,34 55,23936,5
211,22,53343,20,42 63,26496,6
211,22,65177,24,3 46,32000,6
211,22,111475,41,20 63,12892,0
211,22,129131,48,6 27,21760,5
211,22,138434,52,10 31,28864,6
211,22,148380,55,13 34,16256,4
211,22,149263,56,14 35,30720,6
211,22,150112,56,14 35,14144,3
211,22,150414,56,14 35,19008,5
211,22,156574,58,16 37,13248,1
212,33,32034,12,34 55,13056,0
212,33,47843,18,40 61,13824,2
212,33,129131,48,6 27,14249,3
212,33,148380,55,13 34,32000,6
213,12,16317,6,28 49,15040,3
213,12,99615,37,16 59,17280,4
213,12,111279,41,20 63,15744,4
213,12,129131,48,6 27,21760,5
215,21,10764,4,26 47,13440,2
215,21,14890,5,27 48,14592,3
215,21,16317,6,28 49,21056,5
215,21,32034,12,34 55,21760,5
215,21,39605,14,36 57,13120,1
215,21,47843,18,40 61,23040,5
215,21,53343,20,42 63,17996,5
215,21,65177,24,3 46,19977,5
215,21,82570,31,10 53,32000,6
215,21,104990,39,18 61,16512,4
215,21,111279,41,20 63,31488,6
215,21,125778,47,5 26,14592,3
215,21,138434,52,10 31,26240,6
215,21,148380,55,13 34,16256,4
215,21,148424,55,13 34,16896,4
216,12,82570,31,10 53,16320,4
216,12,99615,37,16 59,23040,5
216,12,111279,41,20 63,15744,4
216,12,138434,52,10 31,13120,1
216,12,148380,55,13 34,16256,4
217,7,82570,31,10 53,16320,4
217,7,148380,55,13 34,16256,4
219,12,32034,12,34 55,13056,0
219,12,47843,18,40 61,13824,2
219,12,53343,20,42 63,13248,1
219,12,65177,24,3 46,17664,4
219,12,82570,31,10 53,16320,4
219,12,99615,37,16 59,17280,4
219,12,111279,41,20 63,15744,4
219,12,129131,48,6 27,13056,0
219,12,138434,52,10 31,15744,4
219,12,148380,55,13 34,16256,4
220,12,148380,55,13 34,16256,4
221,13,10113,3,25 46,13824,2
221,13,16317,6,28 49,18048,5
221,13,32034,12,34 55,15232,4
221,13,47843,18,40 61,13824,2
221,13,53343,20,42 63,13248,1
221,13,111475,41,20 63,21888,5
221,13,138434,52,10 31,18368,5
221,13,149263,56,14 35,15360,4
221,13,150112,56,14 35,14144,3
221,13,150414,56,14 35,19008,5
222,13,10113,3,25 46,13824,2
222,13,14890,5,27 48,13376,2
222,13,32034,12,34 55,21760,5
222,13,39605,14,36 57,13120,1
222,13,47843,18,40 61,23040,5
222,13,53343,20,42 63,22080,5
222,13,111475,41,20 63,21888,5
222,13,129131,48,6 27,21760,5
222,13,138434,52,10 31,26240,6
222,13,149263,56,14 35,25600,6
222,13,150414,56,14 35,19008,5
222,13,156574,58,16 37,13248,1
227,6,99615,37,16 59,17280,4
227,6,111279,41,20 63,15744,4
231,3,82570,31,10 53,16320,4
231,3,148380,55,13 34,16256,4
235,4,101270,38,17 60,18240,5
241,3,82570,31,10 53,16320,4
241,3,148380,55,13 34,16256,4
245,3,82570,31,10 53,16320,4
245,3,148380,55,13 34,16256,4
246,19,82570,31,10 53,32000,6
246,19,148380,55,13 34,32000,6
247,16,82570,31,10 53,32000,6
247,16,101270,38,17 60,15344,4
247,16,104990,39,18 61,13000,0
247,16,148380,55,13 34,32000,6
264,9,82570,31,10 53,32000,6
264,9,148380,55,13 34,32000,6
265,13,16317,6,28 49,18048,5
265,13,32034,12,34 55,21760,5
265,13,47843,18,40 61,23040,5
265,13,53343,20,42 63,22080,5
265,13,111475,41,20 63,19456,5
265,13,129131,48,6 27,21966,5
265,13,138434,52,10 31,26240,6
265,13,149263,56,14 35,25600,6
265,13,150112,56,14 35,13056,0
265,13,150414,56,14 35,16896,4
266,13,14890,5,27 48,14592,3
266,13,32034,12,34 55,21760,5
266,13,39605,14,36 57,13120,1
266,13,47843,18,40 61,23040,5
266,13,53343,20,42 63,22080,5
266,13,65177,24,3 46,28561,6
266,13,111475,41,20 63,19456,5
266,13,129131,48,6 27,26112,6
266,13,138434,52,10 31,26240,6
266,13,149263,56,14 35,20723,5
266,13,150414,56,14 35,14884,3
267,14,16317,6,28 49,21056,5
267,14,32034,12,34 55,23936,5
267,14,47843,18,40 61,23040,5
267,14,111475,41,20 63,17024,4
267,14,129131,48,6 27,24245,5
267,14,138434,52,10 31,28864,6
267,14,149263,56,14 35,25600,6
267,14,150112,56,14 35,15232,4
267,14,150414,56,14 35,14784,3
268,12,14890,5,27 48,13376,2
268,12,16317,6,28 49,15040,3
268,12,32034,12,34 55,19584,5
268,12,47843,18,40 61,18432,5
268,12,53343,20,42 63,17664,4
268,12,111475,41,20 63,19456,5
268,12,129131,48,6 27,21760,5
268,12,138434,52,10 31,23616,5
268,12,149263,56,14 35,15603,4
268,12,150414,56,14 35,14884,3
269,12,14890,5,27 48,13866,2
269,12,16317,6,28 49,18048,5
269,12,32034,12,34 55,17408,4
269,12,47843,18,40 61,18432,5
269,12,53343,20,42 63,17664,4
269,12,65177,24,3 46,23552,5
269,12,129131,48,6 27,19893,5
269,12,138434,52,10 31,20992,5
269,12,149263,56,14 35,20480,5
269,12,150112,56,14 35,13056,0
269,12,150414,56,14 35,14784,3
270,12,16317,6,28 49,15040,3
270,12,32034,12,34 55,19584,5
270,12,47843,18,40 61,18432,5
270,12,53343,20,42 63,17664,4
270,12,111475,41,20 63,14592,3
270,12,129131,48,6 27,21760,5
270,12,138434,52,10 31,23616,5
270,12,149263,56,14 35,15603,4
270,12,150414,56,14 35,14884,3
271,14,82570,31,10 53,16320,4
271,14,129131,48,6 27,17408,4
271,14,148380,55,13 34,16256,4
272,13,16317,6,28 49,18048,5
272,13,32034,12,34 55,15232,4
272,13,47843,18,40 61,13824,2
272,13,53343,20,42 63,13248,1
272,13,111475,41,20 63,19267,5
272,13,138434,52,10 31,18368,5
272,13,149263,56,14 35,15360,4
272,13,150112,56,14 35,14144,3
272,13,150414,56,14 35,16896,4
273,15,10113,3,25 46,13824,2
273,15,14890,5,27 48,18240,5
273,15,16317,6,28 49,21056,5
273,15,32034,12,34 55,23936,5
273,15,47843,18,40 61,23040,5
273,15,53343,20,42 63,22080,5
273,15,111475,41,20 63,21888,5
273,15,129131,48,6 27,24245,5
273,15,149263,56,14 35,25600,6
273,15,150112,56,14 35,16320,4
273,15,150414,56,14 35,19008,5
273,15,156574,58,16 37,13248,1
274,18,10113,3,25 46,21504,5
274,18,14890,5,27 48,12994,0
274,18,16317,6,28 49,24064,5
274,18,32034,12,34 55,23936,5
274,18,53343,20,42 63,22080,5
274,18,65177,24,3 46,29440,6
274,18,75506,28,7 50,15360,4
274,18,111475,41,20 63,32000,6
274,18,138434,52,10 31,22858,5
274,18,149263,56,14 35,24185,5
274,18,150112,56,14 35,15905,4
274,18,150414,56,14 35,27817,6
274,18,156574,58,16 37,20608,5
274,18,164302,61,19 40,15680,4
275,13,14890,5,27 48,13376,2
275,13,32034,12,34 55,17408,4
275,13,47843,18,40 61,18432,5
275,13,53343,20,42 63,17664,4
275,13,67676,25,4 47,16704,4
275,13,111475,41,20 63,17024,4
275,13,129131,48,6 27,21760,5
275,13,131695,49,7 28,14016,3
275,13,138434,52,10 31,20992,5
275,13,149263,56,14 35,20480,5
275,13,150414,56,14 35,14784,3
277,13,16317,6,28 49,18048,5
277,13,32034,12,34 55,21760,5
277,13,47843,18,40 61,23040,5
277,13,53343,20,42 63,22080,5
277,13,111475,41,20 63,19456,5
277,13,129131,48,6 27,25124,6
277,13,138434,52,10 31,26240,6
277,13,149263,56,14 35,25600,6
277,13,150112,56,14 35,13056,0
277,13,150414,56,14 35,16896,4
278,12,14890,5,27 48,13376,2
278,12,16317,6,28 49,15040,3
278,12,32034,12,34 55,19584,5
278,12,47843,18,40 61,18432,5
278,12,53343,20,42 63,17664,4
278,12,111475,41,20 63,19456,5
278,12,129131,48,6 27,21760,5
278,12,138434,52,10 31,23616,5
278,12,149263,56,14 35,15603,4
278,12,150414,56,14 35,14884,3
279,13,16317,6,28 49,18048,5
279,13,32034,12,34 55,21760,5
279,13,47843,18,40 61,23040,5
279,13,53343,20,42 63,22080,5
279,13,111475,41,20 63,19456,5
279,13,129131,48,6 27,21966,5
279,13,138434,52,10 31,26240,6
279,13,149263,56,14 35,25600,6
279,13,150112,56,14 35,13056,0
279,13,150414,56,14 35,16896,4
280,13,10113,3,25 46,13824,2
280,13,14890,5,27 48,14592,3
280,13,32034,12,34 55,21760,5
280,13,39605,14,36 57,13120,1
280,13,47843,18,40 61,23040,5
280,13,53343,20,42 63,22080,5
280,13,65177,24,3 46,29440,6
280,13,111475,41,20 63,21888,5
280,13,129131,48,6 27,26112,6
280,13,138434,52,10 31,26240,6
280,13,149263,56,14 35,25600,6
280,13,150112,56,14 35,13056,0
280,13,150414,56,14 35,19008,5
284,20,61079,22,1 44,13440,2
284,20,82570,31,10 53,32000,6
284,20,98298,37,16 59,22656,5
284,20,99615,37,16 59,28800,6
284,20,111279,41,20 63,31488,6
284,20,129131,48,6 27,13056,0
284,20,148380,55,13 34,32000,6
285,66,10764,4,26 47,12814,0
285,66,29053,10,32 53,19456,5
285,66,32034,12,34 55,17408,4
285,66,47843,18,40 61,18432,5
285,66,53343,20,42 63,17664,4
285,66,58146,21,0 43,18432,5
285,66,104990,39,18 61,16512,4
285,66,148380,55,13 34,16256,4
285,66,155739,58,16 37,12807,0
286,60,14890,5,27 48,14683,3
286,60,16317,6,28 49,21056,5
286,60,23936,9,31 52,13389,2
286,60,25504,9,31 52,25104,6
286,60,32034,12,34 55,32000,6
286,60,39605,14,36 57,20992,5
286,60,47843,18,40 61,32000,6
286,60,61079,22,1 44,32000,6
286,60,65177,24,3 46,32000,6
286,60,82570,31,10 53,32000,6
286,60,92667,34,13 56,20800,5
286,60,98298,37,16 59,32000,6
286,60,99615,37,16 59,32000,6
286,60,107821,40,19 62,27840,6
286,60,111279,41,20 63,32000,6
286,60,120957,45,3 24,15232,4
286,60,129131,48,6 27,30126,6
286,60,138434,52,10 31,31436,6
286,60,148380,55,13 34,32000,6
286,60,148424,55,13 34,32000,6
286,60,149263,56,14 35,32000,6
286,60,150112,56,14 35,14400,3
287,60,14890,5,27 48,13376,2
287,60,16317,6,28 49,24064,5
287,60,23936,9,31 52,13389,2
287,60,25504,9,31 52,25104,6
287,60,32034,12,34 55,32000,6
287,60,39605,14,36 57,20992,5
287,60,47843,18,40 61,32000,6
287,60,61079,22,1 44,32000,6
287,60,65177,24,3 46,32000,6
287,60,82570,31,10 53,32000,6
287,60,92667,34,13 56,20800,5
287,60,98298,37,16 59,32000,6
287,60,99615,37,16 59,32000,6
287,60,107821,40,19 62,29696,6
287,60,111279,41,20 63,32000,6
287,60,120957,45,3 24,15232,4
287,60,129131,48,6 27,26112,6
287,60,138434,52,10 31,31436,6
287,60,148380,55,13 34,32000,6
287,60,148424,55,13 34,32000,6
287,60,149263,56,14 35,32000,6
290,10,57752,21,0 43,16320,4
290,10,82570,31,10 53,16320,4
290,10,148380,55,13 34,32000,6
293,7,57752,21,0 43,16320,4
293,7,82570,31,10 53,16320,4
293,7,148380,55,13 34,32000,6
294,7,82570,31,10 53,16320,4
294,7,148380,55,13 34,16256,4
296,12,82570,31,10 53,16320,4
296,12,99615,37,16 59,17713,5
296,12,111279,41,20 63,20992,5
296,12,138434,52,10 31,13120,1
296,12,148380,55,13 34,16256,4
298,8,82570,31,10 53,16320,4
298,8,148380,55,13 34,16256,4
299,10,99615,37,16 59,17280,4
299,10,111279,41,20 63,15639,4
299,10,129131,48,6 27,13056,0
299,10,138434,52,10 31,13120,1
303,7,148380,55,13 34,16256,4
305,33,10764,4,26 47,16128,4
305,33,29053,10,32 53,14592,3
305,33,47843,18,40 61,13824,2
305,33,53343,20,42 63,13248,1
305,33,129131,48,6 27,17408,4
305,33,149263,56,14 35,15360,4
307,7,148380,55,13 34,20320,5
322,143,82570,31,10 53,16320,4
322,143,92680,34,13 56,23040,5
322,143,94134,35,14 57,17280,4
322,143,104990,39,18 61,27109,6
322,143,111279,41,20 63,15744,4
322,143,125557,47,5 26,19968,5
322,143,131695,49,7 28,18688,5
322,143,148380,55,13 34,16256,4
323,12,82570,31,10 53,32000,6
323,12,148380,55,13 34,32000,6
324,13,32034,12,34 55,13056,0
324,13,53343,20,42 63,13248,1
324,13,65177,24,3 46,17664,4
324,13,82570,31,10 53,16320,4
324,13,99615,37,16 59,17280,4
324,13,138434,52,10 31,19680,5
324,13,148380,55,13 34,16256,4
324,13,149263,56,14 35,15360,4
327,12,67676,25,4 47,22272,5
328,21,82570,31,10 53,16320,4
328,21,148380,55,13 34,16256,4
329,3,82570,31,10 53,16320,4
329,3,148380,55,13 34,16256,4
335,3,82570,31,10 53,16320,4
335,3,148380,55,13 34,16256,4
336,17,14890,5,27 48,15784,4
336,17,16317,6,28 49,15182,4
336,17,32034,12,34 55,32000,6
336,17,39605,14,36 57,18368,5
336,17,47843,18,40 61,32000,6
336,17,53343,20,42 63,30912,6
336,17,61079,22,1 44,13440,2
336,17,65177,24,3 46,32000,6
336,17,82570,31,10 53,16320,4
336,17,88399,33,12 55,14784,3
336,17,98298,37,16 59,22656,5
336,17,99615,37,16 59,28800,6
336,17,111279,41,20 63,31488,6
336,17,111475,41,20 63,19456,5
336,17,129131,48,6 27,21966,5
336,17,138434,52,10 31,32000,6
336,17,148380,55,13 34,16256,4
336,17,148424,55,13 34,16896,4
336,17,149263,56,14 35,32000,6
336,17,150112,56,14 35,14400,3
336,17,150414,56,14 35,16896,4
339,8,32034,12,34 55,13056,0
339,8,47843,18,40 61,13824,2
339,8,65177,24,3 46,17664,4
339,8,129131,48,6 27,13056,0
339,8,138434,52,10 31,15744,4
339,8,149263,56,14 35,15360,4
341,5,99615,37,16 59,17280,4
341,5,111279,41,20 63,15744,4
342,10,32034,12,34 55,13056,0
342,10,47843,18,40 61,13824,2
342,10,53343,20,42 63,13248,1
342,10,61079,22,1 44,13440,2
342,10,65177,24,3 46,17664,4
342,10,82570,31,10 53,32000,6
342,10,98298,37,16 59,18880,5
342,10,99615,37,16 59,28800,6
342,10,111279,41,20 63,19680,5
342,10,129131,48,6 27,17408,4
342,10,148380,55,13 34,32000,6
342,10,149263,56,14 35,15360,4
349,21,14890,5,27 48,14496,3
349,21,16317,6,28 49,18048,5
349,21,23936,9,31 52,16384,4
349,21,25504,9,31 52,30720,6
349,21,32034,12,34 55,32000,6
349,21,47843,18,40 61,32000,6
349,21,53343,20,42 63,32000,6
349,21,53889,20,42 63,13056,0
349,21,57752,21,0 43,16320,4
349,21,61079,22,1 44,26880,6
349,21,65177,24,3 46,32000,6
349,21,82570,31,10 53,32000,6
349,21,88399,33,12 55,16896,4
349,21,92667,34,13 56,32000,6
349,21,111279,41,20 63,32000,6
349,21,120957,45,3 24,13056,0
349,21,125778,47,5 26,29239,6
349,21,129131,48,6 27,25940,6
349,21,138434,52,10 31,32000,6
349,21,148380,55,13 34,32000,6
349,21,148424,55,13 34,32000,6
349,21,149263,56,14 35,32000,6
349,21,150112,56,14 35,13056,0
350,22,14890,5,27 48,16928,4
350,22,16317,6,28 49,21056,5
350,22,23936,9,31 52,16384,4
350,22,25504,9,31 52,30720,6
350,22,32034,12,34 55,32000,6
350,22,39605,14,36 57,23616,5
350,22,47843,18,40 61,32000,6
350,22,53343,20,42 63,32000,6
350,22,53889,20,42 63,14592,3
350,22,57752,21,0 43,32000,6
350,22,65177,24,3 46,32000,6
350,22,82570,31,10 53,32000,6
350,22,88399,33,12 55,19008,5
350,22,92667,34,13 56,32000,6
350,22,107821,40,19 62,16704,4
350,22,111279,41,20 63,32000,6
350,22,120957,45,3 24,13056,0
350,22,125778,47,5 26,31657,6
350,22,138434,52,10 31,32000,6
350,22,148380,55,13 34,32000,6
350,22,148424,55,13 34,32000,6
351,18,16317,6,28 49,18048,5
351,18,32034,12,34 55,30464,6
351,18,47843,18,40 61,32000,6
351,18,53343,20,42 63,30912,6
351,18,53889,20,42 63,13440,2
351,18,61079,22,1 44,18816,5
351,18,65177,24,3 46,32000,6
351,18,82570,31,10 53,16320,4
351,18,92667,34,13 56,16640,4
351,18,98298,37,16 59,18880,5
351,18,99615,37,16 59,32000,6
351,18,107821,40,19 62,12992,0
351,18,111279,41,20 63,26240,6
351,18,111475,41,20 63,19456,5
351,18,125778,47,5 26,17024,4
351,18,129131,48,6 27,26112,6
351,18,138434,52,10 31,13120,1
351,18,148380,55,13 34,16256,4
351,18,148424,55,13 34,22528,5
351,18,149263,56,14 35,32000,6
351,18,150112,56,14 35,14144,3
351,18,150414,56,14 35,16896,4
353,18,14890,5,27 48,13376,2
353,18,23936,9,31 52,14336,3
353,18,25504,9,31 52,26880,6
353,18,32034,12,34 55,32000,6
353,18,47843,18,40 61,13833,2
353,18,53343,20,42 63,14576,3
353,18,61079,22,1 44,28280,6
353,18,65177,24,3 46,32000,6
353,18,82570,31,10 53,32000,6
353,18,88399,33,12 55,14784,3
353,18,92667,34,13 56,29120,6
353,18,98298,37,16 59,32000,6
353,18,99615,37,16 59,32000,6
353,18,107821,40,19 62,13920,3
353,18,120957,45,3 24,13056,0
353,18,125778,47,5 26,32000,6
353,18,129131,48,6 27,21760,5
353,18,138434,52,10 31,32000,6
353,18,148380,55,13 34,32000,6
353,18,148424,55,13 34,32000,6
353,18,149263,56,14 35,32000,6
354,19,14890,5,27 48,13376,2
354,19,16317,6,28 49,15040,3
354,19,23936,9,31 52,16384,4
354,19,25504,9,31 52,30720,6
354,19,32034,12,34 55,32000,6
354,19,47843,18,40 61,18441,5
354,19,53343,20,42 63,18992,5
354,19,61079,22,1 44,31987,6
354,19,65177,24,3 46,32000,6
354,19,82570,31,10 53,32000,6
354,19,88399,33,12 55,16896,4
354,19,92667,34,13 56,32000,6
354,19,98298,37,16 59,32000,6
354,19,99615,37,16 59,32000,6
354,19,111279,41,20 63,32000,6
354,19,120957,45,3 24,14144,3
354,19,125778,47,5 26,32000,6
354,19,129131,48,6 27,21760,5
354,19,138434,52,10 31,32000,6
354,19,148380,55,13 34,24384,5
354,19,148424,55,13 34,32000,6
354,19,149263,56,14 35,32000,6
355,20,14890,5,27 48,13376,2
355,20,16317,6,28 49,15040,3
355,20,23936,9,31 52,17408,4
355,20,25504,9,31 52,32000,6
355,20,32034,12,34 55,32000,6
355,20,47843,18,40 61,18441,5
355,20,53343,20,42 63,23076,5
355,20,61079,22,1 44,32000,6
355,20,65177,24,3 46,32000,6
355,20,82570,31,10 53,32000,6
355,20,88399,33,12 55,16896,4
355,20,92667,34,13 56,32000,6
355,20,98298,37,16 59,32000,6
355,20,99615,37,16 59,32000,6
355,20,111279,41,20 63,32000,6
355,20,120957,45,3 24,15232,4
355,20,125778,47,5 26,32000,6
355,20,129131,48,6 27,21760,5
355,20,138434,52,10 31,32000,6
355,20,148380,55,13 34,32000,6
355,20,148424,55,13 34,32000,6
355,20,149263,56,14 35,32000,6
356,18,16317,6,28 49,15040,3
356,18,23936,9,31 52,14336,3
356,18,25504,9,31 52,26880,6
356,18,32034,12,34 55,32000,6
356,18,53343,20,42 63,18992,5
356,18,57752,21,0 43,16320,4
356,18,61079,22,1 44,28280,6
356,18,65177,24,3 46,32000,6
356,18,82570,31,10 53,32000,6
356,18,88399,33,12 55,16896,4
356,18,92667,34,13 56,29120,6
356,18,98298,37,16 59,32000,6
356,18,99615,37,16 59,32000,6
356,18,107821,40,19 62,25984,6
356,18,125778,47,5 26,32000,6
356,18,129131,48,6 27,21760,5
356,18,138434,52,10 31,32000,6
356,18,148380,55,13 34,32000,6
356,18,148424,55,13 34,32000,6
356,18,149263,56,14 35,32000,6
357,21,14890,5,27 48,14592,3
357,21,16317,6,28 49,18048,5
357,21,23936,9,31 52,17408,4
357,21,25504,9,31 52,32000,6
357,21,32034,12,34 55,32000,6
357,21,47843,18,40 61,32000,6
357,21,53343,20,42 63,32000,6
357,21,53889,20,42 63,13056,0
357,21,57752,21,0 43,16320,4
357,21,61079,22,1 44,32000,6
357,21,65177,24,3 46,32000,6
357,21,82570,31,10 53,32000,6
357,21,88399,33,12 55,16896,4
357,21,92667,34,13 56,32000,6
357,21,111279,41,20 63,32000,6
357,21,120957,45,3 24,14144,3
357,21,125778,47,5 26,32000,6
357,21,129131,48,6 27,26112,6
357,21,138434,52,10 31,32000,6
357,21,148380,55,13 34,32000,6
357,21,148424,55,13 34,32000,6
357,21,149263,56,14 35,32000,6
357,21,150112,56,14 35,13056,0
358,21,14890,5,27 48,14592,3
358,21,16317,6,28 49,18048,5
358,21,23936,9,31 52,17408,4
358,21,25504,9,31 52,32000,6
358,21,32034,12,34 55,32000,6
358,21,39605,14,36 57,23616,5
358,21,47843,18,40 61,32000,6
358,21,53343,20,42 63,23408,5
358,21,57752,21,0 43,16320,4
358,21,61079,22,1 44,32000,6
358,21,65177,24,3 46,32000,6
358,21,82570,31,10 53,32000,6
358,21,88399,33,12 55,19008,5
358,21,92667,34,13 56,32000,6
358,21,111279,41,20 63,32000,6
358,21,120957,45,3 24,15232,4
358,21,125778,47,5 26,32000,6
358,21,129131,48,6 27,26112,6
358,21,138434,52,10 31,32000,6
358,21,148380,55,13 34,32000,6
358,21,148424,55,13 34,32000,6
359,19,16317,6,28 49,15040,3
359,19,23936,9,31 52,16384,4
359,19,25504,9,31 52,30720,6
359,19,32034,12,34 55,32000,6
359,19,47843,18,40 61,18441,5
359,19,53343,20,42 63,18992,5
359,19,61079,22,1 44,31987,6
359,19,65177,24,3 46,32000,6
359,19,82570,31,10 53,32000,6
359,19,88399,33,12 55,16896,4
359,19,92667,34,13 56,32000,6
359,19,98298,37,16 59,32000,6
359,19,99615,37,16 59,32000,6
359,19,111279,41,20 63,32000,6
359,19,120957,45,3 24,14144,3
359,19,125778,47,5 26,32000,6
359,19,129131,48,6 27,21760,5
359,19,138434,52,10 31,32000,6
359,19,148380,55,13 34,32000,6
359,19,148424,55,13 34,32000,6
359,19,149263,56,14 35,32000,6
360,13,32034,12,34 55,19584,5
360,13,47843,18,40 61,18432,5
360,13,53343,20,42 63,17664,4
360,13,65177,24,3 46,23552,5
360,13,82570,31,10 53,16320,4
360,13,98298,37,16 59,15104,4
360,13,99615,37,16 59,32000,6
360,13,111279,41,20 63,20992,5
360,13,138434,52,10 31,23616,5
360,13,148380,55,13 34,16256,4
360,13,148424,55,13 34,16896,4
360,13,149263,56,14 35,20480,5
364,17,25504,9,31 52,17280,4
364,17,32034,12,34 55,30464,6
364,17,39605,14,36 57,18368,5
364,17,47843,18,40 61,32000,6
364,17,53343,20,42 63,30912,6
364,17,57752,21,0 43,16320,4
364,17,61079,22,1 44,24192,5
364,17,65177,24,3 46,32000,6
364,17,82570,31,10 53,32000,6
364,17,88399,33,12 55,14784,3
364,17,92667,34,13 56,16953,4
364,17,98298,37,16 59,22656,5
364,17,99615,37,16 59,32000,6
364,17,111279,41,20 63,31488,6
364,17,125778,47,5 26,25663,6
364,17,129131,48,6 27,13056,0
364,17,138434,52,10 31,32000,6
364,17,148424,55,13 34,17214,4
364,17,149263,56,14 35,32000,6
365,13,16317,6,28 49,15040,3
365,13,25504,9,31 52,17280,4
365,13,32034,12,34 55,19584,5
365,13,53343,20,42 63,17664,4
365,13,61079,22,1 44,24192,5
365,13,65177,24,3 46,17321,4
365,13,82570,31,10 53,32000,6
365,13,92667,34,13 56,20800,5
365,13,98298,37,16 59,32000,6
365,13,99615,37,16 59,32000,6
365,13,107821,40,19 62,16704,4
365,13,111279,41,20 63,32000,6
365,13,125778,47,5 26,21888,5
365,13,129131,48,6 27,21760,5
365,13,138434,52,10 31,23616,5
365,13,148380,55,13 34,32000,6
365,13,148424,55,13 34,28160,6
366,9,25504,9,31 52,13440,2
366,9,32034,12,34 55,17408,4
366,9,53343,20,42 63,17664,4
366,9,61079,22,1 44,16588,4
366,9,65177,24,3 46,23552,5
366,9,82570,31,10 53,16320,4
366,9,98298,37,16 59,15104,4
366,9,99615,37,16 59,32000,6
366,9,107821,40,19 62,12992,0
366,9,111279,41,20 63,20992,5
366,9,138434,52,10 31,20992,5
366,9,148380,55,13 34,16256,4
366,9,148424,55,13 34,16896,4
366,9,149263,56,14 35,20480,5
368,2,82570,31,10 53,16320,4
368,2,148380,55,13 34,16256,4
369,4,82570,31,10 53,16320,4
369,4,99615,37,16 59,17052,4
369,4,111279,41,20 63,15744,4
369,4,148380,55,13 34,16256,4
370,7,61079,22,1 44,13440,2
370,7,82570,31,10 53,16320,4
370,7,98298,37,16 59,18880,5
370,7,99615,37,16 59,28800,6
370,7,111279,41,20 63,26240,6
370,7,138434,52,10 31,13120,1
370,7,148380,55,13 34,16256,4
373,5,82570,31,10 53,16320,4
373,5,98298,37,16 59,14954,3
373,5,99615,37,16 59,22812,5
373,5,111279,41,20 63,20992,5
373,5,148380,55,13 34,16256,4
374,3,82570,31,10 53,32000,6
374,3,148380,55,13 34,32000,6
376,3,99615,37,16 59,17280,4
376,3,111279,41,20 63,15744,4
378,2,82570,31,10 53,16320,4
378,2,111279,41,20 63,13120,1
378,2,148380,55,13 34,16256,4
379,2,82570,31,10 53,16320,4
379,2,148380,55,13 34,16256,4
380,2,82570,31,10 53,16320,4
380,2,148380,55,13 34,16256,4
385,1,82570,31,10 53,16320,4
385,1,148380,55,13 34,16256,4
386,3,82570,31,10 53,32000,6
386,3,99615,37,16 59,17280,4
386,3,111279,41,20 63,15744,4
386,3,148380,55,13 34,32000,6
