fly,generation,mother,father,born_block,born_at,keeper,owner,transfers,thoughts,last_thought_at,last_bred_at,children,wokes,stud_fee,death_at,death_moment,life,status
1,0,0,0,22821848,1790407366,0x5e7293bbccad7d606add851b1a8887c02d0102ab,0x5e7293bbccad7d606add851b1a8887c02d0102ab,0,3,1790784693,0,1,0,8000,1793849323,1793849323,alive,0
2,0,0,0,22823512,1790408210,0xb1368c0b6e4dafbb5375c121df88154a3f72b299,0xb1368c0b6e4dafbb5375c121df88154a3f72b299,0,2,1790649194,0,0,0,0,1793043410,1793043410,alive,0
3,0,0,0,22824758,1790408842,0x734617dec820db2cfb6dc750efa08ef30dc9236f,0x734617dec820db2cfb6dc750efa08ef30dc9236f,0,4,1790573296,0,0,0,0,1793087242,1793087242,alive,0
4,0,0,0,22824964,1790408946,0x1a3a0e6f222e823cc8d0f39d87042f88ab763872,0x1a3a0e6f222e823cc8d0f39d87042f88ab763872,0,115,1791295284,1790739282,1,0,8000,1795182546,1795182546,alive,0
5,0,0,0,22825012,1790408970,0x734617dec820db2cfb6dc750efa08ef30dc9236f,0x734617dec820db2cfb6dc750efa08ef30dc9236f,0,3,1790573384,0,0,0,0,1793065770,1793065770,alive,0
6,0,0,0,22825065,1790408997,0x1a3a0e6f222e823cc8d0f39d87042f88ab763872,0x1a3a0e6f222e823cc8d0f39d87042f88ab763872,0,24,1791295297,1790863261,3,0,3000,1793887297,1793887297,alive,0
7,0,0,0,22825141,1790409036,0xb403f53ee827030a8963ce363477e4ea98b2f679,0xb403f53ee827030a8963ce363477e4ea98b2f679,0,2,1790591517,0,0,0,0,1793044236,1793044236,alive,0
8,0,0,0,22825164,1790409048,0x734617dec820db2cfb6dc750efa08ef30dc9236f,0x734617dec820db2cfb6dc750efa08ef30dc9236f,0,3,1790573434,0,0,0,0,1793065848,1793065848,alive,0
9,0,0,0,22825216,1790409074,0x9e366c1405f7951431dbdeb53dcd57db342f55c4,0x9e366c1405f7951431dbdeb53dcd57db342f55c4,0,9,1791108181,0,0,0,0,1793700181,1793700181,alive,0
10,0,0,0,22825267,1790409100,0xb403f53ee827030a8963ce363477e4ea98b2f679,0xb403f53ee827030a8963ce363477e4ea98b2f679,0,2,1790591534,0,0,0,0,1793044300,1793044300,alive,0
11,0,0,0,22825372,1790409153,0x9446792a55da00f69d2c8be9099019934f532f06,0x9446792a55da00f69d2c8be9099019934f532f06,0,3,1790705167,1790705167,1,1,8000,1793297167,1793297167,alive,0
12,0,0,0,22825381,1790409158,0xb403f53ee827030a8963ce363477e4ea98b2f679,0xc0e1ff5b6ec47f15aebfe859b8ab4a566fe61752,1,12,1791160252,1790956758,1,0,1500,1793752252,1793752252,alive,0
13,0,0,0,22825409,1790409172,0x34e03f26217597a93d19cecee740af1bc3e85b18,0x34e03f26217597a93d19cecee740af1bc3e85b18,0,1,1790689417,0,0,1,0,1793001727,1793001727,alive,0
14,0,0,0,22825463,1790409199,0x1b1829e31d3f85210ea84c2b62f59faa47687c7e,0x1b1829e31d3f85210ea84c2b62f59faa47687c7e,0,13,1791212565,0,0,0,0,1793804565,1793804565,alive,0
15,0,0,0,22825588,1790409263,0xe6e5a8b9c4a0cd805f06b565b6f2857923cc6b11,0xe6e5a8b9c4a0cd805f06b565b6f2857923cc6b11,0,30,1791004993,1790864553,3,0,3000,1793596993,1793596993,alive,0
16,0,0,0,22825683,1790409311,0xb1368c0b6e4dafbb5375c121df88154a3f72b299,0xb1368c0b6e4dafbb5375c121df88154a3f72b299,0,2,1790649202,0,0,0,0,1793044511,1793044511,alive,0
17,0,0,0,22825711,1790409325,0x18749122cc2211c977736f418159c2f440243bd5,0x18749122cc2211c977736f418159c2f440243bd5,0,2,1790570777,0,0,0,0,1793044525,1793044525,alive,0
18,0,0,0,22825819,1790409380,0xb1368c0b6e4dafbb5375c121df88154a3f72b299,0xb1368c0b6e4dafbb5375c121df88154a3f72b299,0,2,1790649216,0,0,0,0,1793044580,1793044580,alive,0
19,0,0,0,22825913,1790409427,0x18749122cc2211c977736f418159c2f440243bd5,0x18749122cc2211c977736f418159c2f440243bd5,0,2,1790570797,0,0,0,0,1793044627,1793044627,alive,0
20,0,0,0,22826018,1790409481,0xb528bf440e6c9dad0c15f7e5f4dc75655f7ae27b,0xb528bf440e6c9dad0c15f7e5f4dc75655f7ae27b,0,24,1791233883,0,0,0,0,1793825883,1793825883,alive,0
21,0,0,0,22826018,1790409481,0x18749122cc2211c977736f418159c2f440243bd5,0x18749122cc2211c977736f418159c2f440243bd5,0,3,1790570819,0,0,0,0,1793066281,1793066281,alive,0
22,0,0,0,22826382,1790409665,0x23834a83a168310b6b0dc000f22f9a4f8ae86106,0x23834a83a168310b6b0dc000f22f9a4f8ae86106,0,10,1790564065,0,0,0,0,1793217665,1793217665,alive,0
23,0,0,0,22826735,1790409844,0x0349cd3a83006bc4f057f553f221d69bd7a6c504,0x0349cd3a83006bc4f057f553f221d69bd7a6c504,0,65,1791007480,0,0,0,6000,1794341044,1794341044,alive,0
24,0,0,0,22828551,1790410766,0x2d631f41f6023db409f15e1ccc337e69f62a8a58,0x2d631f41f6023db409f15e1ccc337e69f62a8a58,0,8,1790608319,0,0,0,0,1793175566,1793175566,alive,0
25,0,0,0,22829062,1790411024,0x23834a83a168310b6b0dc000f22f9a4f8ae86106,0x23834a83a168310b6b0dc000f22f9a4f8ae86106,0,9,1790564107,0,0,0,0,1793197424,1793197424,alive,0
26,0,0,0,22829612,1790411303,0x0dd5ff179c68dd64fa712da08b550ec3a7d3bd73,0x0dd5ff179c68dd64fa712da08b550ec3a7d3bd73,0,68,1790728220,0,0,0,0,1794428903,1794428903,alive,0
27,0,0,0,22830098,1790411550,0x81b4bf458a73ea46fadd46ee8236e5f94c4eb8e0,0x81b4bf458a73ea46fadd46ee8236e5f94c4eb8e0,0,178,1791300487,1790854111,2,0,7000,1796049150,1796049150,alive,0
28,0,0,0,22830217,1790411610,0xa9a3dbee74753ccd9b40521d1f92f9cf2f49b9dd,0xa9a3dbee74753ccd9b40521d1f92f9cf2f49b9dd,0,6,1790937404,0,0,0,0,1793529404,1793529404,alive,0
29,0,0,0,22830343,1790411674,0x0818404d4e07ff38c42d15cff5d2f22fc907977e,0x0818404d4e07ff38c42d15cff5d2f22fc907977e,0,3,1790473487,0,0,0,0,1793068474,1793068474,alive,0
30,0,0,0,22830421,1790411714,0xb39e79d3540fc34f516af70574b94d4ef8f885d2,0xb39e79d3540fc34f516af70574b94d4ef8f885d2,0,23,1791204443,1790734333,1,0,0,1793796443,1793796443,alive,0
31,0,0,0,22830576,1790411792,0xac79fd6008b971723d16974cdb23ad70ecc00bee,0xd8c92b3d755675727c38f102a4be7b939f0ab82d,1,37,1791261253,1791262160,1,0,10000,1793854160,1793854160,alive,0
32,0,0,0,22830590,1790411799,0xb7b53fe02da4395a562cb51bc8f955e021665dce,0xb7b53fe02da4395a562cb51bc8f955e021665dce,0,0,1790411799,0,0,0,0,1793003799,1793003799,alive,0
33,0,0,0,22830738,1790411874,0xbd5764383846bbd5aabc92ab9c9c2f9bbfa15a55,0xbd5764383846bbd5aabc92ab9c9c2f9bbfa15a55,0,4,1790614291,0,0,0,0,1793090274,1793090274,alive,0
34,0,0,0,22831256,1790412137,0xa9db421e7f6afa0d7158d51bdc4aa279eb788e0c,0xa9db421e7f6afa0d7158d51bdc4aa279eb788e0c,0,2,1790513139,0,0,0,0,1793047337,1793047337,alive,0
35,0,0,0,22831816,1790412421,0x0e8fc50331bac5eb968b6106125c2643a98ba319,0x0e8fc50331bac5eb968b6106125c2643a98ba319,0,2,1790574332,0,0,0,0,1793047621,1793047621,alive,0
36,0,0,0,22832000,1790412514,0xf410f5824a53bdeedb76f7d280bccad40538c523,0xf410f5824a53bdeedb76f7d280bccad40538c523,0,7,1790652720,0,0,0,0,1793155714,1793155714,alive,0
37,0,0,0,22832055,1790412542,0xa372af7cdc7e941d7282db43d98a5a52b3d4b67a,0xa372af7cdc7e941d7282db43d98a5a52b3d4b67a,0,6,1790711432,0,0,0,0,1793303432,1793303432,alive,0
38,0,0,0,22832148,1790412589,0x9fe1c07a4b2ee2842eee679ae719bb23ed341c18,0x9fe1c07a4b2ee2842eee679ae719bb23ed341c18,0,6,1790790011,0,0,0,100000,1793382011,1793382011,alive,0
39,0,0,0,22832349,1790412691,0x67c4b71569377c6624daf1d1f3460f1f13640085,0x67c4b71569377c6624daf1d1f3460f1f13640085,0,1,1790413083,0,0,0,0,1793026291,1793026291,alive,0
40,0,0,0,22832566,1790412801,0xca6f14b85541f79aff1e985e6d6373aa142ef93a,0xca6f14b85541f79aff1e985e6d6373aa142ef93a,0,3,1790513116,0,0,0,0,1793069601,1793069601,alive,0
41,0,0,0,22832625,1790412831,0xe5aac01d46d2aeb58a8ee19c457e2d0d023274f3,0xe5aac01d46d2aeb58a8ee19c457e2d0d023274f3,0,3,1790428190,0,0,0,0,1793069631,1793069631,alive,0
42,0,0,0,22833209,1790413128,0x1b25bd7ce0fb701d9aac3fd43fa221ac63e3fb3e,0x1b25bd7ce0fb701d9aac3fd43fa221ac63e3fb3e,0,18,1791268243,1790734333,1,0,9000,1793860243,1793860243,alive,0
43,0,0,0,22833253,1790413150,0x2f694c711225e97dc71e2a98c0a186ae3e1ad167,0x2f694c711225e97dc71e2a98c0a186ae3e1ad167,0,11,1791176429,0,0,0,0,1793768429,1793768429,alive,0
44,0,0,0,22833328,1790413188,0xf04ecec3cac1ad5e55e03cb5842b07be2c2249c9,0xf04ecec3cac1ad5e55e03cb5842b07be2c2249c9,0,73,1790718916,1790719159,0,0,0,1794538788,1794538788,alive,0
45,0,0,0,22833392,1790413220,0x5f30161457bc022e0280588a34de9aac6781a2c9,0x5f30161457bc022e0280588a34de9aac6781a2c9,0,1,1790414038,0,0,0,0,1793026820,1793026820,alive,0
46,0,0,0,22833588,1790413320,0xba7ec7d0f21b404e896e18b3edc3d9dd8502905f,0xba7ec7d0f21b404e896e18b3edc3d9dd8502905f,0,0,1790413320,0,0,0,0,1793005320,1793005320,alive,0
47,0,0,0,22834648,1790413857,0x9fe1c07a4b2ee2842eee679ae719bb23ed341c18,0x9fe1c07a4b2ee2842eee679ae719bb23ed341c18,0,5,1790790050,0,1,0,100000,1793528037,1793528037,alive,0
48,0,0,0,22834775,1790413922,0xfa6b24f09f51c49ab35ce49a40058b14eaad3869,0xfa6b24f09f51c49ab35ce49a40058b14eaad3869,0,5,1790414256,0,0,0,0,1793113922,1793113922,alive,0
49,0,0,0,22835056,1790414064,0x1172030084703efd41930caf656a3dd5e7f57c59,0x1172030084703efd41930caf656a3dd5e7f57c59,0,0,1790414064,0,0,0,0,1793006064,1793006064,alive,0
50,0,0,0,22835203,1790414139,0xc01dde207a84c71149cde8b3657c5535c208aa20,0xc01dde207a84c71149cde8b3657c5535c208aa20,0,6,1790452547,0,0,0,0,1793135739,1793135739,alive,0
51,0,0,0,22835229,1790414152,0xc01dde207a84c71149cde8b3657c5535c208aa20,0xc01dde207a84c71149cde8b3657c5535c208aa20,0,2,1790452685,0,0,0,0,1793049352,1793049352,alive,0
52,0,0,0,22835382,1790414230,0x346790c85882719d3806c1a7933dd7455a4f5b09,0x346790c85882719d3806c1a7933dd7455a4f5b09,0,6,1791177643,0,0,0,0,1793769643,1793769643,alive,0
53,0,0,0,22835386,1790414232,0xe0be2740456040536765022e7db612418e3de99e,0xe0be2740456040536765022e7db612418e3de99e,0,33,1790705121,1790705167,0,0,0,1793697432,1793697432,alive,0
54,0,0,0,22835414,1790414246,0xbd5764383846bbd5aabc92ab9c9c2f9bbfa15a55,0xbd5764383846bbd5aabc92ab9c9c2f9bbfa15a55,0,4,1790614304,0,0,0,0,1793092646,1793092646,alive,0
55,0,0,0,22835561,1790414320,0x2d631f41f6023db409f15e1ccc337e69f62a8a58,0x82b171ccadf43fc453b428b428693be638d62843,2,64,1791335056,1791281828,3,0,0,1794151120,1794151120,alive,0
56,0,0,0,22835596,1790414338,0xbd5764383846bbd5aabc92ab9c9c2f9bbfa15a55,0xbd5764383846bbd5aabc92ab9c9c2f9bbfa15a55,0,4,1790614316,0,0,0,0,1793092738,1793092738,alive,0
57,0,0,0,22835626,1790414353,0xdb67846763415453a214ab8a9f7c14a0c8c99bed,0xdb67846763415453a214ab8a9f7c14a0c8c99bed,0,7,1791177942,0,0,0,0,1793769942,1793769942,alive,0
58,0,0,0,22835642,1790414361,0x1172030084703efd41930caf656a3dd5e7f57c59,0x1172030084703efd41930caf656a3dd5e7f57c59,0,0,1790414361,0,0,0,0,1793006361,1793006361,alive,0
59,0,0,0,22835867,1790414475,0xf04ecec3cac1ad5e55e03cb5842b07be2c2249c9,0xf04ecec3cac1ad5e55e03cb5842b07be2c2249c9,0,14,1790719217,0,0,0,0,1793311217,1793311217,alive,0
60,0,0,0,22836074,1790414580,0xe0be2740456040536765022e7db612418e3de99e,0xe0be2740456040536765022e7db612418e3de99e,0,9,1790705282,0,0,0,0,1793297282,1793297282,alive,0
61,0,0,0,22836193,1790414641,0xe0be2740456040536765022e7db612418e3de99e,0xe0be2740456040536765022e7db612418e3de99e,0,16,1790705287,0,0,0,0,1793330641,1793330641,alive,0
62,0,0,0,22836367,1790414729,0xd6ed92a915f940db5d288b1724a4e45b20c4f027,0xd6ed92a915f940db5d288b1724a4e45b20c4f027,0,67,1790728822,0,0,0,0,1794410729,1794410729,alive,0
63,0,0,0,22836493,1790414793,0x62ff01f014f0da446e02a62392538f36a83a2659,0x62ff01f014f0da446e02a62392538f36a83a2659,0,20,1790915867,0,0,0,0,1793507867,1793507867,alive,0
64,0,0,0,22836571,1790414833,0x7a293aa02ef51e4e25394ffeeb5989ad4674cdd5,0x7a293aa02ef51e4e25394ffeeb5989ad4674cdd5,0,5,1790614544,0,0,0,0,1793114833,1793114833,alive,0
65,0,0,0,22836626,1790414861,0x94de35a17ab7c0f3ca734046306743dfce6bfa2b,0x94de35a17ab7c0f3ca734046306743dfce6bfa2b,0,3,1790525916,0,0,0,0,1793071661,1793071661,alive,0
66,0,0,0,22836660,1790414878,0x7a293aa02ef51e4e25394ffeeb5989ad4674cdd5,0x7a293aa02ef51e4e25394ffeeb5989ad4674cdd5,0,4,1790614576,0,0,0,0,1793093278,1793093278,alive,0
67,0,0,0,22836764,1790414930,0x7a293aa02ef51e4e25394ffeeb5989ad4674cdd5,0x7a293aa02ef51e4e25394ffeeb5989ad4674cdd5,0,4,1790614599,0,0,0,0,1793093330,1793093330,alive,0
68,0,0,0,22836785,1790414941,0x62ff01f014f0da446e02a62392538f36a83a2659,0x62ff01f014f0da446e02a62392538f36a83a2659,0,11,1790610750,0,0,0,0,1793244541,1793244541,alive,0
69,0,0,0,22836813,1790414956,0xf04ecec3cac1ad5e55e03cb5842b07be2c2249c9,0xf04ecec3cac1ad5e55e03cb5842b07be2c2249c9,0,15,1790719220,0,0,0,0,1793311220,1793311220,alive,0
70,0,0,0,22837041,1790415071,0x62ff01f014f0da446e02a62392538f36a83a2659,0x62ff01f014f0da446e02a62392538f36a83a2659,0,18,1790765855,0,0,0,0,1793374271,1793374271,alive,0
71,0,0,0,22837280,1790415192,0xd13699e25eb3550ec997be63686ca837e4d956ba,0xd13699e25eb3550ec997be63686ca837e4d956ba,0,4,1790614811,0,0,0,0,1793093592,1793093592,alive,0
72,0,0,0,22837353,1790415229,0xd13699e25eb3550ec997be63686ca837e4d956ba,0xd13699e25eb3550ec997be63686ca837e4d956ba,0,4,1790614827,0,0,0,0,1793093629,1793093629,alive,0
73,0,0,0,22837416,1790415261,0xd13699e25eb3550ec997be63686ca837e4d956ba,0xd13699e25eb3550ec997be63686ca837e4d956ba,0,4,1790614843,0,0,0,0,1793093661,1793093661,alive,0
74,0,0,0,22837549,1790415329,0x74107b9b65801d477d5a7980905beecd72b57a29,0x74107b9b65801d477d5a7980905beecd72b57a29,0,9,1791314202,1791314595,1,0,100000,1793906595,1793906595,alive,0
75,0,0,0,22837973,1790415544,0x22b033b7212cb9b8a8bce73dbad80ed77a229322,0x22b033b7212cb9b8a8bce73dbad80ed77a229322,0,1,1790724049,0,0,0,7000,1793316049,1793316049,alive,0
76,0,0,0,22837996,1790415555,0x3f62ae0c7ed24dcd2b52c1c224296519b02df00d,0x3f62ae0c7ed24dcd2b52c1c224296519b02df00d,0,96,1791337617,1790756375,1,0,7000,1794800355,1794800355,alive,0
77,0,0,0,22838173,1790415645,0x3f62ae0c7ed24dcd2b52c1c224296519b02df00d,0x3f62ae0c7ed24dcd2b52c1c224296519b02df00d,0,198,1791337640,1790797689,0,0,10000,1796960445,1796960445,alive,0
78,0,0,0,22838219,1790415668,0xd6ed92a915f940db5d288b1724a4e45b20c4f027,0xf24b122bdceb5d37157417ae2ef7832f076e4729,1,53,1790728894,0,0,0,0,1794109268,1794109268,alive,0
79,0,0,0,22838515,1790415818,0x3f62ae0c7ed24dcd2b52c1c224296519b02df00d,0x3f62ae0c7ed24dcd2b52c1c224296519b02df00d,0,61,1791337664,0,0,0,8000,1794001418,1794001418,alive,0
80,0,0,0,22838617,1790415870,0x0420e243d8ab4a22dadded1ead8cdcca14074d7c,0x0420e243d8ab4a22dadded1ead8cdcca14074d7c,0,8,1790608481,0,0,0,0,1793180670,1793180670,alive,0
81,0,0,0,22838676,1790415900,0xd6ed92a915f940db5d288b1724a4e45b20c4f027,0xd6ed92a915f940db5d288b1724a4e45b20c4f027,0,68,1790726402,0,0,0,0,1794455100,1794455100,alive,0
82,0,0,0,22838838,1790415982,0x0818404d4e07ff38c42d15cff5d2f22fc907977e,0x0818404d4e07ff38c42d15cff5d2f22fc907977e,0,2,1790473508,0,0,0,0,1793051182,1793051182,alive,0
83,0,0,0,22838990,1790416059,0x0420e243d8ab4a22dadded1ead8cdcca14074d7c,0x0420e243d8ab4a22dadded1ead8cdcca14074d7c,0,7,1790608321,0,0,0,0,1793159259,1793159259,alive,0
84,0,0,0,22839020,1790416074,0x45828555f1ccd93c76f7e1b19822e7294946415a,0x45828555f1ccd93c76f7e1b19822e7294946415a,0,4,1790564376,0,0,0,0,1793094474,1793094474,alive,0
85,0,0,0,22839084,1790416107,0xc9d6c183b4acafbdaf8c398adee039f17c86321d,0xc9d6c183b4acafbdaf8c398adee039f17c86321d,0,4,1790614980,0,0,0,0,1793094507,1793094507,alive,0
86,0,0,0,22839111,1790416121,0x0dd5ff179c68dd64fa712da08b550ec3a7d3bd73,0x0dd5ff179c68dd64fa712da08b550ec3a7d3bd73,0,54,1790728250,0,0,0,0,1794131321,1794131321,alive,0
87,0,0,0,22839141,1790416136,0xc9d6c183b4acafbdaf8c398adee039f17c86321d,0xc9d6c183b4acafbdaf8c398adee039f17c86321d,0,4,1790614996,0,0,0,0,1793094536,1793094536,alive,0
88,0,0,0,22839156,1790416143,0xa2e8a61f22e3b61c65e9b2b068012b47081bed7c,0xd47b82d470587f09fb76525e7e929242756e6aec,1,2,1791166638,0,0,1,0,1793758638,1793758638,alive,0
89,0,0,0,22839202,1790416167,0xc9d6c183b4acafbdaf8c398adee039f17c86321d,0xc9d6c183b4acafbdaf8c398adee039f17c86321d,0,4,1790615008,0,0,0,0,1793094567,1793094567,alive,0
90,0,0,0,22839237,1790416184,0x0dd5ff179c68dd64fa712da08b550ec3a7d3bd73,0x0dd5ff179c68dd64fa712da08b550ec3a7d3bd73,0,70,1790728284,0,0,0,0,1794476984,1794476984,alive,0
91,0,0,0,22839539,1790416338,0xafd6e6a4c331a0112ed9fbc306fba05b44d87020,0xafd6e6a4c331a0112ed9fbc306fba05b44d87020,0,4,1790615175,0,0,0,0,1793094738,1793094738,alive,0
92,0,0,0,22839566,1790416351,0x74107b9b65801d477d5a7980905beecd72b57a29,0x74107b9b65801d477d5a7980905beecd72b57a29,0,7,1791314595,1791314595,1,0,300,1793906595,1793906595,alive,0
93,0,0,0,22839620,1790416379,0xafd6e6a4c331a0112ed9fbc306fba05b44d87020,0xafd6e6a4c331a0112ed9fbc306fba05b44d87020,0,6,1790615219,0,0,0,0,1793137979,1793137979,alive,0
94,0,0,0,22839681,1790416410,0x8746cbcd1d09ea15b3625692f11fbb0e17b52029,0x8746cbcd1d09ea15b3625692f11fbb0e17b52029,0,10,1790608172,0,0,0,0,1793224410,1793224410,alive,0
95,0,0,0,22839776,1790416458,0x8746cbcd1d09ea15b3625692f11fbb0e17b52029,0x8746cbcd1d09ea15b3625692f11fbb0e17b52029,0,6,1790608117,0,0,0,0,1793138058,1793138058,alive,0
96,0,0,0,22839950,1790416546,0xafd6e6a4c331a0112ed9fbc306fba05b44d87020,0xafd6e6a4c331a0112ed9fbc306fba05b44d87020,0,4,1790615194,0,0,0,0,1793094946,1793094946,alive,0
97,0,0,0,22840040,1790416592,0x0818404d4e07ff38c42d15cff5d2f22fc907977e,0x0818404d4e07ff38c42d15cff5d2f22fc907977e,0,2,1790473524,0,0,0,0,1793051792,1793051792,alive,0
98,0,0,0,22840066,1790416605,0xa2e8a61f22e3b61c65e9b2b068012b47081bed7c,0xd47b82d470587f09fb76525e7e929242756e6aec,1,4,1791166608,1790739282,1,0,10000,1793758608,1793758608,alive,0
99,0,0,0,22840086,1790416615,0xcbc381d3f2139da5159cd9863d7e1d0111ccdd19,0xcbc381d3f2139da5159cd9863d7e1d0111ccdd19,0,5,1790615317,0,0,0,0,1793116615,1793116615,alive,0
100,0,0,0,22840179,1790416662,0xcbc381d3f2139da5159cd9863d7e1d0111ccdd19,0xcbc381d3f2139da5159cd9863d7e1d0111ccdd19,0,6,1790615341,0,0,0,0,1793138262,1793138262,alive,0
101,0,0,0,22840338,1790416743,0xcbc381d3f2139da5159cd9863d7e1d0111ccdd19,0xcbc381d3f2139da5159cd9863d7e1d0111ccdd19,0,5,1790615358,0,0,0,0,1793116743,1793116743,alive,0
102,0,0,0,22840705,1790416929,0x42a08b2a271f7305d0f6ef5e6c37f7ebb3d05c39,0x42a08b2a271f7305d0f6ef5e6c37f7ebb3d05c39,0,4,1790615464,0,0,0,0,1793095329,1793095329,alive,0
103,0,0,0,22840778,1790416966,0x42a08b2a271f7305d0f6ef5e6c37f7ebb3d05c39,0x42a08b2a271f7305d0f6ef5e6c37f7ebb3d05c39,0,4,1790615481,0,0,0,0,1793095366,1793095366,alive,0
104,0,0,0,22840781,1790416967,0x0420e243d8ab4a22dadded1ead8cdcca14074d7c,0x0420e243d8ab4a22dadded1ead8cdcca14074d7c,0,15,1790608338,0,0,0,0,1793332967,1793332967,alive,0
105,0,0,0,22840861,1790417008,0x42a08b2a271f7305d0f6ef5e6c37f7ebb3d05c39,0x42a08b2a271f7305d0f6ef5e6c37f7ebb3d05c39,0,4,1790615492,0,0,0,0,1793095408,1793095408,alive,0
106,0,0,0,22841124,1790417141,0x661d1d56530e9a07bb5d6058f32d431fecc9a7fa,0x661d1d56530e9a07bb5d6058f32d431fecc9a7fa,0,4,1790615590,0,0,0,0,1793095541,1793095541,alive,0
107,0,0,0,22841192,1790417176,0x661d1d56530e9a07bb5d6058f32d431fecc9a7fa,0x661d1d56530e9a07bb5d6058f32d431fecc9a7fa,0,4,1790615604,0,0,0,0,1793095576,1793095576,alive,0
108,0,0,0,22841262,1790417211,0x661d1d56530e9a07bb5d6058f32d431fecc9a7fa,0x661d1d56530e9a07bb5d6058f32d431fecc9a7fa,0,4,1790615619,0,0,0,0,1793095611,1793095611,alive,0
109,0,0,0,22841391,1790417277,0xb7c3e773bf48d10039faf6be963ab96853819742,0xb7c3e773bf48d10039faf6be963ab96853819742,0,4,1790616020,0,0,0,0,1793095677,1793095677,alive,0
110,0,0,0,22841447,1790417305,0xb7c3e773bf48d10039faf6be963ab96853819742,0xb7c3e773bf48d10039faf6be963ab96853819742,0,4,1790616033,0,0,0,0,1793095705,1793095705,alive,0
111,0,0,0,22841500,1790417332,0xb7c3e773bf48d10039faf6be963ab96853819742,0xb7c3e773bf48d10039faf6be963ab96853819742,0,5,1790616047,0,0,0,0,1793117332,1793117332,alive,0
112,0,0,0,22841957,1790417564,0xd9a63b1c97f1b186ea7e6fe60a985694e6bd5a74,0xd9a63b1c97f1b186ea7e6fe60a985694e6bd5a74,0,7,1790616568,0,0,0,0,1793160764,1793160764,alive,0
113,0,0,0,22842010,1790417591,0xd9a63b1c97f1b186ea7e6fe60a985694e6bd5a74,0xd9a63b1c97f1b186ea7e6fe60a985694e6bd5a74,0,4,1790616147,0,0,0,0,1793095991,1793095991,alive,0
114,0,0,0,22842084,1790417628,0xd9a63b1c97f1b186ea7e6fe60a985694e6bd5a74,0xd9a63b1c97f1b186ea7e6fe60a985694e6bd5a74,0,4,1790616160,0,0,0,0,1793096028,1793096028,alive,0
115,0,0,0,22843559,1790418376,0x46f440d3d4e6466034b2a5034fc501ac0a31bf29,0x46f440d3d4e6466034b2a5034fc501ac0a31bf29,0,12,1791088295,1790848375,1,0,7777,1793680295,1793680295,alive,0
116,0,0,0,22843706,1790418451,0xb39e79d3540fc34f516af70574b94d4ef8f885d2,0xb39e79d3540fc34f516af70574b94d4ef8f885d2,0,17,1790915149,0,0,0,0,1793507149,1793507149,alive,0
117,0,0,0,22844179,1790418691,0x22b033b7212cb9b8a8bce73dbad80ed77a229322,0x22b033b7212cb9b8a8bce73dbad80ed77a229322,0,3,1790721190,1790721190,2,0,8000,1793356524,1793356524,alive,0
118,0,0,0,22844272,1790418738,0xec56dc68b5091297a987c4b93195e6561629d501,0xec56dc68b5091297a987c4b93195e6561629d501,0,4,1790616889,0,0,0,0,1793097138,1793097138,alive,0
119,0,0,0,22844467,1790418837,0xec56dc68b5091297a987c4b93195e6561629d501,0xec56dc68b5091297a987c4b93195e6561629d501,0,4,1790616901,0,0,0,0,1793097237,1793097237,alive,0
120,0,0,0,22844507,1790418857,0xec56dc68b5091297a987c4b93195e6561629d501,0xec56dc68b5091297a987c4b93195e6561629d501,0,5,1790616912,0,0,0,0,1793118857,1793118857,alive,0
121,0,0,0,22845411,1790419315,0x32a1048431ee2db5868c4ade81da84b9f075ab05,0x32a1048431ee2db5868c4ade81da84b9f075ab05,0,3,1790561627,0,0,0,0,1793076115,1793076115,alive,0
122,0,0,0,22845558,1790419390,0x32a1048431ee2db5868c4ade81da84b9f075ab05,0x32a1048431ee2db5868c4ade81da84b9f075ab05,0,3,1790561636,0,0,0,0,1793076190,1793076190,alive,0
123,0,0,0,22845637,1790419430,0x32a1048431ee2db5868c4ade81da84b9f075ab05,0x32a1048431ee2db5868c4ade81da84b9f075ab05,0,3,1790561643,0,0,0,0,1793076230,1793076230,alive,0
124,0,0,0,22845764,1790419494,0x682e5537cce3e03a3020d896498786bb81c4a5e7,0x682e5537cce3e03a3020d896498786bb81c4a5e7,0,4,1790617252,0,0,0,0,1793097894,1793097894,alive,0
125,0,0,0,22845815,1790419520,0x682e5537cce3e03a3020d896498786bb81c4a5e7,0x682e5537cce3e03a3020d896498786bb81c4a5e7,0,4,1790617265,0,0,0,0,1793097920,1793097920,alive,0
126,0,0,0,22845891,1790419559,0x682e5537cce3e03a3020d896498786bb81c4a5e7,0x682e5537cce3e03a3020d896498786bb81c4a5e7,0,4,1790617279,0,0,0,0,1793097959,1793097959,alive,0
127,0,0,0,22846017,1790419623,0xa7c48ec145b032aa0fd76ebdae085bdb42173f19,0xa7c48ec145b032aa0fd76ebdae085bdb42173f19,0,4,1790617388,0,0,0,0,1793098023,1793098023,alive,0
128,0,0,0,22846091,1790419660,0xa7c48ec145b032aa0fd76ebdae085bdb42173f19,0xa7c48ec145b032aa0fd76ebdae085bdb42173f19,0,4,1790617407,0,0,0,0,1793098060,1793098060,alive,0
129,0,0,0,22846145,1790419687,0xa7c48ec145b032aa0fd76ebdae085bdb42173f19,0xa7c48ec145b032aa0fd76ebdae085bdb42173f19,0,4,1790617419,0,0,0,0,1793098087,1793098087,alive,0
130,0,0,0,22846523,1790419879,0x2f1e4cf291e6dbd9236679ecdd1de9c324fcb879,0x2f1e4cf291e6dbd9236679ecdd1de9c324fcb879,0,4,1790647763,0,0,0,0,1793098279,1793098279,alive,0
131,0,0,0,22846637,1790419937,0x2f1e4cf291e6dbd9236679ecdd1de9c324fcb879,0x2f1e4cf291e6dbd9236679ecdd1de9c324fcb879,0,4,1790647776,0,0,0,0,1793098337,1793098337,alive,0
132,0,0,0,22846706,1790419972,0x2f1e4cf291e6dbd9236679ecdd1de9c324fcb879,0x2f1e4cf291e6dbd9236679ecdd1de9c324fcb879,0,4,1790647788,0,0,0,0,1793098372,1793098372,alive,0
133,0,0,0,22846822,1790420031,0x49c7a4f1ae750cec95634648ce57e4ee53f64058,0x49c7a4f1ae750cec95634648ce57e4ee53f64058,0,3,1790561882,0,0,0,0,1793076831,1793076831,alive,0
134,0,0,0,22846885,1790420063,0x49c7a4f1ae750cec95634648ce57e4ee53f64058,0x49c7a4f1ae750cec95634648ce57e4ee53f64058,0,3,1790561890,0,0,0,0,1793076863,1793076863,alive,0
135,0,0,0,22846950,1790420096,0x49c7a4f1ae750cec95634648ce57e4ee53f64058,0x49c7a4f1ae750cec95634648ce57e4ee53f64058,0,3,1790561899,0,0,0,0,1793076896,1793076896,alive,0
136,0,0,0,22847042,1790420142,0x1a3a0e6f222e823cc8d0f39d87042f88ab763872,0x7fc2601003d9789f3c8b62c43c8cb6f4f72f59ce,1,2,1790473242,0,0,0,0,1793055342,1793055342,alive,0
137,0,0,0,22847352,1790420299,0x0139a84b829cef5f6f7b83a456d498a153155057,0x0139a84b829cef5f6f7b83a456d498a153155057,0,3,1790562113,0,0,0,0,1793077099,1793077099,alive,0
138,0,0,0,22847427,1790420337,0x0139a84b829cef5f6f7b83a456d498a153155057,0x0139a84b829cef5f6f7b83a456d498a153155057,0,3,1790562121,0,0,0,0,1793077137,1793077137,alive,0
139,0,0,0,22847523,1790420386,0x0139a84b829cef5f6f7b83a456d498a153155057,0x0139a84b829cef5f6f7b83a456d498a153155057,0,3,1790562130,0,0,0,0,1793077186,1793077186,alive,0
140,0,0,0,22848608,1790420936,0x7d7337fcdefe5771e3280f25c3ba670700e8560c,0x7d7337fcdefe5771e3280f25c3ba670700e8560c,0,14,1790522576,0,0,0,0,1793315336,1793315336,alive,0
141,0,0,0,22849460,1790421368,0x88c58b42f2783131d51a58af7f1a9b491089afeb,0x88c58b42f2783131d51a58af7f1a9b491089afeb,0,16,1791257051,1791257128,5,0,5000,1793849128,1793849128,alive,0
142,0,0,0,22849935,1790421609,0x22fdae531a69647a0ade9154093ac83769f9dc49,0x22fdae531a69647a0ade9154093ac83769f9dc49,0,9,1790919038,1790773621,1,0,3000,1793511038,1793511038,alive,0
143,0,0,0,22850553,1790421923,0xb2732bc83797a44d7368b04b95879f582723346f,0xb2732bc83797a44d7368b04b95879f582723346f,0,18,1790520761,0,0,0,0,1793402723,1793402723,alive,0
144,0,0,0,22851297,1790422300,0x3db88affb909228a6f134074bdfdeaee28dc207a,0x3db88affb909228a6f134074bdfdeaee28dc207a,0,3,1790689471,0,0,0,0,1793079100,1793079100,alive,0
145,0,0,0,22851765,1790422537,0x3db88affb909228a6f134074bdfdeaee28dc207a,0x3db88affb909228a6f134074bdfdeaee28dc207a,0,3,1790689487,0,0,0,0,1793079337,1793079337,alive,0
146,0,0,0,22852181,1790422749,0x3db88affb909228a6f134074bdfdeaee28dc207a,0x3db88affb909228a6f134074bdfdeaee28dc207a,0,3,1790689505,0,0,0,0,1793079549,1793079549,alive,0
147,0,0,0,22852657,1790422990,0xc3cd0c6505333261ab1d4679763483d9a0d9327d,0xc3cd0c6505333261ab1d4679763483d9a0d9327d,0,4,1790423530,0,0,0,0,1793101390,1793101390,alive,0
148,0,0,0,22853369,1790423351,0x9628149b8268f15adc99911e64a79cdea7fb71ab,0x9628149b8268f15adc99911e64a79cdea7fb71ab,0,5,1790580275,0,0,0,0,1793123351,1793123351,alive,0
149,0,0,0,22853517,1790423426,0x38c16e94e79383a5906449fc84477c1a7b19b613,0x38c16e94e79383a5906449fc84477c1a7b19b613,0,2,1790519407,0,0,0,0,1793058626,1793058626,alive,0
150,0,0,0,22853600,1790423468,0x9f2ebf1ba9206ef97428fdab7431a3f1d53f6dc9,0x9f2ebf1ba9206ef97428fdab7431a3f1d53f6dc9,0,8,1790561546,0,0,0,0,1793188268,1793188268,alive,0
151,0,0,0,22853631,1790423484,0x38c16e94e79383a5906449fc84477c1a7b19b613,0x38c16e94e79383a5906449fc84477c1a7b19b613,0,2,1790519435,0,0,0,0,1793058684,1793058684,alive,0
152,0,0,0,22853779,1790423559,0x38c16e94e79383a5906449fc84477c1a7b19b613,0x38c16e94e79383a5906449fc84477c1a7b19b613,0,2,1790519462,0,0,0,0,1793058759,1793058759,alive,0
153,0,0,0,22853937,1790423639,0x9f2ebf1ba9206ef97428fdab7431a3f1d53f6dc9,0x9f2ebf1ba9206ef97428fdab7431a3f1d53f6dc9,0,8,1790561595,0,0,0,0,1793188439,1793188439,alive,0
154,0,0,0,22854483,1790423916,0xc3cd0c6505333261ab1d4679763483d9a0d9327d,0xc3cd0c6505333261ab1d4679763483d9a0d9327d,0,0,1790423916,0,0,0,0,1793015916,1793015916,alive,0
155,0,0,0,22854572,1790423961,0xc3cd0c6505333261ab1d4679763483d9a0d9327d,0xc3cd0c6505333261ab1d4679763483d9a0d9327d,0,0,1790423961,0,0,0,0,1793015961,1793015961,alive,0
156,0,0,0,22855192,1790424275,0x574b60bc1a42becb1de3972751e9238c26c9cccf,0x574b60bc1a42becb1de3972751e9238c26c9cccf,0,19,1791212245,0,0,0,50000,1793804245,1793804245,alive,0
157,0,0,0,22855779,1790424573,0xbdc08bbec6b4f455cd2a94e000b0f205b7149444,0xbdc08bbec6b4f455cd2a94e000b0f205b7149444,0,4,1790439640,0,0,0,0,1793102973,1793102973,alive,0
158,0,0,0,22855882,1790424625,0x574b60bc1a42becb1de3972751e9238c26c9cccf,0x574b60bc1a42becb1de3972751e9238c26c9cccf,0,27,1791212256,0,0,0,95000,1793804256,1793804256,alive,0
159,0,0,0,22855936,1790424653,0x574b60bc1a42becb1de3972751e9238c26c9cccf,0x574b60bc1a42becb1de3972751e9238c26c9cccf,0,16,1791212267,0,0,0,25000,1793804267,1793804267,alive,0
160,0,0,0,22856978,1790425181,0x9fe572857e7c845215886792aba4be3b958afa59,0x9fe572857e7c845215886792aba4be3b958afa59,0,8,1790426719,0,0,0,0,1793189981,1793189981,alive,0
161,0,0,0,22858989,1790426201,0x7d7337fcdefe5771e3280f25c3ba670700e8560c,0xe79ca7d5c265c93be2b23e4e04ba9d8357622db7,1,17,1790745244,1790770938,1,0,0,1793362938,1793362938,alive,0
162,0,0,0,22859262,1790426340,0x4806aab45cd0ca6f114fbe7aab21419790e2927c,0x4806aab45cd0ca6f114fbe7aab21419790e2927c,0,0,1790426340,0,0,0,0,1793018340,1793018340,alive,0
163,0,0,0,22859352,1790426386,0x7d7337fcdefe5771e3280f25c3ba670700e8560c,0x7d7337fcdefe5771e3280f25c3ba670700e8560c,0,11,1790583084,0,0,0,0,1793255986,1793255986,alive,0
164,0,0,0,22859477,1790426449,0x2f694c711225e97dc71e2a98c0a186ae3e1ad167,0x2f694c711225e97dc71e2a98c0a186ae3e1ad167,0,7,1791176439,0,0,0,0,1793768439,1793768439,alive,0
165,0,0,0,22859547,1790426485,0xa5552389c0c7601030cb8d82b487150855478342,0xa5552389c0c7601030cb8d82b487150855478342,0,6,1790582399,0,0,0,0,1793148085,1793148085,alive,0
166,0,0,0,22859650,1790426537,0xbdc08bbec6b4f455cd2a94e000b0f205b7149444,0xbdc08bbec6b4f455cd2a94e000b0f205b7149444,0,0,1790426537,0,0,0,0,1793018537,1793018537,alive,0
167,0,0,0,22859677,1790426550,0x4e4036db402290a8333fc81f2690bec313baa18f,0x4e4036db402290a8333fc81f2690bec313baa18f,0,15,1790484067,0,0,0,0,1793342550,1793342550,alive,0
168,0,0,0,22859726,1790426575,0xbdc08bbec6b4f455cd2a94e000b0f205b7149444,0xbdc08bbec6b4f455cd2a94e000b0f205b7149444,0,0,1790426575,0,0,0,0,1793018575,1793018575,alive,0
169,0,0,0,22859910,1790426669,0x52c2947e6df632d9be6323f7fee666e95e4aa386,0x52c2947e6df632d9be6323f7fee666e95e4aa386,0,15,1791333366,0,0,0,0,1793925366,1793925366,alive,0
170,0,0,0,22860000,1790426714,0x52c2947e6df632d9be6323f7fee666e95e4aa386,0x52c2947e6df632d9be6323f7fee666e95e4aa386,0,12,1791333371,0,0,0,0,1793925371,1793925371,alive,0
171,0,0,0,22860029,1790426729,0x52c2947e6df632d9be6323f7fee666e95e4aa386,0x52c2947e6df632d9be6323f7fee666e95e4aa386,0,11,1791333376,0,0,0,0,1793925376,1793925376,alive,0
172,0,0,0,22860403,1790426919,0xed39205dd38074eea517a0e3dbd099b4e4a85af3,0xed39205dd38074eea517a0e3dbd099b4e4a85af3,0,12,1791286893,0,0,0,6999,1793878893,1793878893,alive,0
173,0,0,0,22861522,1790427486,0x1ffb740eabe3d5fde7052df1e82a1df6fac2633e,0x1ffb740eabe3d5fde7052df1e82a1df6fac2633e,0,5,1790719159,1790719159,0,0,69999,1793311159,1793311159,alive,0
174,0,0,0,22861705,1790427579,0x1ffb740eabe3d5fde7052df1e82a1df6fac2633e,0x1ffb740eabe3d5fde7052df1e82a1df6fac2633e,0,4,1790703540,0,0,0,10000,1793295540,1793295540,alive,0
175,0,0,0,22861797,1790427626,0x224e633c9632a51de2f6225a7620dc46b2d58b08,0x224e633c9632a51de2f6225a7620dc46b2d58b08,0,9,1791123188,1790733619,1,0,1444,1793715188,1793715188,alive,0
176,0,0,0,22862109,1790427784,0x1ffb740eabe3d5fde7052df1e82a1df6fac2633e,0x1ffb740eabe3d5fde7052df1e82a1df6fac2633e,0,7,1790878343,0,1,0,80000,1793470343,1793470343,alive,0
177,0,0,0,22862298,1790427880,0x224e633c9632a51de2f6225a7620dc46b2d58b08,0x224e633c9632a51de2f6225a7620dc46b2d58b08,0,8,1791257128,1791257128,3,0,1400,1793849128,1793849128,alive,0
178,0,0,0,22862768,1790428118,0x3103136150ed5dde8332551f0be87fcb7131a954,0x3103136150ed5dde8332551f0be87fcb7131a954,0,5,1790703806,0,0,0,10000,1793295806,1793295806,alive,0
179,0,0,0,22862814,1790428142,0x3103136150ed5dde8332551f0be87fcb7131a954,0x3103136150ed5dde8332551f0be87fcb7131a954,0,6,1790703809,0,0,0,10000,1793295809,1793295809,alive,0
180,0,0,0,22862860,1790428165,0x3103136150ed5dde8332551f0be87fcb7131a954,0x3103136150ed5dde8332551f0be87fcb7131a954,0,6,1790743552,1790743552,0,0,10000,1793335552,1793335552,alive,0
181,0,0,0,22863091,1790428282,0x224e633c9632a51de2f6225a7620dc46b2d58b08,0x224e633c9632a51de2f6225a7620dc46b2d58b08,0,8,1791261985,0,3,0,2666,1793853985,1793853985,alive,0
182,0,0,0,22863135,1790428305,0x549ae637381f77c13bb0e9308a0d8f56769f4dc4,0x549ae637381f77c13bb0e9308a0d8f56769f4dc4,0,9,1790731533,0,0,0,79999,1793323533,1793323533,alive,0
183,0,0,0,22863173,1790428324,0x549ae637381f77c13bb0e9308a0d8f56769f4dc4,0x549ae637381f77c13bb0e9308a0d8f56769f4dc4,0,9,1790704362,0,0,0,79999,1793296362,1793296362,alive,0
184,0,0,0,22863203,1790428339,0x549ae637381f77c13bb0e9308a0d8f56769f4dc4,0x549ae637381f77c13bb0e9308a0d8f56769f4dc4,0,5,1790704365,0,0,0,79999,1793296365,1793296365,alive,0
185,0,0,0,22863963,1790428724,0xed39205dd38074eea517a0e3dbd099b4e4a85af3,0xed39205dd38074eea517a0e3dbd099b4e4a85af3,0,17,1791298006,1791298006,2,0,8000,1793890006,1793890006,alive,0
186,0,0,0,22863975,1790428731,0x703ca793c3ce69082c70bea3a8fb71cc5bd05155,0x703ca793c3ce69082c70bea3a8fb71cc5bd05155,0,6,1790786460,1790786460,0,0,10000,1793378460,1793378460,alive,0
187,0,0,0,22864101,1790428794,0x65d3f783f7a9f2a30cf70a8b3f6789fe98779086,0x65d3f783f7a9f2a30cf70a8b3f6789fe98779086,0,159,1791337848,1790737210,2,0,5000,1796066394,1796066394,alive,0
188,0,0,0,22864199,1790428844,0x703ca793c3ce69082c70bea3a8fb71cc5bd05155,0x703ca793c3ce69082c70bea3a8fb71cc5bd05155,0,8,1791262160,1791262160,8,0,10000,1793854160,1793854160,alive,0
189,0,0,0,22864238,1790428864,0x703ca793c3ce69082c70bea3a8fb71cc5bd05155,0x703ca793c3ce69082c70bea3a8fb71cc5bd05155,0,4,1790704308,0,0,0,10000,1793296308,1793296308,alive,0
190,0,0,0,22864315,1790428903,0x024bd508a0752afb7e927b7defe681b51dd42377,0x024bd508a0752afb7e927b7defe681b51dd42377,0,4,1790648035,0,0,0,0,1793107303,1793107303,alive,0
191,0,0,0,22864449,1790428971,0x024bd508a0752afb7e927b7defe681b51dd42377,0x024bd508a0752afb7e927b7defe681b51dd42377,0,4,1790648055,0,0,0,0,1793107371,1793107371,alive,0
192,0,0,0,22864559,1790429027,0x024bd508a0752afb7e927b7defe681b51dd42377,0x024bd508a0752afb7e927b7defe681b51dd42377,0,4,1790648074,0,0,0,0,1793107427,1793107427,alive,0
193,0,0,0,22864574,1790429035,0xbfdd7a87be2ad35e150fe97ec3e9459cf922296f,0xbfdd7a87be2ad35e150fe97ec3e9459cf922296f,0,4,1790704533,0,0,0,49999,1793296533,1793296533,alive,0
194,0,0,0,22864622,1790429059,0xbfdd7a87be2ad35e150fe97ec3e9459cf922296f,0xbfdd7a87be2ad35e150fe97ec3e9459cf922296f,0,4,1790704536,0,0,0,39999,1793296536,1793296536,alive,0
195,0,0,0,22864690,1790429093,0xbfdd7a87be2ad35e150fe97ec3e9459cf922296f,0xbfdd7a87be2ad35e150fe97ec3e9459cf922296f,0,5,1790704540,0,0,0,29999,1793296540,1793296540,alive,0
196,0,0,0,22865921,1790429718,0xac0e67aaaa15dc791153b64df4a9d121dce797e5,0xac0e67aaaa15dc791153b64df4a9d121dce797e5,0,27,1790743967,1790721190,3,0,5000,1793561718,1793561718,alive,0
197,0,0,0,22871381,1790432487,0xb39e79d3540fc34f516af70574b94d4ef8f885d2,0xb39e79d3540fc34f516af70574b94d4ef8f885d2,0,13,1790915161,0,0,0,0,1793507161,1793507161,alive,0
198,0,0,0,22871799,1790432700,0x9194331dc33cde506a635cb2bde30a88246cb9cf,0x9194331dc33cde506a635cb2bde30a88246cb9cf,0,92,1790726402,0,0,0,0,1794795900,1794795900,alive,0
199,0,0,0,22872394,1790433001,0x0b1ba22af3fb3ad6247ba5d4413b6649edd40819,0x0b1ba22af3fb3ad6247ba5d4413b6649edd40819,0,10,1791163262,0,2,0,5000,1793755262,1793755262,alive,0
200,0,0,0,22872703,1790433158,0x20f41835d1c6e437f28f054e2e0540b82740df25,0x20f41835d1c6e437f28f054e2e0540b82740df25,0,1,1790433215,0,0,0,0,1793046758,1793046758,alive,0
201,0,0,0,22872908,1790433262,0xaf88695762861f15b620b242c56d919f0d0ce612,0xaf88695762861f15b620b242c56d919f0d0ce612,0,6,1790726269,0,0,0,0,1793318269,1793318269,alive,0
202,0,0,0,22873375,1790433499,0x51ff767cdd5112be157b12b5b1c7713608fc2601,0x51ff767cdd5112be157b12b5b1c7713608fc2601,0,58,1790726180,0,0,0,0,1793932699,1793932699,alive,0
203,0,0,0,22873674,1790433650,0x5eee54755344c65af3e0a76d4e970cdc42984b67,0x5eee54755344c65af3e0a76d4e970cdc42984b67,0,2,1790519523,0,0,0,0,1793068850,1793068850,alive,0
204,0,0,0,22874015,1790433823,0x5eee54755344c65af3e0a76d4e970cdc42984b67,0x5eee54755344c65af3e0a76d4e970cdc42984b67,0,2,1790519567,0,0,0,0,1793069023,1793069023,alive,0
205,0,0,0,22874162,1790433898,0x5eee54755344c65af3e0a76d4e970cdc42984b67,0xe6a2d99f1150a8c95c0542360feafca509774bc8,1,2,1790519598,0,0,0,0,1793069098,1793069098,alive,0
206,0,0,0,22875964,1790434812,0x9da747028d14fd5fc1ce0a2f91d77f5062c6ebb4,0x9da747028d14fd5fc1ce0a2f91d77f5062c6ebb4,0,1,1790579084,0,0,0,0,1793048412,1793048412,alive,0
207,0,0,0,22876687,1790435178,0x4fe840d7588f2a7cc776b24c74b710d80c68c887,0x4fe840d7588f2a7cc776b24c74b710d80c68c887,0,7,1790663297,0,0,0,0,1793178378,1793178378,alive,0
208,0,0,0,22876878,1790435275,0x019d9319cbefec30f672fe0f79acd709958ab271,0x019d9319cbefec30f672fe0f79acd709958ab271,0,10,1791249300,1791249300,1,0,1000,1793841300,1793841300,alive,0
209,0,0,0,22879699,1790436708,0x9194331dc33cde506a635cb2bde30a88246cb9cf,0x9194331dc33cde506a635cb2bde30a88246cb9cf,0,4,1790725755,0,0,0,0,1793317755,1793317755,alive,0
210,0,0,0,22879704,1790436711,0x51ff767cdd5112be157b12b5b1c7713608fc2601,0x51ff767cdd5112be157b12b5b1c7713608fc2601,0,17,1790726163,0,0,0,0,1793318163,1793318163,alive,0
211,0,0,0,22879748,1790436733,0xbcd76fa66f9edc46065f4f27fd634ca15a0b1c72,0xbcd76fa66f9edc46065f4f27fd634ca15a0b1c72,0,22,1791250528,1790784746,1,0,9000,1793842528,1793842528,alive,0
212,0,0,0,22880384,1790437056,0xbcd76fa66f9edc46065f4f27fd634ca15a0b1c72,0xbcd76fa66f9edc46065f4f27fd634ca15a0b1c72,0,33,1791250538,0,0,0,8888,1793842538,1793842538,alive,0
213,0,0,0,22881002,1790437370,0xccde496b83c644f779e5b6fcc0cc4a5c276fa5d4,0xccde496b83c644f779e5b6fcc0cc4a5c276fa5d4,0,12,1791258338,1791165726,2,0,0,1793850338,1793850338,alive,0
214,0,0,0,22881288,1790437515,0x0824026863b82d18cc258f1299d96c17bbde6d86,0x19d3d59152a80ed1a4e43e1021541225f1f99a56,1,4,1790616840,0,0,0,0,1793115915,1793115915,alive,0
215,0,0,0,22881442,1790437593,0x0824026863b82d18cc258f1299d96c17bbde6d86,0x979358182743d44831696146a36aecf1ebbe7325,1,21,1791336841,1791281828,2,0,333,1793928841,1793928841,alive,0
216,0,0,0,22882184,1790437970,0x08bf056c728966c8d6d3f2acb0ad4be521ed0631,0x08bf056c728966c8d6d3f2acb0ad4be521ed0631,0,11,1791296438,1790986008,0,0,19989,1793888438,1793888438,alive,0
217,0,0,0,22883192,1790438482,0xd14049678140b62b8d5ea1766357b0f3646eb936,0xd14049678140b62b8d5ea1766357b0f3646eb936,0,7,1791287507,0,0,1,0,1793879507,1793879507,alive,0
218,0,0,0,22883204,1790438488,0xb3aa0c5049d7e1c9abf88d612c10b8d792383464,0xb3aa0c5049d7e1c9abf88d612c10b8d792383464,0,13,1790653130,0,0,0,0,1793311288,1793311288,alive,0
219,0,0,0,22883646,1790438712,0x08bf056c728966c8d6d3f2acb0ad4be521ed0631,0x08bf056c728966c8d6d3f2acb0ad4be521ed0631,0,11,1791296466,1790902343,1,0,8000,1793888466,1793888466,alive,0
220,0,0,0,22885150,1790439476,0x939571499a81766380edd7040bb16a785b800855,0x939571499a81766380edd7040bb16a785b800855,0,12,1791023224,1790773621,2,0,4000,1793615224,1793615224,alive,0
221,0,0,0,22885768,1790439790,0x5134143ec5c04ad5b5dcd240e92f484cdf10fef8,0x5134143ec5c04ad5b5dcd240e92f484cdf10fef8,0,13,1790725776,0,0,0,0,1793317776,1793317776,alive,0
222,0,0,0,22885818,1790439815,0x5134143ec5c04ad5b5dcd240e92f484cdf10fef8,0x5134143ec5c04ad5b5dcd240e92f484cdf10fef8,0,13,1790725826,0,0,0,0,1793317826,1793317826,alive,0
223,0,0,0,22885898,1790439856,0x55371363937406861291a914a07e7e39f315812b,0x55371363937406861291a914a07e7e39f315812b,0,2,1790725687,0,0,0,0,1793317687,1793317687,alive,0
224,0,0,0,22886581,1790440203,0x871c8e4a223b9fdff258d117d106d990629c3d68,0x871c8e4a223b9fdff258d117d106d990629c3d68,0,2,1790725708,0,0,0,0,1793317708,1793317708,alive,0
225,0,0,0,22886582,1790440203,0xca455075041d8af4723892825b3e45e685ee1e0d,0xca455075041d8af4723892825b3e45e685ee1e0d,0,5,1790725708,0,0,0,0,1793317708,1793317708,alive,0
226,0,0,0,22887076,1790440454,0xc32df1d89911cb9a33f6032f63ca6ad21ca0e484,0xc32df1d89911cb9a33f6032f63ca6ad21ca0e484,0,2,1790725708,0,0,0,0,1793317708,1793317708,alive,0
227,0,0,0,22887184,1790440509,0xcf9ca4ebf3ed44342d01d6aa5bd48f61976d16a3,0xcf9ca4ebf3ed44342d01d6aa5bd48f61976d16a3,0,6,1791298407,1791298006,0,0,0,1793890407,1793890407,alive,0
228,0,0,0,22887445,1790440642,0xca455075041d8af4723892825b3e45e685ee1e0d,0xca455075041d8af4723892825b3e45e685ee1e0d,0,3,1790725725,0,0,0,0,1793317725,1793317725,alive,0
229,0,0,0,22887448,1790440643,0x871c8e4a223b9fdff258d117d106d990629c3d68,0x871c8e4a223b9fdff258d117d106d990629c3d68,0,3,1790725725,0,0,0,0,1793317725,1793317725,alive,0
230,0,0,0,22887465,1790440652,0xc32df1d89911cb9a33f6032f63ca6ad21ca0e484,0xc32df1d89911cb9a33f6032f63ca6ad21ca0e484,0,2,1790725725,0,0,0,0,1793317725,1793317725,alive,0
231,0,0,0,22889600,1790441736,0x246e4bf851155c76cd74a4e2961cd879431a7768,0x246e4bf851155c76cd74a4e2961cd879431a7768,0,3,1790648175,0,0,0,0,1793098536,1793098536,alive,0
232,0,0,0,22889662,1790441767,0x246e4bf851155c76cd74a4e2961cd879431a7768,0x246e4bf851155c76cd74a4e2961cd879431a7768,0,3,1790648190,0,0,0,0,1793098567,1793098567,alive,0
233,0,0,0,22889730,1790441802,0x246e4bf851155c76cd74a4e2961cd879431a7768,0x246e4bf851155c76cd74a4e2961cd879431a7768,0,3,1790648234,0,0,0,0,1793098602,1793098602,alive,0
234,0,0,0,22889832,1790441854,0xd6ccc5beaf637fe868e7534240689c660e15f3f4,0xd6ccc5beaf637fe868e7534240689c660e15f3f4,0,2,1790725688,0,0,0,0,1793317688,1793317688,alive,0
235,0,0,0,22889917,1790441897,0xaf88695762861f15b620b242c56d919f0d0ce612,0xaf88695762861f15b620b242c56d919f0d0ce612,0,4,1790726032,0,0,0,0,1793318032,1793318032,alive,0
236,0,0,0,22890080,1790441980,0xcf44c3a44b9c291a10fe416124f7077627dfe2c0,0xcf44c3a44b9c291a10fe416124f7077627dfe2c0,0,2,1790725688,0,0,0,0,1793317688,1793317688,alive,0
237,0,0,0,22890118,1790441999,0xc3a31bd2a7acd8965942fbfde816727e7dd50db1,0xc3a31bd2a7acd8965942fbfde816727e7dd50db1,0,2,1790725708,0,0,0,0,1793317708,1793317708,alive,0
238,0,0,0,22890426,1790442155,0xc048ef2d7fdd45522093c78b81f86e9cbb2d07a3,0xc048ef2d7fdd45522093c78b81f86e9cbb2d07a3,0,2,1790725688,0,0,0,0,1793317688,1793317688,alive,0
239,0,0,0,22890572,1790442230,0xa31dad50a74d45ef2bd052adba3d3ee326683b06,0xa31dad50a74d45ef2bd052adba3d3ee326683b06,0,2,1790725688,0,0,0,0,1793317688,1793317688,alive,0
240,0,0,0,22890726,1790442308,0x3aeb28b5341aabf1a52ec92e47afef89040c172a,0x3aeb28b5341aabf1a52ec92e47afef89040c172a,0,2,1790725688,0,0,0,0,1793317688,1793317688,alive,0
241,0,0,0,22890998,1790442446,0x34ee0241ab4d91c588bcd37948bec7769e0cae90,0x34ee0241ab4d91c588bcd37948bec7769e0cae90,0,3,1790648338,0,0,0,0,1793099246,1793099246,alive,0
242,0,0,0,22891057,1790442476,0x34ee0241ab4d91c588bcd37948bec7769e0cae90,0x34ee0241ab4d91c588bcd37948bec7769e0cae90,0,3,1790648356,0,0,0,0,1793099276,1793099276,alive,0
243,0,0,0,22891123,1790442509,0x34ee0241ab4d91c588bcd37948bec7769e0cae90,0x34ee0241ab4d91c588bcd37948bec7769e0cae90,0,3,1790648376,0,0,0,0,1793099309,1793099309,alive,0
244,0,0,0,22891871,1790442889,0x4663f73533083a058510fb48c75ca64cd885b262,0x4663f73533083a058510fb48c75ca64cd885b262,0,2,1790468058,0,0,0,0,1793078089,1793078089,alive,0
245,0,0,0,22892916,1790443420,0x4663f73533083a058510fb48c75ca64cd885b262,0x4663f73533083a058510fb48c75ca64cd885b262,0,3,1790670667,0,0,0,0,1793100220,1793100220,alive,0
246,0,0,0,22893053,1790443490,0x4663f73533083a058510fb48c75ca64cd885b262,0xe79ca7d5c265c93be2b23e4e04ba9d8357622db7,1,19,1790770938,1790770938,1,0,3000,1793362938,1793362938,alive,0
247,0,0,0,22893194,1790443561,0xc7f1dce49db860c865ce34e4eb65dbef625919ef,0xc7f1dce49db860c865ce34e4eb65dbef625919ef,0,15,1791261948,1790797689,1,0,8000,1793853948,1793853948,alive,0
248,0,0,0,22893698,1790443817,0x98397be2ed4d62c264135c6ed34d5104e7435cf3,0x98397be2ed4d62c264135c6ed34d5104e7435cf3,0,2,1790725688,0,0,0,0,1793317688,1793317688,alive,0
249,0,0,0,22893896,1790443918,0x2cfff5469410317b2aac1fff1d97f1b856a24d20,0x2cfff5469410317b2aac1fff1d97f1b856a24d20,0,2,1790468146,0,0,0,0,1793079118,1793079118,alive,0
250,0,0,0,22893982,1790443961,0x2cfff5469410317b2aac1fff1d97f1b856a24d20,0x2cfff5469410317b2aac1fff1d97f1b856a24d20,0,2,1790468160,0,0,0,0,1793079161,1793079161,alive,0
251,0,0,0,22894033,1790443987,0x18c50ec4262ec6c35912501330c7d349c7ad3f3a,0x18c50ec4262ec6c35912501330c7d349c7ad3f3a,0,2,1790725804,0,0,0,0,1793317804,1793317804,alive,0
252,0,0,0,22894052,1790443997,0x2cfff5469410317b2aac1fff1d97f1b856a24d20,0x2cfff5469410317b2aac1fff1d97f1b856a24d20,0,2,1790468170,0,0,0,0,1793079197,1793079197,alive,0
253,0,0,0,22894253,1790444099,0x155bae146eab03a495360e6a0da991be5e834c70,0x155bae146eab03a495360e6a0da991be5e834c70,0,2,1790726015,0,0,0,0,1793318015,1793318015,alive,0
254,0,0,0,22894592,1790444271,0x816d5d6ff78a59839fbf0105a5e7f9c01fbf4dd5,0x816d5d6ff78a59839fbf0105a5e7f9c01fbf4dd5,0,2,1790726014,0,0,0,0,1793318014,1793318014,alive,0
255,0,0,0,22894800,1790444377,0x47f1c3ad5f959aaead731be40c7b6c801b91a557,0x47f1c3ad5f959aaead731be40c7b6c801b91a557,0,2,1790726015,0,0,0,0,1793318015,1793318015,alive,0
256,0,0,0,22894817,1790444386,0x6c06284916fb43b4371591ff27e6d38f6b1ea1d5,0x6c06284916fb43b4371591ff27e6d38f6b1ea1d5,0,2,1790726015,0,0,0,0,1793318015,1793318015,alive,0
257,0,0,0,22895035,1790444496,0xb6e28a7dc63dd496b1591079505dd548de49bbab,0xb6e28a7dc63dd496b1591079505dd548de49bbab,0,2,1790726015,0,0,0,0,1793318015,1793318015,alive,0
258,0,0,0,22895308,1790444635,0x2bb3da4f8b5377bd915c637c3eeeeffcd20fd7d0,0x2bb3da4f8b5377bd915c637c3eeeeffcd20fd7d0,0,2,1790726015,0,0,0,0,1793318015,1793318015,alive,0
259,0,0,0,22895396,1790444680,0xbd1d06f6d75ed10fd4850e5776bea7e39d5da849,0xbd1d06f6d75ed10fd4850e5776bea7e39d5da849,0,2,1790726015,0,0,0,0,1793318015,1793318015,alive,0
260,0,0,0,22895618,1790444792,0x92bcd910d5bf7b403fb33192a943a854da4ad2ac,0x92bcd910d5bf7b403fb33192a943a854da4ad2ac,0,2,1790726025,0,0,0,0,1793318025,1793318025,alive,0
261,0,0,0,22895995,1790444984,0xbf60222892d983dabea288998ee4e5812e73e1be,0xbf60222892d983dabea288998ee4e5812e73e1be,0,1,1790445223,0,0,0,0,1793058584,1793058584,alive,0
262,0,0,0,22896823,1790445405,0xc3a31bd2a7acd8965942fbfde816727e7dd50db1,0xc3a31bd2a7acd8965942fbfde816727e7dd50db1,0,2,1790725725,0,0,0,0,1793317725,1793317725,alive,0
263,0,0,0,22897379,1790445687,0xf991ce4c19d613495b2689d0452e806c3b354f8c,0xf991ce4c19d613495b2689d0452e806c3b354f8c,0,4,1790534218,0,0,0,0,1793124087,1793124087,alive,0
264,0,0,0,22898305,1790446157,0xc7f1dce49db860c865ce34e4eb65dbef625919ef,0xc7f1dce49db860c865ce34e4eb65dbef625919ef,0,8,1790881292,1790701714,1,0,10000,1793473292,1793473292,alive,0
265,0,0,0,22900525,1790447285,0xd20d985fe8fba1f1e7a08095278e9c9a0565fb90,0xd20d985fe8fba1f1e7a08095278e9c9a0565fb90,0,13,1790725776,0,0,0,0,1793317776,1793317776,alive,0
266,0,0,0,22900559,1790447302,0xd20d985fe8fba1f1e7a08095278e9c9a0565fb90,0xd20d985fe8fba1f1e7a08095278e9c9a0565fb90,0,13,1790725826,0,0,0,0,1793317826,1793317826,alive,0
267,0,0,0,22900936,1790447493,0xeda47da1c7ae9f6f342784e2b3c0b41194375d17,0xeda47da1c7ae9f6f342784e2b3c0b41194375d17,0,14,1790725853,0,0,0,0,1793317853,1793317853,alive,0
268,0,0,0,22900976,1790447514,0xeda47da1c7ae9f6f342784e2b3c0b41194375d17,0xeda47da1c7ae9f6f342784e2b3c0b41194375d17,0,12,1790725827,0,0,0,0,1793317827,1793317827,alive,0
269,0,0,0,22901444,1790447751,0x02743dd55d73bbd61a1ffcfa8cf5e41896370c7c,0x02743dd55d73bbd61a1ffcfa8cf5e41896370c7c,0,12,1790725776,0,0,0,0,1793317776,1793317776,alive,0
270,0,0,0,22901515,1790447788,0x02743dd55d73bbd61a1ffcfa8cf5e41896370c7c,0x02743dd55d73bbd61a1ffcfa8cf5e41896370c7c,0,12,1790725827,0,0,0,0,1793317827,1793317827,alive,0
271,0,0,0,22901770,1790447917,0xd00226b73bab097e97c6df416dc031df7c4b5af1,0xd00226b73bab097e97c6df416dc031df7c4b5af1,0,14,1791286189,1791286236,3,0,8500,1793878236,1793878236,alive,0
272,0,0,0,22901954,1790448010,0xc47e53967ecc82ee69635a37a6c645d109c15981,0xc47e53967ecc82ee69635a37a6c645d109c15981,0,13,1790725776,0,0,0,0,1793317776,1793317776,alive,0
273,0,0,0,22902708,1790448393,0xdf019f6095d7be78358b9f96bd16f19fd1beedf1,0xdf019f6095d7be78358b9f96bd16f19fd1beedf1,0,15,1790725776,0,0,0,0,1793317776,1793317776,alive,0
274,0,0,0,22902853,1790448467,0xdf019f6095d7be78358b9f96bd16f19fd1beedf1,0xdf019f6095d7be78358b9f96bd16f19fd1beedf1,0,18,1790725827,0,0,0,0,1793317827,1793317827,alive,0
275,0,0,0,22903187,1790448637,0xc47e53967ecc82ee69635a37a6c645d109c15981,0xc47e53967ecc82ee69635a37a6c645d109c15981,0,13,1790725827,0,0,0,0,1793317827,1793317827,alive,0
276,0,0,0,22903438,1790448764,0xa372af7cdc7e941d7282db43d98a5a52b3d4b67a,0xa372af7cdc7e941d7282db43d98a5a52b3d4b67a,0,2,1790711447,0,0,0,0,1793303447,1793303447,alive,0
277,0,0,0,22903911,1790449004,0x23e84ec9d22e84e93534cb9a6030f77deb2a0310,0x23e84ec9d22e84e93534cb9a6030f77deb2a0310,0,13,1790725776,0,0,0,0,1793317776,1793317776,alive,0
278,0,0,0,22904014,1790449057,0x23e84ec9d22e84e93534cb9a6030f77deb2a0310,0x23e84ec9d22e84e93534cb9a6030f77deb2a0310,0,12,1790725827,0,0,0,0,1793317827,1793317827,alive,0
279,0,0,0,22904386,1790449246,0xea06384d2fca30fc2090ace269c6578a2f0269fc,0xea06384d2fca30fc2090ace269c6578a2f0269fc,0,13,1790725776,0,0,0,0,1793317776,1793317776,alive,0
280,0,0,0,22904417,1790449261,0xea06384d2fca30fc2090ace269c6578a2f0269fc,0xea06384d2fca30fc2090ace269c6578a2f0269fc,0,13,1790725826,0,0,0,0,1793317826,1793317826,alive,0
281,0,0,0,22904624,1790449366,0xa09daab5e090017fc53b09038ba55b0f1cf9ac36,0xa09daab5e090017fc53b09038ba55b0f1cf9ac36,0,7,1790528001,0,0,0,0,1793192566,1793192566,alive,0
282,0,0,0,22905198,1790449658,0x3d23e40495043a4c7509b2d179ee1ad9e3a3a30c,0x3d23e40495043a4c7509b2d179ee1ad9e3a3a30c,0,1,1790449701,0,0,0,0,1793063258,1793063258,alive,0
283,0,0,0,22911034,1790452622,0xc01dde207a84c71149cde8b3657c5535c208aa20,0xc01dde207a84c71149cde8b3657c5535c208aa20,0,1,1790452657,0,0,0,0,1793066222,1793066222,alive,0
284,0,0,0,22921471,1790457922,0x26542d0bc93a63c141a21956337f18773b237882,0x26542d0bc93a63c141a21956337f18773b237882,0,20,1791337995,1791198156,2,0,3333,1793929995,1793929995,alive,0
285,0,0,0,22933993,1790464282,0x27f48de5e0605da8b2a52ddfd06f6d273b804336,0x27f48de5e0605da8b2a52ddfd06f6d273b804336,0,66,1791333444,1791198156,4,0,900,1793925444,1793925444,alive,0
286,0,0,0,22934129,1790464351,0x65d3f783f7a9f2a30cf70a8b3f6789fe98779086,0x65d3f783f7a9f2a30cf70a8b3f6789fe98779086,0,59,1791337869,0,2,0,5000,1793985151,1793985151,alive,0
287,0,0,0,22934167,1790464370,0x65d3f783f7a9f2a30cf70a8b3f6789fe98779086,0x65d3f783f7a9f2a30cf70a8b3f6789fe98779086,0,58,1791337881,0,2,0,5000,1793985170,1793985170,alive,0
288,0,0,0,22934329,1790464453,0xaa3b48bac2fedc58a564904d27911392ca1f84ba,0xaa3b48bac2fedc58a564904d27911392ca1f84ba,0,3,1790743448,1790743552,0,0,0,1793335552,1793335552,alive,0
289,0,0,0,22934433,1790464505,0x54d1f1895026e84e4672d09c3e759a4fd847e497,0x54d1f1895026e84e4672d09c3e759a4fd847e497,0,4,1790918953,0,0,0,0,1793510953,1793510953,alive,0
290,0,0,0,22934589,1790464585,0xf574c75a9959c7c418b6474b6223c526ba42af3e,0xf574c75a9959c7c418b6474b6223c526ba42af3e,0,10,1790662194,0,0,0,0,1793272585,1793272585,alive,0
291,0,0,0,22934642,1790464612,0xf574c75a9959c7c418b6474b6223c526ba42af3e,0xf574c75a9959c7c418b6474b6223c526ba42af3e,0,7,1790662203,0,0,0,0,1793207812,1793207812,alive,0
292,0,0,0,22934700,1790464641,0xf574c75a9959c7c418b6474b6223c526ba42af3e,0xf574c75a9959c7c418b6474b6223c526ba42af3e,0,7,1790662221,0,0,0,0,1793207841,1793207841,alive,0
293,0,0,0,22935025,1790464806,0x9e366c1405f7951431dbdeb53dcd57db342f55c4,0x9e366c1405f7951431dbdeb53dcd57db342f55c4,2,6,1790761526,0,0,0,0,1793353526,1793353526,alive,0
294,0,0,0,22936521,1790465566,0xcd5504897ee44f57fc5d9f06a9cf1ca1d1eac578,0xcd5504897ee44f57fc5d9f06a9cf1ca1d1eac578,0,7,1791187668,1791249300,3,0,2000,1793841300,1793841300,alive,0
295,0,0,0,22937728,1790466179,0xec0408f9fb4c25a98e60b6e5715cd059b1fa172f,0xec0408f9fb4c25a98e60b6e5715cd059b1fa172f,0,8,1790723753,1790733619,1,0,8000,1793325619,1793325619,alive,0
296,0,0,0,22938915,1790466782,0x08bf056c728966c8d6d3f2acb0ad4be521ed0631,0x08bf056c728966c8d6d3f2acb0ad4be521ed0631,0,11,1791296480,0,0,0,8000,1793888480,1793888480,alive,0
297,0,0,0,22947856,1790471322,0xdb67846763415453a214ab8a9f7c14a0c8c99bed,0xdb67846763415453a214ab8a9f7c14a0c8c99bed,0,4,1791177953,0,0,0,0,1793769953,1793769953,alive,0
298,0,0,0,22948280,1790471537,0xbd081f1b95d62c9a30efab2bb862eea6dcd7450a,0xbd081f1b95d62c9a30efab2bb862eea6dcd7450a,0,8,1790851000,0,0,0,0,1793443000,1793443000,alive,0
299,0,0,0,22948938,1790471872,0xccde496b83c644f779e5b6fcc0cc4a5c276fa5d4,0xccde496b83c644f779e5b6fcc0cc4a5c276fa5d4,0,10,1791258341,0,0,0,0,1793850341,1793850341,alive,0
300,0,0,0,22950225,1790472525,0x1b1829e31d3f85210ea84c2b62f59faa47687c7e,0x1b1829e31d3f85210ea84c2b62f59faa47687c7e,0,9,1791212588,0,0,0,0,1793804588,1793804588,alive,0
301,0,0,0,22950330,1790472579,0x08b296a897b1c8a033066a34dfde80c66a825d7b,0x08b296a897b1c8a033066a34dfde80c66a825d7b,0,1,1790472656,0,0,0,0,1793086179,1793086179,alive,0
302,0,0,0,22950594,1790472713,0x08b296a897b1c8a033066a34dfde80c66a825d7b,0x08b296a897b1c8a033066a34dfde80c66a825d7b,0,1,1790474921,0,0,0,0,1793086313,1793086313,alive,0
303,0,0,0,22950936,1790472886,0xbfe2643c33dade319d1634215ab68b3c098ed3e7,0xbfe2643c33dade319d1634215ab68b3c098ed3e7,0,7,1790910357,0,0,0,0,1793502357,1793502357,alive,0
304,0,0,0,22952247,1790473552,0x8d97497483204a504670cdc5e1b3ff8868888888,0x8d97497483204a504670cdc5e1b3ff8868888888,0,1,1790473585,0,0,0,0,1793087152,1793087152,alive,0
305,0,0,0,22952682,1790473773,0xa754afb7549fce6e666bfcd6d4a4064c7d732d0e,0xa754afb7549fce6e666bfcd6d4a4064c7d732d0e,0,33,1791286236,1791286236,5,0,6000,1793878236,1793878236,alive,0
306,0,0,0,22953324,1790474099,0xa754afb7549fce6e666bfcd6d4a4064c7d732d0e,0xa754afb7549fce6e666bfcd6d4a4064c7d732d0e,0,10,1790839828,1790737350,1,0,0,1793431828,1793431828,alive,0
307,0,0,0,22953656,1790474268,0xbfe2643c33dade319d1634215ab68b3c098ed3e7,0xbfe2643c33dade319d1634215ab68b3c098ed3e7,0,7,1790910376,0,0,0,0,1793502376,1793502376,alive,0
308,0,0,0,22953708,1790474294,0x9f2ebf1ba9206ef97428fdab7431a3f1d53f6dc9,0x9f2ebf1ba9206ef97428fdab7431a3f1d53f6dc9,0,3,1790561563,0,0,0,0,1793131094,1793131094,alive,0
309,0,0,0,22953837,1790474359,0x3a62262930534e493d7bf823608291f2544d0b01,0x3a62262930534e493d7bf823608291f2544d0b01,0,1,1790475004,0,0,0,0,1793087959,1793087959,alive,0
310,0,0,0,22953985,1790474435,0x14dcb3e1781743a32395bca8de7fe6f44fa7917a,0x14dcb3e1781743a32395bca8de7fe6f44fa7917a,0,1,1790474537,0,0,0,0,1793088035,1793088035,alive,0
311,0,0,0,22954103,1790474495,0x14dcb3e1781743a32395bca8de7fe6f44fa7917a,0x14dcb3e1781743a32395bca8de7fe6f44fa7917a,0,0,1790474495,0,0,0,0,1793066495,1793066495,alive,0
312,0,0,0,22954163,1790474525,0x3a62262930534e493d7bf823608291f2544d0b01,0x3a62262930534e493d7bf823608291f2544d0b01,0,1,1790480313,0,0,0,0,1793088125,1793088125,alive,0
313,0,0,0,22954268,1790474578,0x14dcb3e1781743a32395bca8de7fe6f44fa7917a,0x14dcb3e1781743a32395bca8de7fe6f44fa7917a,0,0,1790474578,0,0,0,0,1793066578,1793066578,alive,0
314,0,0,0,22954579,1790474736,0x8d97497483204a504670cdc5e1b3ff8868888888,0x8d97497483204a504670cdc5e1b3ff8868888888,0,1,1790474781,0,0,0,0,1793088336,1793088336,alive,0
315,0,0,0,22955295,1790475099,0xec0408f9fb4c25a98e60b6e5715cd059b1fa172f,0xec0408f9fb4c25a98e60b6e5715cd059b1fa172f,0,7,1790723788,0,0,0,8000,1793315788,1793315788,alive,0
316,0,0,0,22956033,1790475474,0xb371b7b19ed98486ab48695d8ca1b8d401979037,0xb371b7b19ed98486ab48695d8ca1b8d401979037,0,5,1790476970,0,0,0,0,1793175474,1793175474,alive,0
317,0,0,0,22956110,1790475513,0xa3fa3ab71f00afdcb295052989423eeb9db83926,0xa3fa3ab71f00afdcb295052989423eeb9db83926,0,0,1790475513,0,0,0,0,1793067513,1793067513,alive,0
318,0,0,0,22956198,1790475558,0xa3fa3ab71f00afdcb295052989423eeb9db83926,0xa3fa3ab71f00afdcb295052989423eeb9db83926,0,0,1790475558,0,0,0,0,1793067558,1793067558,alive,0
319,0,0,0,22956379,1790475650,0xf5122a7f966ef24b32eeaea1fa4f40bfb281e8d2,0xf5122a7f966ef24b32eeaea1fa4f40bfb281e8d2,0,2,1790476134,0,0,0,0,1793110850,1793110850,alive,0
320,0,0,0,22956391,1790475656,0xa754afb7549fce6e666bfcd6d4a4064c7d732d0e,0xa754afb7549fce6e666bfcd6d4a4064c7d732d0e,0,9,1790736843,1790737210,1,0,0,1793329210,1793329210,alive,0
321,0,0,0,22956458,1790475690,0xec0408f9fb4c25a98e60b6e5715cd059b1fa172f,0xec0408f9fb4c25a98e60b6e5715cd059b1fa172f,0,9,1791023266,1791023266,2,0,10000,1793615266,1793615266,alive,0
322,0,0,0,22956542,1790475732,0x2122e553875fe2d0e24eb0eb220ea7da258ddd5d,0x2122e553875fe2d0e24eb0eb220ea7da258ddd5d,0,143,1791212153,0,0,0,0,1796113332,1796113332,alive,0
323,0,0,0,22957152,1790476042,0xac0e67aaaa15dc791153b64df4a9d121dce797e5,0xac0e67aaaa15dc791153b64df4a9d121dce797e5,0,12,1790727831,1790727831,3,0,4000,1793849323,1793849323,alive,0
324,0,0,0,22960521,1790477753,0x1df89c0350e94575d0e20fd86c12e2a38e4c0ce1,0x1df89c0350e94575d0e20fd86c12e2a38e4c0ce1,0,13,1791309731,1791174711,1,0,8000,1793901731,1793901731,alive,0
325,0,0,0,22960686,1790477837,0x346790c85882719d3806c1a7933dd7455a4f5b09,0x346790c85882719d3806c1a7933dd7455a4f5b09,0,3,1791177704,0,0,0,0,1793769704,1793769704,alive,0
326,0,0,0,22960853,1790477922,0xdb67846763415453a214ab8a9f7c14a0c8c99bed,0xdb67846763415453a214ab8a9f7c14a0c8c99bed,0,3,1791177962,0,0,0,0,1793769962,1793769962,alive,0
327,0,0,0,22961411,1790478205,0x54012e1e43de8dd719a2deca0d6a254ee4db42b5,0x54012e1e43de8dd719a2deca0d6a254ee4db42b5,0,12,1790607299,0,0,0,0,1793329405,1793329405,alive,0
328,0,0,0,22961991,1790478500,0x0b1ba22af3fb3ad6247ba5d4413b6649edd40819,0x0b1ba22af3fb3ad6247ba5d4413b6649edd40819,0,21,1791163268,1790733995,2,0,5000,1793755268,1793755268,alive,0
329,0,0,0,22962255,1790478634,0x346790c85882719d3806c1a7933dd7455a4f5b09,0x346790c85882719d3806c1a7933dd7455a4f5b09,0,3,1791177742,0,0,0,0,1793769742,1793769742,alive,0
330,0,0,0,22962822,1790478922,0xe72d42810212c856636cd9d019e98cfe985535fd,0xe72d42810212c856636cd9d019e98cfe985535fd,0,2,1790585711,0,0,0,0,1793114122,1793114122,alive,0
331,0,0,0,22962950,1790478987,0x54012e1e43de8dd719a2deca0d6a254ee4db42b5,0x54012e1e43de8dd719a2deca0d6a254ee4db42b5,0,10,1790607456,0,0,0,0,1793286987,1793286987,alive,0
332,0,0,0,22964103,1790479572,0x7d0aa09db8d2018d8de6def866824d111444bf4b,0x7d0aa09db8d2018d8de6def866824d111444bf4b,0,5,1790726269,0,0,0,0,1793318269,1793318269,alive,0
333,0,0,0,22964932,1790479993,0x22b033b7212cb9b8a8bce73dbad80ed77a229322,0x22b033b7212cb9b8a8bce73dbad80ed77a229322,0,0,1790479993,0,0,0,7000,1793348966,1793348966,alive,0
334,1,247,324,23400763,1790701186,0x1df89c0350e94575d0e20fd86c12e2a38e4c0ce1,0x1df89c0350e94575d0e20fd86c12e2a38e4c0ce1,0,1,1790740019,0,0,0,0,1798477186,1794911003,alive,0
335,1,285,264,23401865,1790701744,0xc7f1dce49db860c865ce34e4eb65dbef625919ef,0xc7f1dce49db860c865ce34e4eb65dbef625919ef,0,2,1790797304,0,0,0,0,1798477744,1794939924,alive,0
336,1,11,285,23407512,1790704606,0x27f48de5e0605da8b2a52ddfd06f6d273b804336,0x27f48de5e0605da8b2a52ddfd06f6d273b804336,0,17,1791311491,0,0,0,0,1798480606,1795198449,alive,0
337,1,188,55,23436181,1790719154,0xac0e67aaaa15dc791153b64df4a9d121dce797e5,0xac0e67aaaa15dc791153b64df4a9d121dce797e5,0,2,1790743999,0,0,0,0,1798495154,1794921977,alive,0
338,1,117,196,23440233,1790721209,0xac0e67aaaa15dc791153b64df4a9d121dce797e5,0xac0e67aaaa15dc791153b64df4a9d121dce797e5,0,2,1790744020,0,0,0,0,1798497209,1794923015,alive,0
339,1,188,176,23443868,1790723054,0x574b60bc1a42becb1de3972751e9238c26c9cccf,0x574b60bc1a42becb1de3972751e9238c26c9cccf,0,8,1791212279,0,0,0,0,1798499054,1795158067,alive,0
340,1,323,115,23453910,1790728148,0x46f440d3d4e6466034b2a5034fc501ac0a31bf29,0x46f440d3d4e6466034b2a5034fc501ac0a31bf29,0,4,1791088301,0,0,0,0,1798504148,1795098625,alive,0
341,1,321,213,23457488,1790729962,0xccde496b83c644f779e5b6fcc0cc4a5c276fa5d4,0xccde496b83c644f779e5b6fcc0cc4a5c276fa5d4,0,5,1791258348,0,0,0,0,1798505962,1795184555,alive,0
342,1,328,141,23465500,1790734026,0x88c58b42f2783131d51a58af7f1a9b491089afeb,0x88c58b42f2783131d51a58af7f1a9b491089afeb,0,8,1791257206,0,0,0,0,1798510026,1795186016,alive,0
343,1,42,30,23466201,1790734382,0xb39e79d3540fc34f516af70574b94d4ef8f885d2,0xb39e79d3540fc34f516af70574b94d4ef8f885d2,0,2,1790915174,0,0,0,0,1798510382,1795015178,alive,0
344,1,187,320,23471828,1790737236,0xa754afb7549fce6e666bfcd6d4a4064c7d732d0e,0xa754afb7549fce6e666bfcd6d4a4064c7d732d0e,0,1,1790737255,0,0,0,0,1798513236,1794927646,alive,0
345,1,305,306,23472093,1790737371,0xa754afb7549fce6e666bfcd6d4a4064c7d732d0e,0xa754afb7549fce6e666bfcd6d4a4064c7d732d0e,0,4,1791212237,0,0,0,0,1798513371,1795165204,alive,0
346,1,175,295,23474865,1790738777,0xec0408f9fb4c25a98e60b6e5715cd059b1fa172f,0xec0408f9fb4c25a98e60b6e5715cd059b1fa172f,0,1,1790738829,0,0,0,0,1798514777,1794929203,alive,0
347,1,177,6,23475339,1790739017,0x1a3a0e6f222e823cc8d0f39d87042f88ab763872,0x1a3a0e6f222e823cc8d0f39d87042f88ab763872,0,4,1791295334,0,0,0,0,1798515017,1795207576,alive,0
348,1,98,4,23475916,1790739310,0x1a3a0e6f222e823cc8d0f39d87042f88ab763872,0x1a3a0e6f222e823cc8d0f39d87042f88ab763872,0,4,1791295320,0,0,0,0,1798515310,1795207715,alive,0
349,1,187,199,23477744,1790740237,0x3f62ae0c7ed24dcd2b52c1c224296519b02df00d,0x3f62ae0c7ed24dcd2b52c1c224296519b02df00d,0,19,1791337688,0,0,0,0,1798516237,1795229363,alive,0
350,1,55,305,23478217,1790740477,0x3f62ae0c7ed24dcd2b52c1c224296519b02df00d,0x3f62ae0c7ed24dcd2b52c1c224296519b02df00d,0,20,1791337701,0,0,0,0,1798516477,1795229489,alive,0
351,1,55,188,23481915,1790742353,0x81b4bf458a73ea46fadd46ee8236e5f94c4eb8e0,0x81b4bf458a73ea46fadd46ee8236e5f94c4eb8e0,0,17,1791300490,0,0,0,0,1798518353,1795211822,alive,0
352,1,6,177,23499323,1790751184,0x1a838bc693fb8eb08861505564e2ceeb229702a4,0x1a838bc693fb8eb08861505564e2ceeb229702a4,0,1,1790751558,0,0,0,0,1798527184,1794941771,alive,0
353,1,196,287,23507326,1790755254,0x65d3f783f7a9f2a30cf70a8b3f6789fe98779086,0x65d3f783f7a9f2a30cf70a8b3f6789fe98779086,0,16,1791337900,0,0,0,0,1798531254,1795236977,alive,0
354,1,196,141,23507451,1790755317,0x65d3f783f7a9f2a30cf70a8b3f6789fe98779086,0x65d3f783f7a9f2a30cf70a8b3f6789fe98779086,0,18,1791337912,0,0,0,0,1798531317,1795237015,alive,0
355,1,328,323,23507555,1790755370,0x65d3f783f7a9f2a30cf70a8b3f6789fe98779086,0x65d3f783f7a9f2a30cf70a8b3f6789fe98779086,0,18,1791337936,0,0,0,0,1798531370,1795237053,alive,0
356,1,27,76,23509722,1790756470,0x3f62ae0c7ed24dcd2b52c1c224296519b02df00d,0x3f62ae0c7ed24dcd2b52c1c224296519b02df00d,0,17,1791337714,0,0,0,0,1798532470,1795237492,alive,0
357,1,286,199,23510382,1790756804,0x3f62ae0c7ed24dcd2b52c1c224296519b02df00d,0x3f62ae0c7ed24dcd2b52c1c224296519b02df00d,0,19,1791337740,0,0,0,0,1798532804,1795237672,alive,0
358,1,287,286,23510812,1790757023,0x3f62ae0c7ed24dcd2b52c1c224296519b02df00d,0x3f62ae0c7ed24dcd2b52c1c224296519b02df00d,0,20,1791337761,0,0,0,0,1798533023,1795237792,alive,0
359,1,15,181,23514748,1790759021,0x65d3f783f7a9f2a30cf70a8b3f6789fe98779086,0x65d3f783f7a9f2a30cf70a8b3f6789fe98779086,0,18,1791337951,0,0,0,0,1798535021,1795238886,alive,0
360,1,117,188,23525827,1790764642,0x81b4bf458a73ea46fadd46ee8236e5f94c4eb8e0,0x81b4bf458a73ea46fadd46ee8236e5f94c4eb8e0,0,12,1791300494,0,0,0,0,1798540642,1795222968,alive,0
361,1,246,161,23540202,1790771936,0xe79ca7d5c265c93be2b23e4e04ba9d8357622db7,0xe79ca7d5c265c93be2b23e4e04ba9d8357622db7,0,0,1790771936,0,0,0,0,1798547936,1794962336,alive,0
362,1,220,142,23543636,1790773679,0x22fdae531a69647a0ade9154093ac83769f9dc49,0x22fdae531a69647a0ade9154093ac83769f9dc49,0,1,1790773843,0,0,0,0,1798549679,1794964161,alive,0
363,1,211,271,23565527,1790784788,0xd00226b73bab097e97c6df416dc031df7c4b5af1,0xd00226b73bab097e97c6df416dc031df7c4b5af1,0,1,1790784851,0,0,0,0,1798560788,1794975220,alive,0
364,1,284,285,23589039,1790796728,0x27f48de5e0605da8b2a52ddfd06f6d273b804336,0x27f48de5e0605da8b2a52ddfd06f6d273b804336,0,17,1791311019,0,0,0,0,1798572728,1795244274,alive,0
365,1,15,215,23647600,1790826454,0x979358182743d44831696146a36aecf1ebbe7325,0x979358182743d44831696146a36aecf1ebbe7325,0,12,1791336796,0,0,0,0,1798602454,1795272025,alive,0
366,1,185,27,23702211,1790854163,0x81b4bf458a73ea46fadd46ee8236e5f94c4eb8e0,0x81b4bf458a73ea46fadd46ee8236e5f94c4eb8e0,0,8,1791300497,0,0,0,0,1798630163,1795267730,alive,0
367,1,188,6,23720196,1790863287,0x1a3a0e6f222e823cc8d0f39d87042f88ab763872,0x1a3a0e6f222e823cc8d0f39d87042f88ab763872,0,3,1791295308,0,0,0,0,1798639287,1795269698,alive,0
368,1,220,188,23780989,1790894134,0x939571499a81766380edd7040bb16a785b800855,0x939571499a81766380edd7040bb16a785b800855,0,2,1790971776,0,0,0,0,1798670134,1795123355,alive,0
369,1,305,219,23797355,1790902438,0x08bf056c728966c8d6d3f2acb0ad4be521ed0631,0x08bf056c728966c8d6d3f2acb0ad4be521ed0631,0,3,1791296498,0,0,0,0,1798678438,1795289868,alive,0
370,1,15,141,23817518,1790912669,0x88c58b42f2783131d51a58af7f1a9b491089afeb,0x88c58b42f2783131d51a58af7f1a9b491089afeb,0,6,1791257075,0,0,0,0,1798688669,1795275272,alive,0
371,1,294,47,23863864,1790936185,0x648468901b406e4fbb453e167ab0058195b2f8f9,0x648468901b406e4fbb453e167ab0058195b2f8f9,0,5,1790939697,0,0,0,0,1798712185,1795128341,alive,0
372,1,188,12,23904623,1790956865,0xc0e1ff5b6ec47f15aebfe859b8ab4a566fe61752,0xc0e1ff5b6ec47f15aebfe859b8ab4a566fe61752,0,3,1791297028,0,0,0,0,1798732865,1795317347,alive,0
373,1,284,305,23972010,1790991055,0x81b4bf458a73ea46fadd46ee8236e5f94c4eb8e0,0x81b4bf458a73ea46fadd46ee8236e5f94c4eb8e0,0,4,1791300502,0,0,0,0,1798767055,1795336179,alive,0
374,1,321,141,24036072,1791023556,0x88c58b42f2783131d51a58af7f1a9b491089afeb,0x88c58b42f2783131d51a58af7f1a9b491089afeb,0,2,1791257086,0,0,0,0,1798799556,1795330721,alive,0
375,1,285,181,24456032,1791236893,0xd8c92b3d755675727c38f102a4be7b939f0ab82d,0xd8c92b3d755675727c38f102a4be7b939f0ab82d,0,2,1791254125,0,0,0,0,1799012893,1795435909,alive,0
376,1,294,181,24459983,1791238897,0xd8c92b3d755675727c38f102a4be7b939f0ab82d,0xd8c92b3d755675727c38f102a4be7b939f0ab82d,0,3,1791255834,0,0,0,0,1799014897,1795437766,alive,0
377,1,208,294,24481450,1791249789,0xcd5504897ee44f57fc5d9f06a9cf1ca1d1eac578,0xcd5504897ee44f57fc5d9f06a9cf1ca1d1eac578,0,0,1791249789,0,0,0,0,1799025789,1795440189,alive,0
378,1,323,1,24496417,1791257384,0x88c58b42f2783131d51a58af7f1a9b491089afeb,0x88c58b42f2783131d51a58af7f1a9b491089afeb,0,1,1791257401,0,0,0,0,1799033384,1795447793,alive,0
379,1,177,141,24496519,1791257436,0x88c58b42f2783131d51a58af7f1a9b491089afeb,0x88c58b42f2783131d51a58af7f1a9b491089afeb,0,1,1791257451,0,0,0,0,1799033436,1795447844,alive,0
380,1,185,213,24498448,1791258414,0xccde496b83c644f779e5b6fcc0cc4a5c276fa5d4,0xccde496b83c644f779e5b6fcc0cc4a5c276fa5d4,0,1,1791258481,0,0,0,0,1799034414,1795448848,alive,0
381,1,188,31,24508091,1791263307,0xd8c92b3d755675727c38f102a4be7b939f0ab82d,0xd8c92b3d755675727c38f102a4be7b939f0ab82d,0,0,1791263307,0,0,0,0,1799039307,1795453707,alive,0
382,1,215,271,24553390,1791286290,0xd00226b73bab097e97c6df416dc031df7c4b5af1,0xd00226b73bab097e97c6df416dc031df7c4b5af1,0,0,1791286290,0,0,0,0,1799062290,1795476690,alive,0
383,1,305,271,24553448,1791286320,0xd00226b73bab097e97c6df416dc031df7c4b5af1,0xd00226b73bab097e97c6df416dc031df7c4b5af1,0,1,1791286342,0,0,0,0,1799062320,1795476731,alive,0
384,1,92,74,24609249,1791314632,0x74107b9b65801d477d5a7980905beecd72b57a29,0x74107b9b65801d477d5a7980905beecd72b57a29,0,1,1791314678,0,0,0,0,1799090632,1795505055,alive,0
